auction_id,bid_amount,time_left_minutes,user_id,is_fraud
1,323.68087297118694,919,16,0
1,327.68403633777325,1201,29,0
1,330.6589671977333,492,22,0
1,335.9752224513222,1347,15,0
1,337.22821540786146,745,29,0
1,339.5638206310568,118,9,0
1,344.5272404338281,657,3,0
1,348.04577062172723,525,91,0
1,347.8487443181599,1245,84,0
1,361.24900768762296,556,83,0
1,364.74266679153754,557,56,0
1,358.1390332752377,537,13,0
1,366.396624241396,678,35,0
1,362.83459189993596,955,83,0
1,382.1029724936923,629,19,0
1,380.0725126464167,1170,14,0
1,384.6148510094559,400,62,0
1,380.4603006139713,1431,66,0
1,390.6488615502938,316,35,0
1,396.63636147828976,1295,38,0
1,387.19526994772843,399,86,0
1,386.80597625080554,1129,1,0
1,388.71161804114536,506,18,0
1,393.39358165649884,1299,30,0
1,420.8380114002586,813,66,0
1,427.1461233698619,1280,3,0
1,405.4543716900123,505,93,0
1,400.232185118234,1373,80,0
1,439.9249161635903,1031,73,0
1,445.28243315808277,608,99,0
1,420.6828597297905,310,71,0
1,451.75329736416336,352,99,0
1,450.804045933471,859,17,0
1,457.24870699048216,385,44,0
1,419.90824711518263,1294,28,0
1,448.2351028234797,32,15,0
1,438.50743069635547,700,56,0
1,475.9014567350878,513,26,0
1,441.197523613581,683,16,0
1,447.85858569520576,1104,57,0
1,441.05316000546475,89,20,0
1,445.01020903881005,474,62,0
1,477.84815178627406,865,73,0
1,467.6071877377525,285,72,0
1,467.65444527115335,55,92,0
1,497.1939726521872,1153,58,0
1,479.1218835900107,1383,27,0
1,519.3672251650939,485,19,0
1,462.56117521121877,906,82,0
2,693.2931030577035,350,36,0
2,716.9465812959742,415,63,0
2,755.0370103947299,108,45,0
2,791.6970380959992,980,49,0
2,825.7116108556188,1014,10,0
2,836.0802095374288,978,2,0
2,839.3567359978975,1309,16,1
2,883.6518575969505,1069,37,0
2,933.327452600118,1421,51,0
2,982.7066699798422,365,57,0
2,1028.422949114044,1298,96,0
2,976.5637622969205,454,66,0
2,969.0665020139465,1313,55,0
2,1118.1752277709206,379,39,0
2,1115.8586074004045,1210,87,0
2,1056.302290611367,758,41,0
2,1168.7312995078942,489,21,0
2,1174.5308326386423,1247,55,1
2,1229.4405983944366,754,93,0
2,1183.090484384875,614,61,0
2,1222.5085875467366,1338,9,0
2,1390.7900993041967,419,29,0
2,1313.9785604012625,149,36,0
2,1466.6683204934552,1195,18,0
2,1308.0935546890628,250,10,0
3,671.4653821020194,734,3,0
3,690.3400350717436,678,13,0
3,720.6700243291929,632,85,0
3,723.2669648886114,250,93,1
3,767.6163863767573,1376,19,0
3,767.1370790285056,118,19,0
3,812.3529684394618,1235,60,0
3,848.2468387910859,1054,84,0
3,823.2072753340805,623,27,0
3,837.4206597433783,942,56,0
3,876.9558046753214,303,29,0
3,938.9141473741729,94,21,0
3,911.2991598330473,978,2,0
3,972.8347026818058,1366,41,0
3,1025.1400732261166,967,11,0
3,928.0423478758604,315,85,0
3,997.3789398634665,736,22,0
3,962.9200149312446,427,55,0
3,1050.471944236192,908,88,0
3,1025.7088711861784,666,76,1
3,1024.5927588540746,549,53,0
3,1204.361848868447,814,99,0
3,1062.1188274170067,778,31,0
3,1124.030501523703,1068,49,0
3,1180.0026297505763,173,13,0
4,741.3324275677384,849,41,0
4,781.7326781722371,222,96,0
4,829.4123032536355,356,33,0
4,880.7916677488587,199,53,0
4,929.2676507979938,352,68,0
4,900.2176303779413,717,61,0
4,948.7980812240148,807,93,0
4,1019.7914314071625,1094,22,0
4,996.2558905336053,650,38,0
4,1092.7268577630068,1042,15,0
4,1149.987082981717,902,57,0
4,1167.351653352606,520,30,0
4,1216.009124622417,625,31,0
4,1216.5383820113857,169,95,0
4,1379.4354030995034,223,73,0
4,1294.9520388432634,959,13,0
4,1483.5587643955334,153,37,0
4,1395.7188747519615,695,33,0
4,1530.2162464005278,629,6,0
4,1473.9159780638001,720,9,0
4,1455.5755952008635,847,54,0
4,1411.9416002223325,36,88,0
4,1551.682643000405,321,42,0
4,1564.3710546247405,1331,85,0
5,778.0464628549753,1428,35,0
5,806.3708395928462,419,67,0
5,833.6581616619467,317,76,0
5,865.1101654702064,1078,39,0
5,885.8772173467396,1228,78,0
5,912.6040591186314,806,41,0
5,982.1092310413032,1272,90,0
5,1033.5743646379972,470,52,1
5,1010.0904385367827,1091,97,0
5,1032.729005888854,316,77,0
5,1068.7840656560413,1115,92,0
5,1055.5694596410074,428,12,0
5,1177.1510204922838,1303,4,0
5,1201.8835934704384,208,90,0
5,1232.7691090895378,636,91,0
5,1275.1828247829922,959,88,0
5,1316.7915728385587,1001,18,0
5,1213.6147530731846,776,47,0
5,1369.7578632362079,9,62,0
5,1264.3422707438815,1374,60,0
5,1506.368822120768,870,64,0
5,1525.6833486261926,1334,81,0
5,1569.5002297767464,128,11,0
5,1585.0156076304577,1332,17,0
5,1556.1336744416953,566,3,1
5,1575.48999279808,267,97,0
5,1585.365293028664,692,98,0
5,1564.033732832643,797,16,1
5,1786.5939348796696,326,22,1
5,1544.5264326047068,343,48,0
5,1843.670804809339,913,62,0
5,1858.800053865757,385,6,0
5,1799.122602514365,792,99,0
5,1784.4801921152448,1125,68,0
5,1889.9416633852493,874,71,0
5,1744.642675155124,309,1,0
5,1856.389869771323,1407,21,0
6,335.0327919853726,1066,34,0
6,345.39819313993274,685,51,0
6,356.5393297898986,118,42,0
6,368.66493267794215,161,38,0
6,368.23197839382254,134,100,0
6,391.0932039321941,1362,8,0
6,391.3560301462206,271,19,0
6,397.4190470487828,1082,47,0
6,407.0437585946386,323,54,0
6,430.5994458639489,1413,48,0
6,423.797519858888,752,46,1
6,425.3158164075535,847,50,0
6,431.90744986808727,381,66,0
6,452.87884512026767,492,51,0
6,479.14738416397506,705,100,0
6,499.2922485378174,1159,92,0
6,477.2841533636545,127,92,0
6,472.0109177555661,1414,14,0
6,511.96728414307535,1029,92,0
6,495.8039733705429,840,99,0
6,558.8427954014065,278,84,0
7,586.0383262961689,220,36,0
7,630.8387595435446,1217,88,0
7,665.3565161794448,168,9,0
7,729.2702963883963,929,91,0
7,784.4430356264004,825,77,0
7,769.5618061072919,245,73,0
7,824.7141796281804,1080,9,0
7,848.0997319326702,397,51,0
7,992.6597465870643,287,10,0
7,1015.4083544846658,279,49,0
7,982.3338915255281,74,33,0
7,1015.8759254932676,824,64,0
7,1148.9609227530927,350,22,0
7,1078.4813355959218,121,13,0
7,1248.3205018824688,816,6,0
7,1210.1135338423621,1082,63,0
7,1374.422927689115,1252,90,0
7,1319.862723261857,1015,84,0
7,1388.0525670869451,278,3,0
7,1384.1314941782061,307,12,0
7,1403.3460888388927,1367,27,1
7,1531.3404890285713,395,100,0
7,1391.3364863042384,72,18,0
7,1621.7550427591118,897,96,0
7,1714.859742182105,1368,74,0
7,1617.4561241802721,878,13,0
8,784.7615378979416,564,65,0
8,852.4016077467757,50,78,0
8,911.1823473117572,463,49,0
8,1032.9128435064868,1079,22,0
8,1151.5779656896027,848,64,0
8,1133.8300114920507,460,38,0
8,1186.8361783438772,1196,20,0
8,1295.593632977367,1385,86,0
8,1390.3393724798364,587,51,0
8,1546.9853757206254,652,89,0
8,1485.66998406477,1041,46,0
8,1480.7191791427617,1290,33,1
8,1800.4435097282808,590,17,0
8,1740.804645736133,1386,91,0
8,1703.045315754889,535,22,0
8,1806.1925625773424,687,34,0
8,1938.8705742175812,639,91,0
8,1950.930031293849,839,31,0
9,63.39979446211826,1247,14,0
9,66.74554412859254,520,19,0
9,69.37789297844093,1015,91,0
9,72.4494974625187,786,100,0
9,73.99506931450672,952,84,0
9,77.12608801579407,83,28,0
9,79.914552142134,1158,23,0
9,83.77705823479033,1266,7,0
9,86.34441188885566,737,45,0
9,95.97068823442147,1180,52,0
9,95.74705155297178,1284,82,0
9,103.07529687451316,1330,28,0
9,105.83505938658715,316,60,1
9,102.11713616523211,1385,28,1
10,977.8936842024399,770,64,1
10,994.9550371476147,1371,72,0
10,1017.4597789125806,1144,69,0
10,1028.8929723365607,167,12,0
10,1061.364359004168,1317,44,0
10,1076.4040017709908,575,52,0
10,1082.2058006437135,370,85,0
10,1136.953982233882,997,86,0
10,1148.4115111287852,135,83,0
10,1176.23324483536,96,81,0
10,1145.0172672630551,768,1,0
10,1166.242824781654,725,98,0
10,1264.6530113261858,559,20,0
10,1243.1692834969915,1306,72,0
10,1224.6150911991695,532,47,1
10,1265.8155548011648,30,51,0
10,1323.7165028381157,1031,93,0
10,1352.7120313183025,376,83,0
10,1422.2243844241411,593,50,0
10,1438.2419531373282,1000,53,0
10,1444.0460378282446,126,99,0
10,1493.2696830770376,957,60,0
10,1512.1456581349871,91,44,0
10,1413.3556143895985,1010,77,0
10,1455.7892840206177,1047,70,0
10,1513.200825841653,361,10,1
10,1558.1997130620384,180,3,0
10,1618.131463672879,1173,32,0
10,1652.627573402537,1214,1,0
10,1493.8078643108797,977,31,0
10,1649.3353668740551,989,99,0
10,1547.4525798314908,1029,60,0
10,1658.7852817019539,334,92,0
10,1790.914640783401,513,21,0
11,215.41460704306695,368,92,0
11,225.42515573014597,1108,69,0
11,234.9184833270472,455,16,0
11,241.2848611864038,945,38,0
11,250.78603456292143,479,37,0
11,258.43729573579304,630,70,0
11,271.85515336567045,439,65,0
11,285.3608963242657,1106,44,0
11,277.52641908568927,1421,79,0
11,302.27591429343755,719,64,0
11,289.0934066611313,316,78,0
11,313.8096407439218,933,77,0
11,316.2841319975572,1288,95,1
11,347.9037091475841,1131,24,1
11,335.8246278535291,896,4,0
11,356.1342942325782,873,72,0
11,336.2732426851336,592,74,0
11,372.68612196352535,1034,43,0
12,971.9285585115293,1314,24,0
12,1028.1647119193437,328,54,0
12,1072.218124458169,902,63,1
12,1116.8932231476215,1389,44,0
12,1186.6884395207203,999,23,0
12,1304.32803424995,968,92,0
12,1276.2884406541696,599,77,0
12,1443.4738781891838,1173,68,0
12,1415.123275661702,601,73,0
12,1399.239168798719,1302,84,0
12,1586.9696158260908,249,56,0
12,1725.973285725507,751,62,0
12,1537.6263046896388,865,81,0
12,1857.176465715653,546,26,1
12,1727.785725532939,209,66,0
12,1883.7867844493637,587,6,0
12,1897.5802535668472,1426,61,0
12,1837.043596575846,842,11,0
12,1914.3007265250812,1162,43,0
12,2062.1181632175253,1197,32,0
12,2293.9624667394087,903,33,0
12,2143.9505779125584,545,58,0
12,2097.8239887763307,1258,48,0
12,2261.2086545597535,915,46,0
13,562.0837079627745,740,89,0
13,576.9106333088002,603,17,0
13,591.90297707726,495,92,0
13,606.7879614493934,69,88,0
13,633.3536804332923,1340,93,0
13,660.2792578580078,973,89,0
13,662.4639037408599,431,47,0
13,695.54238326728,990,32,0
13,675.7915397110668,503,94,0
13,699.1397320647244,311,46,0
13,706.7019316415307,1003,42,0
13,780.0123537396532,533,87,0
13,744.1178307645588,398,16,1
13,810.0737952612195,1103,58,0
13,831.5186207362871,44,94,0
13,801.2161938203823,1079,30,0
13,850.2992774258423,165,46,0
13,887.9814932746527,1192,72,0
13,806.1562668069902,879,39,0
13,913.9856063307147,672,31,0
13,961.5660935770265,56,56,0
13,973.7961989840392,915,78,0
13,925.3891874116292,1382,82,0
13,992.5559921190663,528,28,0
13,959.6656811616831,431,19,0
13,1002.913777009077,227,98,0
13,1017.2324902847176,609,7,0
13,964.3667814646952,443,58,1
13,942.0912872156899,429,85,0
13,1123.4439461061324,1431,83,1
13,1152.1134821572748,783,23,0
13,994.1352789681762,729,41,0
13,1020.1861205641723,835,73,0
13,1079.0977669281383,766,79,0
13,1228.2234744135258,691,1,0
13,1125.8696106517668,502,35,0
13,1256.712168582766,577,74,0
13,1079.1248241749745,523,3,0
13,1208.5385385142326,308,82,0
13,1220.675051070119,1117,44,0
13,1282.8551390557884,592,98,0
13,1382.44392396999,795,98,0
13,1274.311015576333,422,80,0
13,1194.1276045335446,103,17,0
13,1360.5183272310333,181,13,0
14,294.99284683584494,1270,100,0
14,306.2264571138419,1123,80,0
14,317.9404519463069,497,53,0
14,320.9729271765668,67,88,0
14,338.6851081028344,641,88,1
14,348.636506770146,124,93,0
14,369.8387632863306,846,17,0
14,355.4782616432432,905,70,0
14,391.7329803954865,369,42,0
14,401.55736771075016,1276,28,0
14,422.8996825228944,1136,64,0
14,427.4431012177863,314,57,0
14,406.3640611270917,990,83,0
14,461.0571973028357,731,88,0
14,474.4883456478708,555,98,0
14,424.76304335969144,936,93,0
14,466.90629041045304,1108,16,0
14,509.82425710487837,1330,43,0
14,519.2418841824006,965,80,1
14,469.4256172049377,285,99,0
14,510.9471414960731,1092,75,0
14,523.383390038441,524,92,0
14,508.4398618177089,1191,3,0
14,552.8051274561335,892,17,0
14,543.2306467256011,1289,94,0
14,535.2321556534415,205,85,0
14,591.841921249013,1021,14,0
14,566.2963895253606,856,5,0
14,642.3988075998153,1391,26,0
14,644.2391219533399,334,93,0
14,619.9074633563719,555,89,0
14,656.5623139534889,224,54,1
14,671.5049561435314,648,75,1
14,584.3839530877195,196,80,0
14,695.89267792688,1300,51,0
14,720.5913729668868,1224,55,0
14,612.485388062179,1189,92,0
14,764.8451744747796,1126,43,0
14,750.948954903279,662,79,0
14,742.3682970918815,21,17,0
14,747.0385176243337,131,29,0
14,686.0219635994306,80,63,0
14,709.9637342175218,1431,81,0
14,679.4268345574714,120,19,0
14,852.1007706673885,612,100,0
14,830.0768827184744,932,86,0
15,759.9699716718856,343,67,0
15,888.6713489912572,1257,62,0
15,968.017587605392,1199,83,0
15,1133.4520949193648,1220,95,0
15,1249.8908958921756,571,25,0
15,1225.73173530235,676,18,0
15,1348.0706286311556,461,35,0
15,1577.028939200516,540,84,0
15,1597.532754994099,978,78,0
15,1926.890775106184,305,2,0
15,1684.9327052847127,164,77,0
16,179.30731559834388,1392,23,0
16,185.91782540487546,551,14,0
16,191.58182972743086,892,24,0
16,195.03149802793868,1354,30,0
16,201.01740169817603,1134,84,0
16,216.88819237840204,520,8,0
16,213.52855551176438,1132,29,0
16,226.62981504436436,570,56,0
16,231.28341726572285,359,48,0
16,239.31068234523246,341,29,0
16,239.18387141324558,1410,100,0
16,250.86396881624074,1156,59,0
16,240.59066186424275,1081,1,0
16,261.83642112501093,71,79,0
16,264.4961632296766,70,66,0
16,268.045577479241,948,27,0
16,284.7541456765236,919,57,0
16,286.5300024588088,126,22,0
16,275.9085949159075,625,100,0
16,289.0369779325392,1362,93,0
16,308.5055655577294,1183,47,0
16,293.9088628290614,1320,89,0
16,324.8539238371642,1262,15,0
16,329.62521022818873,90,33,0
16,351.93910841401924,728,36,0
16,345.39368936251117,633,51,0
16,337.274080967446,520,60,0
16,331.3155388611833,528,63,0
17,932.332632301717,1062,5,0
17,1010.6734236216594,825,48,0
17,1132.4101712771294,1434,68,0
17,1149.6582475266796,497,59,0
17,1294.7022045516874,44,93,0
17,1351.6777543615221,884,54,0
17,1449.5046783601483,597,97,0
17,1580.226834857168,385,20,0
17,1620.673560629062,684,41,1
17,1789.1143089076509,871,50,0
17,1924.0033646936447,45,65,0
17,1950.6474989655208,245,63,0
18,366.6010813655399,1200,28,0
18,372.08919080581506,857,16,0
18,375.9979717069265,1070,31,0
18,380.62919240540486,1420,83,0
18,387.9686905318615,385,19,0
18,400.2802588707278,789,51,0
18,394.49497199613523,781,12,0
18,401.24762968375995,1146,19,0
18,408.49867315388616,91,46,0
18,413.1806175956148,24,90,0
18,433.15924556593365,1220,75,0
18,420.0765198805522,574,2,0
18,438.4077139956064,1138,39,0
18,433.58698387280634,404,84,0
18,445.4261932953366,686,79,0
18,441.28408882478317,964,33,0
18,463.6269535920179,430,36,0
18,457.7152498925291,240,80,0
18,471.9208137207524,1020,99,0
18,490.46759624815434,1328,91,0
18,480.9622982892203,1059,28,0
18,488.20772798617213,620,45,0
18,481.34538830952596,104,73,0
18,514.8874845028372,472,17,0
18,483.9860447235761,580,69,1
18,510.7943700915465,511,27,0
18,519.2619925937006,283,66,0
18,535.3450096639119,743,83,0
18,559.1114327696022,322,91,0
18,562.3767471470405,227,65,0
18,542.7818239947087,258,50,0
18,567.1149992945107,953,79,0
18,542.2311119600096,89,86,0
18,579.4363966747137,689,2,0
18,533.114764306036,457,86,0
19,101.71801041957475,403,28,0
19,108.17355417807593,434,44,0
19,115.86099258176081,1331,16,0
19,120.80919868757768,1330,6,0
19,122.25877129228277,988,23,0
19,129.54048325858153,722,90,0
19,135.67503570191298,241,76,0
19,152.81031008589605,766,89,0
19,149.52679624741225,458,8,0
19,148.75216890183682,796,100,0
19,169.0999596508471,548,62,0
19,178.60753127048318,146,59,0
19,188.82048341940651,200,99,0
19,177.5699264006157,234,23,0
19,191.21345713385705,807,90,0
19,201.33467076097702,1306,47,0
19,197.4156360891581,892,68,0
19,198.6550589352069,300,93,0
19,222.52796404619977,1069,90,0
19,214.26465174335868,47,25,0
19,238.78778304800488,300,55,0
19,254.58503607119417,1073,55,0
19,264.1032805583597,971,9,0
20,666.1761122379307,133,27,0
20,682.0881389873523,981,60,0
20,693.2021546203301,1308,97,0
20,713.4643915497967,1306,12,1
20,716.2407959143673,200,18,0
20,746.4536530617431,452,23,0
20,749.8525466772483,1189,59,0
20,777.6465165722724,1320,21,0
20,759.4153379544294,256,63,0
20,771.0629498898037,1220,49,1
20,781.8806637885754,144,31,0
20,811.5718259526041,835,66,0
20,828.7861499792086,418,100,0
20,877.425149176944,137,9,0
20,891.231593116273,1195,34,0
20,907.3032500073732,796,59,0
20,931.7357396950099,1395,34,0
20,904.8121265474517,257,51,0
20,946.9172552657722,272,53,0
20,900.2231604460508,1279,87,0
20,918.2261426136062,1075,25,0
20,921.1605644205456,1060,93,0
20,1026.972666408143,636,98,0
20,967.0924989641767,50,58,0
20,980.4050418166638,698,10,0
20,1027.7051721661983,46,62,0
20,1045.9310346142677,864,56,1
20,1074.8380666958296,785,25,0
20,1129.8933571012255,164,42,0
20,1035.9380945530893,1185,56,0
20,1110.9094189740613,981,37,0
20,1111.6845322383056,725,83,0
20,1142.6895700540902,1121,44,0
20,1171.307147911467,605,23,0
20,1097.576116109335,469,28,0
20,1083.5400443399928,588,50,0
20,1163.1070437104904,939,48,0
20,1142.4344890505345,1421,17,0
20,1269.935021082568,941,37,0
20,1302.4721003442048,911,98,0
20,1139.0154287648086,915,82,0
20,1216.4449010512471,223,44,0
20,1338.766346965171,1006,97,0
20,1238.8219541041321,420,45,0
20,1225.9539352935037,207,92,0
20,1235.2581958379005,969,23,0
20,1291.0574050386072,848,95,0
20,1322.1783355101034,2,9,0
21,354.2599942679993,1386,60,0
21,373.42423777794073,1428,34,0
21,382.2899129434134,1160,18,0
21,395.5388288347796,423,21,0
21,413.8557776448438,69,65,0
21,444.0325067335773,647,75,0
21,432.50467205267074,1160,48,0
21,462.5308602818552,1408,82,0
21,461.25293479293026,158,65,0
21,474.89456540177275,1170,53,0
21,502.2874390713696,1000,100,0
21,498.17749334049694,1020,77,0
21,573.2192292295573,1261,69,0
21,555.9092716289933,176,15,0
21,612.5453472520469,656,12,0
21,555.169523560807,428,91,0
21,566.6429864570525,747,96,0
21,634.8202997564056,423,71,0
21,606.0690826097007,615,11,0
21,606.4449915860663,410,10,0
21,666.1110881753036,974,95,0
21,661.0359703844753,1023,58,0
21,711.9580453185231,1130,3,0
21,708.2789358382156,1300,46,0
21,721.374029398134,407,62,0
21,718.6124134138897,480,55,0
21,749.3922905567763,979,97,0
21,845.653099307805,1247,87,0
21,784.774335499714,1439,72,0
21,765.7147960200655,1113,58,0
21,812.8361285062974,487,62,0
21,765.0710466533192,81,39,0
21,823.5157957102206,254,50,0
21,899.5735445709806,117,49,0
21,793.1334857173483,910,98,0
21,908.4613151483152,1274,15,0
21,1008.2070148685134,203,19,0
21,917.8005332230496,1388,50,1
21,994.6286657501282,455,67,0
21,966.2343202302102,947,83,1
21,1025.4678031867386,834,96,0
22,386.1479257058472,40,85,0
22,392.4712352580143,351,10,0
22,399.9290224234512,984,41,0
22,406.4956180465882,97,93,0
22,411.17206274835416,406,5,0
22,412.9617774974015,889,37,0
22,426.5621356630892,805,53,0
22,428.12766484577094,1175,72,0
22,431.73748529043,842,21,0
22,440.68980454284247,1160,32,0
22,444.6049971098139,919,35,0
22,444.4018173928626,1413,87,0
22,464.2190125157549,1046,65,0
22,460.9184335140478,1116,75,0
22,457.4940506655635,1074,66,0
22,488.6880107768043,277,89,0
22,468.7080145671231,714,6,0
22,490.8443297321013,883,46,0
22,492.6388626755256,334,4,0
22,479.84154705265865,190,98,0
22,507.5422734583107,1154,95,0
22,525.282742449313,1178,33,0
22,518.650065864405,408,92,0
22,530.2720334922944,123,43,0
22,538.213928462517,114,83,0
22,521.0768388596297,252,52,0
22,536.6039003749331,820,96,0
22,568.5172000197297,791,12,0
22,535.3058877948893,1324,44,0
22,535.2944792916478,730,73,0
22,570.0422446404307,824,73,0
22,570.5828256199475,1020,39,0
22,586.850966088811,1189,67,0
22,542.7762905402205,1362,57,0
22,611.7850496129628,945,23,0
22,587.5134568960493,116,61,0
22,624.266149424469,946,85,0
22,640.653887682462,1314,41,0
22,618.2777589581042,204,96,0
22,624.5731424185283,221,1,0
22,604.25802554467,1291,24,0
22,663.5771832771152,668,8,0
22,665.6347781686727,843,74,0
22,605.309088283767,360,8,0
22,655.0425029245359,1395,27,0
22,616.6397709745877,772,34,0
23,14.409728218733182,170,12,0
23,16.004561835688456,748,35,0
23,16.95262127545566,888,18,0
23,17.910603026579675,1068,22,1
23,20.69529270731939,6,43,0
23,19.994274132559166,1283,56,0
23,21.22659218215552,337,14,0
23,22.880905611286188,494,61,0
23,23.58642616240937,353,47,0
23,28.74332253855924,24,15,0
23,25.96219488444054,1041,76,0
23,27.74636517643748,254,83,0
23,30.66276796313661,1096,12,0
23,35.037601126448166,837,58,0
23,35.97233519061993,646,37,0
23,34.934448656250865,323,83,0
23,31.779875324865557,1036,35,0
24,486.1963949191735,533,23,0
24,502.09008965060144,557,38,0
24,517.6911511169191,511,27,0
24,526.81726725728,118,98,0
24,536.3531229736888,906,48,0
24,552.2672564944753,785,64,0
24,578.8118312187595,1138,77,0
24,602.8642876878548,377,58,0
24,591.9864436823146,1381,80,0
24,634.9561999329167,1311,17,0
24,649.7672664055401,590,44,0
24,617.9427284794048,32,18,0
24,682.7860042673503,434,17,1
24,689.9388947729158,308,40,0
24,699.0875051724391,539,100,0
24,696.2782017174414,1281,7,0
24,721.2859605666168,775,12,0
24,681.3957381614855,1058,34,0
24,762.1782286028813,1007,89,0
24,801.4334485543988,1095,43,0
24,795.887043699833,809,55,1
24,739.5472408724006,725,49,0
24,862.0611452859125,983,15,0
24,869.8970786654144,285,60,0
25,666.9885145991271,574,35,0
25,715.4043865702555,166,37,0
25,755.3844542946171,1028,13,0
25,774.4123582605787,439,36,0
25,822.8382790068898,817,3,0
25,925.5843763502658,237,12,0
25,957.1201751633273,1233,94,0
25,968.3275978032996,1366,79,0
25,1023.8989137208564,323,47,0
25,1019.3502283362807,1408,26,0
25,1032.7349921904733,344,1,0
25,1110.22779713856,328,93,0
25,1280.5899337359,928,42,0
25,1293.9408780985798,125,30,0
25,1355.9581976522893,250,19,0
25,1346.932736129414,686,32,0
25,1308.6918714794942,842,64,0
25,1418.201718354681,1154,35,0
25,1409.6825796693292,1269,58,0
25,1582.6945764541765,654,69,0
25,1552.535297773106,354,24,0
25,1544.4175104468873,1134,40,0
25,1810.8640220369543,258,82,1
25,1659.136370309735,292,64,0
26,313.73606479756853,655,59,0
26,325.4551115273516,1012,69,0
26,342.5834908397799,817,93,0
26,352.7611693687526,299,32,0
26,366.8687802764875,1228,98,0
26,376.31976926719045,709,8,0
26,400.12095680399835,551,56,0
26,393.3604386002569,993,74,0
26,414.1066115855648,395,80,0
26,436.44823005623675,111,42,0
26,471.3398481907572,602,91,0
26,468.8619254110779,778,77,0
26,459.9068550951537,218,76,0
26,477.02805849876756,1282,92,0
26,503.0410413790871,1253,44,0
26,477.8394856011157,726,86,0
26,549.6611430504678,427,21,0
26,515.274763380852,227,96,0
26,559.0596001941296,1190,53,0
26,535.3746153123279,1325,41,0
26,559.6614480662602,78,28,0
26,616.2066050012265,1437,11,0
26,557.1613105998144,611,98,0
26,606.0627324312727,383,17,0
26,661.263032236827,741,22,0
26,638.2051606403702,615,80,0
26,611.2736441897074,1167,34,0
26,693.282508973251,463,75,0
26,690.751084741325,1324,7,0
26,761.9752610664154,1077,38,0
26,713.4822442465704,548,37,0
26,662.458830849957,104,78,0
26,668.1671528038648,940,100,0
26,801.7002971525881,588,57,0
26,742.1693286727402,1114,38,0
27,901.1192279581859,804,10,0
27,995.3091381564561,716,92,0
27,1056.4774447800594,1083,19,0
27,1209.3344654760365,405,50,1
27,1224.625373316394,174,62,0
27,1353.0154077713046,1328,50,0
27,1370.434945572587,730,9,0
27,1540.5424745683026,802,8,0
27,1514.5506289984555,1107,49,0
27,1538.753676478532,294,61,1
27,1616.7423360216837,1399,22,0
27,1971.0902143849357,420,32,0
27,1961.1302410791,797,51,0
27,1940.888196283055,631,85,0
28,242.00100180626842,197,36,1
28,252.6713647693093,1123,67,0
28,265.9092385859316,188,61,1
28,278.2685136683364,172,5,0
28,282.4043040600118,830,7,0
28,295.4003536391647,1022,29,0
28,318.0429445203937,1097,55,0
28,314.00419890581145,94,84,0
28,351.53824154335456,789,6,0
28,334.65987745022784,852,1,0
28,369.5564942236064,1398,38,0
28,346.3505347906246,790,42,0
28,393.54931930537816,636,31,1
28,407.8962277097719,179,43,0
28,396.52983694105336,762,48,0
28,435.3710035936268,925,15,0
28,406.77331057470394,685,62,0
28,451.6947236519758,326,5,0
28,438.0425557558563,86,50,0
28,497.8897874632115,1093,96,0
28,464.86054796674574,298,48,0
28,536.1272386825161,1204,8,0
28,452.02552122485474,329,45,0
28,542.3810400244395,368,37,0
28,556.7013939802201,1146,93,0
28,477.1644486836468,1324,48,0
28,551.9038216830896,421,25,0
28,541.3322503216299,1311,45,0
28,632.2741567390678,485,69,0
28,626.2998526336684,184,86,0
28,622.8747588379315,7,58,0
28,615.5706466469015,991,89,1
28,578.2886107981259,836,51,0
29,217.2992349357513,781,65,0
29,228.35126879786864,917,21,0
29,238.2545674093709,339,14,0
29,247.20055453208377,1067,20,0
29,256.42639257034125,507,5,0
29,265.39911459049785,674,17,0
29,267.16846596908636,321,13,0
29,273.8626558593395,738,69,0
29,286.3737232348322,202,67,0
29,313.9630611556511,179,93,0
29,334.2375415969849,1067,79,0
29,315.52011260118167,105,84,0
29,352.6734124647145,820,47,0
29,364.65337231563745,1170,59,0
29,362.24698507781517,1187,8,0
29,371.58106964061415,1418,63,0
29,372.926979499509,119,88,0
29,353.7438199717028,627,57,0
29,414.33965125128816,314,20,0
29,428.14801824998347,1186,37,0
29,436.91806571312816,335,63,1
29,412.61934810771356,316,4,0
29,460.956225245117,741,37,0
29,461.8509755329373,360,97,0
29,406.2230698615847,1051,44,0
29,507.1450916267154,1386,42,0
29,459.89439876643877,562,85,0
29,457.1732870465671,1139,96,0
29,443.75834520097334,666,3,0
29,541.9074391117452,155,5,0
29,548.3130993684405,149,47,0
29,470.2872560496761,64,20,0
29,573.0341065373686,867,66,0
29,541.038871473749,734,67,0
29,583.0459762121573,690,14,0
29,494.41099644114524,516,80,0
29,516.1693574772443,502,77,0
29,613.6936454913435,73,53,0
30,726.8304514539611,399,57,0
30,745.1294823745177,1010,41,0
30,758.1657703031643,863,81,0
30,779.6490545599602,849,37,0
30,799.1465065062745,607,95,0
30,807.6741944357113,1352,18,0
30,822.2524246328999,751,24,0
30,838.5210368492212,1435,89,0
30,837.4994095514487,221,86,0
30,903.0478125005466,807,87,0
30,866.9568590107464,1326,75,0
30,877.8491950789161,213,75,0
30,934.3138447631677,391,31,0
30,971.0771337157096,964,5,1
30,918.5974522425595,318,7,0
30,974.8384855045531,1427,28,0
30,953.409845039268,824,3,0
30,994.9522506781802,1066,73,0
30,1045.1622807043489,308,55,0
30,1068.9893808242637,36,85,0
30,1025.574312841655,435,60,0
30,1031.5640909739004,1275,42,0
30,1034.980587118079,328,21,0
30,1054.9621264529076,756,34,0
30,1189.6499090593118,26,51,0
30,1209.2016569984348,374,35,0
30,1227.4866589555932,401,82,0
30,1123.7425710574842,1105,31,0
30,1246.8049392058583,1101,5,0
30,1218.3251473810406,1375,36,0
30,1154.9300581305474,231,48,0
30,1299.5925024615613,129,66,0
30,1193.109810058337,115,40,0
30,1260.633524442998,337,58,0
31,388.51394239897854,355,37,1
31,393.8674272368012,532,5,0
31,400.8886829395622,843,44,0
31,407.63993742605686,17,63,0
31,415.1637074030222,475,78,0
31,424.07506347585684,1067,93,0
31,419.62247985296887,517,14,0
31,427.8998359661389,84,75,0
31,438.56167117399144,361,64,0
31,441.81081499908964,328,47,0
31,463.1041669037359,770,28,0
31,454.69958202413534,778,99,0
31,462.4433172216537,397,58,0
31,460.4012815925236,13,31,0
31,480.7775834195314,585,61,0
31,484.9492155096218,113,47,0
31,470.0713845465739,845,99,0
31,499.3105983523667,444,58,0
31,502.3086805291197,357,10,0
31,518.2314276927709,771,57,0
31,537.5321752667567,860,23,0
31,498.9852137117714,998,53,0
31,550.836048339408,469,64,0
31,513.7156539783393,302,64,1
31,511.2768652070651,1362,51,0
31,518.053770105553,193,39,0
31,557.8430849036707,1239,9,0
31,536.6961690192733,1074,90,0
31,554.0609629001884,939,75,0
31,574.7070770202597,957,48,0
31,559.3435128546014,1029,2,0
31,614.5530512711155,1120,25,0
32,148.46058501203902,481,3,0
32,162.48062654417384,834,87,0
32,179.60463728683965,215,77,0
32,202.5156052741617,1274,92,0
32,214.5048616091077,157,65,0
32,233.9511976205143,241,17,0
32,259.774299074536,1031,96,0
32,256.3697161010846,964,31,0
32,263.65273448134644,765,59,0
32,310.5208393658689,583,64,0
32,303.5049000243397,714,27,0
32,334.14623219508644,941,46,0
33,965.9804787517825,1280,15,0
33,1039.4625959825446,445,10,0
33,1111.950368697166,775,21,0
33,1262.1377417571057,213,33,1
33,1257.4346100245652,1430,26,0
33,1394.491189650018,1179,96,0
33,1483.8634587834604,939,93,0
33,1449.953923513447,1209,24,0
33,1571.958619803058,87,80,0
33,1853.2626479499654,994,47,0
33,1749.6105507741968,38,75,0
33,2050.645127908876,258,53,0
33,2058.23782268411,703,20,0
33,2087.1101600248644,305,32,0
33,2270.451601710963,61,61,0
33,2409.126626789572,565,35,0
33,2217.0433602398175,80,83,0
33,2179.883969488673,192,24,0
33,2461.1886798246096,731,8,0
34,987.2165736550741,1303,57,0
34,1002.9131692672129,513,66,0
34,1021.2862595211643,75,62,0
34,1038.0626452597435,34,18,0
34,1047.30353944129,982,43,0
34,1071.3290046128404,155,79,0
34,1084.6031938024735,1362,38,0
34,1106.9904717884351,305,30,0
34,1086.7399099021425,592,11,0
34,1114.7891253533355,109,78,0
34,1149.0863495832116,568,7,0
34,1175.9178389889335,257,56,0
34,1177.8062680931273,1432,79,1
34,1160.7039067470505,638,19,0
34,1208.4051156265537,287,81,0
34,1229.1450584232903,1151,35,0
34,1192.319624095373,1220,46,0
34,1223.535675476002,1283,59,0
34,1248.2654820274472,438,12,0
34,1288.2088189941264,806,9,0
34,1320.3224816754896,122,81,0
34,1301.7926048019947,1058,26,0
34,1340.1702732573399,892,75,0
34,1273.1303335209773,360,69,0
34,1307.05113735956,64,37,0
34,1361.429316512235,786,2,0
34,1361.1249550158946,534,73,0
34,1335.3221537989064,864,72,0
34,1387.0239964373573,827,20,0
34,1457.6894270916628,1439,17,0
34,1491.2591373696314,379,82,0
34,1426.8903005926127,822,64,0
34,1493.4563627608013,314,30,0
34,1398.9918002593768,74,58,0
35,441.2245032325894,934,61,0
35,463.99399582082197,198,92,1
35,492.7988087902876,1269,96,0
35,517.0970145137245,220,3,0
35,537.6335390799431,472,37,0
35,565.0964086871513,1178,19,0
35,566.6835075597879,1110,90,0
35,589.0657573661418,952,92,0
35,636.4234388997637,179,50,0
35,618.2248920967644,1297,39,0
35,686.4228879566022,418,6,0
35,674.6037630574912,1252,88,0
35,712.4735180656988,543,62,0
35,772.7709120374166,234,93,0
35,789.5229346051012,1329,3,0
35,749.9695011403587,598,86,0
35,741.1256464895876,678,57,0
35,772.6827049145052,599,52,0
35,867.1373698625132,463,71,0
35,782.1171130687129,218,100,0
35,852.6090590899737,991,62,0
35,987.5021004921537,1216,63,0
35,937.9042310621669,1205,99,0
35,1009.2010091627079,496,6,0
35,993.0771770962417,1000,43,1
35,1051.4512252776954,1026,99,0
35,943.5133675733055,874,51,0
35,1075.2581568521623,174,85,0
35,1168.3678838474348,806,24,1
35,975.053402686432,627,73,0
36,812.2596406233072,145,87,0
36,1085.4320470601358,974,67,0
36,1195.0349134314172,414,15,0
36,1447.3134035402907,964,40,0
36,1546.8251204012645,516,74,0
36,2117.9659238771183,1417,43,1
37,217.37790837864347,108,46,0
37,223.46353372876385,1284,48,0
37,229.16649319711544,150,45,0
37,233.0490295985843,865,8,0
37,241.02064821663254,171,58,0
37,242.58086596605284,1041,14,0
37,244.33528324809876,722,34,0
37,254.34386450882656,562,23,0
37,254.38896495254158,956,44,0
37,257.6799656875023,1306,94,0
37,272.23289976719616,1243,3,0
37,281.3495379690839,1167,64,0
37,268.78562387953787,1112,50,0
37,271.96104096275667,1365,62,0
37,294.97184620470705,1362,82,0
37,297.7635696009932,539,3,0
37,284.83481300254147,1155,27,0
37,289.8968244101674,9,40,0
37,322.9443191943433,1364,89,0
37,305.19047122955465,381,55,0
37,329.1751670673613,876,43,0
37,321.8008435900529,1387,88,0
37,338.0163786527141,920,13,0
37,316.15010241722274,195,98,0
37,338.06677580292785,426,37,0
37,367.9227938350808,421,1,0
37,329.49687753559016,219,50,0
37,366.0172167381299,968,3,0
37,350.8142742609758,769,74,0
37,339.76377592979077,534,13,0
37,398.87569404192436,1039,67,0
37,362.17027728314747,566,10,0
37,401.64368287163444,780,100,0
37,411.7954809950793,460,100,0
37,378.0166001736402,232,96,1
37,403.4132990937189,63,86,0
37,371.3840057868875,946,53,0
37,394.27593793259416,72,24,0
37,403.82701904761717,34,92,0
37,386.1203915679695,54,96,0
37,445.007655496108,203,32,0
37,416.2595055706872,491,63,0
37,393.98028401946783,915,75,0
37,459.2432669905538,540,52,0
37,466.52543666091503,759,69,0
37,466.71326061997115,1034,14,0
37,457.1280848179051,68,84,0
37,498.78997682549857,1095,67,0
38,889.1914614507502,756,21,0
38,907.6575817654074,831,47,0
38,914.0276040522275,1206,22,0
38,933.1495448817681,1402,71,0
38,940.1371918378651,1185,33,0
38,953.8005646155639,1174,34,0
38,989.4691642128917,307,2,0
38,1005.4987860203757,486,33,0
38,1000.3874526207946,74,21,0
38,1038.283032123355,799,82,0
38,1063.8781567288295,176,70,0
38,1067.4070225105472,744,43,0
38,1108.3900679873307,1066,80,0
38,1122.075856474101,55,84,0
38,1142.6112069442352,1054,90,0
38,1155.6107300384992,19,96,0
38,1154.6633423753967,830,17,0
38,1113.9460391871612,276,77,0
38,1143.1956796815175,1310,76,0
38,1218.581919220645,893,12,0
38,1185.8429167482,911,99,0
38,1152.272998041807,292,62,0
38,1281.0989710206468,590,49,0
38,1262.929237815348,37,4,0
38,1210.328295018145,1220,6,0
38,1296.6158441166244,984,22,0
38,1311.8629539057913,530,68,0
38,1321.4590037410085,190,74,0
38,1323.569736570944,164,13,0
38,1316.655559765554,1301,82,0
38,1270.65864203202,466,24,0
38,1359.1513847218982,4,89,0
38,1448.513093145592,1324,79,0
38,1466.2340872626146,23,55,0
38,1422.1856374910062,871,25,0
38,1395.029621547082,1161,89,0
38,1506.1366955082462,1338,19,0
39,754.6327262170107,1435,97,0
39,785.5494414066662,85,31,0
39,822.469346590984,975,68,0
39,845.4554679249705,1106,64,0
39,896.9111117623019,1401,12,0
39,899.8885220467531,1104,89,1
39,981.0362496522293,712,80,0
39,963.4332199209115,150,96,0
39,1001.4599595048674,97,75,0
39,1027.9756638628062,311,57,0
39,1119.7379825861676,677,75,0
39,1102.8285257972695,300,56,0
39,1086.2125375184633,1292,31,0
39,1142.29503989629,17,63,0
39,1180.5322294215566,256,83,0
39,1195.7889606521976,1056,88,0
39,1306.5956351883774,47,85,0
39,1314.4664865396126,159,7,0
39,1322.70587863545,1069,23,0
39,1397.679770968859,290,42,0
39,1381.1265899376222,5,19,0
39,1394.217443961992,165,76,0
39,1389.4772230237522,1024,82,0
39,1597.3785178887356,769,36,1
39,1440.6696666531648,1124,80,0
40,932.9656329154544,1280,94,0
40,965.2330211271525,111,29,0
40,995.4847685523781,917,27,0
40,1064.41065670121,1206,66,0
40,1064.1416028564151,483,15,0
40,1107.510113842909,1153,51,0
40,1196.2776515701185,1120,75,0
40,1191.0996858843332,616,66,0
40,1285.5701999852326,1340,90,0
40,1202.6852084344278,1006,67,0
40,1327.0506612254962,247,3,0
40,1394.6889809218064,312,96,0
40,1324.7462175385072,1294,100,0
40,1483.6876264937787,1192,54,0
40,1400.2180855677593,861,80,0
40,1385.9796530301642,1342,82,0
40,1437.738915752215,1144,60,0
40,1668.0269612596924,308,20,0
40,1604.4042917010202,605,92,0
40,1649.3713414539632,714,43,0
40,1778.687804659689,1140,41,0
40,1695.431055810523,530,25,0
40,1796.1423826108748,1278,16,0
40,1716.5513234211626,305,8,0
40,1856.71569316159,1322,86,1
40,1697.2121504021911,1429,74,0
40,1834.5758515583016,1275,48,0
40,2114.6973698796437,273,89,0
40,2114.4147150897156,964,93,0
40,1993.282015303876,996,24,0
40,1910.6179815668568,937,48,0
40,2232.833200819108,103,42,0
40,2116.6614178725517,424,60,0
40,1975.4967480741693,356,22,0
40,2113.5303424965764,1013,18,0
40,2242.9635118043043,821,88,0
40,2503.7330814327056,311,69,0
40,2372.149665933181,435,72,0
40,2565.419311790635,361,2,0
40,2236.1502179514773,393,28,0
40,2208.93322031537,1356,71,0
40,2611.6739686782144,912,45,0
40,2260.2631203075593,888,18,0
40,2403.381451675518,1334,12,0
41,869.3779513446848,987,68,0
41,921.3809641478051,544,67,0
41,977.2467969403745,1359,29,0
41,1021.8359163812759,877,65,0
41,1044.9406107636476,886,100,0
41,1106.7495855965492,1013,14,0
41,1233.882430733347,375,66,0
41,1168.92795078899,277,36,1
41,1256.4477079277544,757,87,0
41,1417.838356590693,25,99,0
41,1467.5833957946666,838,77,0
41,1449.7948397054643,1045,11,0
41,1382.5946864382072,37,98,0
41,1560.2169911640317,1019,14,0
41,1632.571116865882,439,66,0
41,1627.2915699029597,281,58,0
41,1857.7381486375398,1233,79,0
41,1901.9867148552385,1351,73,0
41,1852.3744013927692,1252,75,0
41,1854.6468501915588,394,74,0
41,1820.339728986079,576,93,0
41,1998.6909067949662,498,30,0
41,1906.6832067692042,1234,87,0
41,1998.377878890814,871,47,0
42,340.3882544731206,834,56,0
42,358.30559098398936,909,76,0
42,392.5202647743953,1138,84,1
42,414.96439652274955,1199,5,0
42,430.30130811625673,697,21,0
42,442.54166565123825,485,2,0
42,449.92042472429046,1022,84,0
42,482.0015353815878,915,87,0
42,538.0559458890493,507,32,0
42,502.0550989487284,711,69,0
42,578.4643693334897,1292,18,0
42,606.075576088315,226,57,0
42,645.6649391231119,476,48,0
42,619.8507176284886,599,48,0
42,705.7285395110684,878,37,0
42,642.6103987448755,535,19,0
42,663.9571339061106,164,17,0
42,755.1040541449822,143,84,0
42,722.8172665651934,475,63,0
42,697.3000873206645,90,37,0
42,817.3472629022745,218,57,1
42,778.6711730606446,277,72,0
42,754.9752672214165,976,1,0
42,915.1818439401511,1093,17,0
42,890.0024592380955,83,31,0
42,930.0879434100049,1426,85,0
42,920.728045248178,256,74,1
43,167.99965631024583,404,48,0
43,189.8260944129168,1407,45,0
43,219.18396929642796,765,31,0
43,241.36486292406238,248,24,0
43,246.0126406155867,86,30,0
43,274.492527712041,405,90,0
43,297.96262037386003,1375,63,0
43,334.75061448545296,507,4,0
43,319.9743530962762,724,26,0
43,367.9226045724555,1415,17,0
44,200.15884647753703,120,77,0
44,206.83043368231213,1333,83,0
44,210.34797917741858,1025,36,0
44,214.97195716211934,693,98,0
44,224.9278747664805,307,90,0
44,233.67472517380494,1236,1,0
44,239.72791601471224,1059,19,0
44,238.71416340189413,1034,100,1
44,243.07909700565537,934,49,0
44,246.7315156130926,1047,96,0
44,267.9378586022752,185,3,0
44,258.83065614729185,476,64,1
44,264.6252938350622,802,89,0
44,280.912111196487,1031,98,1
44,281.46253393460245,83,87,0
44,292.15004142739394,399,31,0
44,284.28825987967525,1172,80,0
44,301.09104912287455,1307,3,0
44,320.5306962410945,1319,44,0
44,298.0258589095427,159,18,0
44,327.21893278061737,1207,62,0
44,311.09232594286857,1257,34,0
44,348.78898509834715,186,7,0
44,335.86108777955786,1081,43,0
44,353.1593453496699,1113,45,0
44,320.6282793584726,1275,21,0
44,370.12317386801703,129,39,0
44,376.42091393760944,1310,2,0
44,363.71311921358335,214,13,0
44,339.8841807974608,778,4,0
44,360.3291713906479,1272,60,0
44,410.478618307982,432,49,0
44,405.24632059168084,1052,35,0
44,410.23127581059407,1093,93,0
44,429.16735919850873,966,77,0
44,379.88579482550955,984,40,0
44,391.07541554321404,1328,16,0
44,434.2241489841425,561,5,0
44,392.1236556601753,1338,16,0
44,460.67617769010235,1154,21,0
44,429.6155927370024,838,22,0
44,460.01567064995766,41,64,0
44,417.0049316421869,620,17,0
44,421.7387052135564,83,71,0
44,420.3338758909681,571,26,0
44,495.920212398176,577,83,0
44,485.47058944071466,489,61,0
44,507.2628413581591,1326,75,0
45,281.07215509407513,243,34,0
45,287.348401308365,641,73,0
45,291.84784678108343,1140,56,0
45,297.5529859383287,1174,78,0
45,302.4771256117479,566,3,0
45,312.3736289096775,474,67,0
45,317.6853780096136,1051,24,0
45,313.3314355869908,477,63,0
45,328.33786465926926,209,55,0
45,332.44197829628285,755,31,1
45,331.9620914297927,1221,33,0
45,335.0658506458325,915,41,0
45,354.5644684337078,476,22,0
45,350.2407865071656,298,64,0
45,359.9645291298518,687,32,0
45,377.48161375941476,1430,34,0
45,385.83120782988595,1249,79,0
45,366.0863509999198,517,58,0
45,393.38047950221375,1137,97,0
45,368.76426338969,1018,71,0
45,399.8027841931111,411,95,0
45,375.5658139781109,1336,70,0
45,398.02849066938813,931,92,0
45,412.6892765413186,118,56,0
45,422.00209661751114,922,8,0
45,405.2529274544494,595,21,0
45,419.4794406819473,1371,39,0
45,456.90542963531254,984,69,0
45,440.09927098444643,377,99,0
45,414.6230215644468,1075,33,0
45,455.1908242137083,132,60,0
45,445.2079327904843,700,37,0
45,443.93219680532707,609,12,0
45,492.7071306284612,374,47,0
45,437.81158806540725,445,49,0
45,490.3264676163898,39,80,0
45,475.83245358723923,707,65,0
45,489.7435075858354,744,43,0
45,453.9747540916034,893,44,0
45,531.7777071820065,730,5,0
45,533.3813923434699,239,43,0
45,525.7140295304968,796,73,0
45,494.8113688654569,88,44,0
45,564.1919003963741,497,60,0
45,504.60613710552536,523,32,0
46,175.87302475961317,479,38,0
46,179.96052386913547,209,59,0
46,185.64281615455482,698,60,0
46,190.84247600964875,555,1,0
46,196.29364776510994,333,63,0
46,199.07833049228827,497,93,0
46,207.21719601329357,237,55,0
46,208.76837819237988,1213,89,0
46,213.31436762328025,355,47,0
46,212.45184011159648,110,84,0
46,228.4522472198328,211,91,0
46,231.9608857099845,1070,10,0
46,222.3140005206155,1143,86,0
46,232.87343653899586,30,54,0
46,243.09051713014895,70,61,0
46,240.8713036233787,1304,51,0
46,252.7985269978528,1209,33,0
46,243.40152674309928,755,6,0
46,265.4186580639635,1339,30,0
46,265.5829026796407,1438,57,0
46,265.14764455726845,426,64,0
46,277.59587598607027,242,87,0
46,282.3670246850437,1048,82,0
46,284.3916591199144,1147,20,0
47,397.9531610567756,627,8,0
47,407.5186267442569,99,32,0
47,411.5206375310768,768,85,0
47,421.1287247805697,1052,94,0
47,436.5734714264359,416,45,0
47,442.831359312872,1071,38,0
47,443.5701023371993,476,25,0
47,446.3805562229023,48,61,0
47,454.86754897894605,341,21,0
47,478.7082077092544,576,52,0
47,472.5994749417292,250,62,0
47,474.63691362708795,289,47,0
47,495.26726894224316,140,33,0
47,487.0502265837726,1103,38,1
47,497.34667309842547,563,80,1
47,505.7017770557849,1344,84,0
47,508.2753553285235,843,42,0
47,549.7520612148982,1344,18,0
47,571.5281425487591,1285,38,0
47,559.5363924532192,885,19,0
47,564.7427101051021,328,71,0
47,585.4156140792317,1242,32,0
47,578.1052807765334,850,77,0
47,559.6866641068269,1117,63,0
47,629.4841999540979,802,36,0
47,593.4281899418747,446,31,0
47,587.2009159229616,579,44,0
47,583.0636676016197,889,92,0
47,588.0475426824164,1440,89,0
47,660.3327016233533,111,63,0
47,652.5849305617942,1289,17,0
47,625.381238418525,264,88,0
47,658.6207034469955,910,19,0
47,676.8960027601311,634,15,0
48,213.64327751322574,629,79,0
48,221.8185520768228,1224,25,0
48,227.18958887548115,19,36,0
48,234.47897077630174,846,6,0
48,250.28619853364592,310,44,0
48,248.6209827423373,638,19,0
48,263.3388998218648,501,91,0
48,271.32193334524646,593,66,0
48,271.83327252378837,143,60,0
48,293.4959498959493,563,58,0
48,305.8697618210712,978,84,0
48,298.7308855604879,65,28,0
48,319.2299750599475,545,30,0
48,337.466682385101,606,75,0
48,327.9535531125681,512,28,0
48,341.2761202197177,910,55,0
48,358.0590858019377,936,29,0
48,372.32562175334056,290,93,0
48,344.3245001735738,46,89,0
48,366.08874885179625,692,95,1
48,395.03292334427096,863,55,0
48,385.41173058718243,68,50,0
48,368.3066631751176,898,3,0
48,412.5510925125329,1340,69,0
48,389.1457064856663,236,85,0
48,382.8975209141514,29,2,0
48,437.9664232792379,1254,42,0
48,419.7119165124671,1301,83,0
48,440.21413380004907,944,10,0
48,415.6278026815331,114,87,0
48,466.69959418732736,1151,81,0
48,499.3714999614598,1145,85,0
48,515.0971213959375,524,84,0
48,529.6783043698024,234,54,0
48,527.2843195593093,442,51,0
48,448.20133748229983,629,99,0
48,471.3054508349825,243,62,0
48,562.0600317363743,406,51,0
48,574.7113811260934,747,45,0
48,477.3141288912126,901,8,0
48,532.3919719368658,1422,76,0
49,538.3759198199817,1111,50,0
49,557.7167628727558,990,36,0
49,569.7276679893091,840,83,0
49,598.3727753277017,1163,42,0
49,596.3022787143407,66,62,0
49,629.6820410333139,70,25,0
49,639.1072833028069,1117,25,0
49,685.880278667783,1408,2,0
49,693.7110916971898,247,85,1
49,697.164691909112,170,53,0
49,691.7001134464766,561,71,0
49,708.9331324275278,23,19,0
49,778.735805552789,309,5,1
49,800.8488838139685,558,36,0
49,767.9216353053004,979,66,0
49,845.417641235525,1253,43,0
49,813.359565551361,332,51,0
49,806.7246462099904,1012,51,0
49,803.0934321216915,149,88,0
49,841.8170215473058,1111,21,0
49,888.4839693297256,324,58,0
49,969.5224776898584,3,59,1
49,905.8313869658892,91,50,0
49,965.1274191599273,175,2,0
49,1031.4809449591876,725,60,0
49,974.7752303816176,145,55,0
49,1012.2653708415055,92,68,0
49,1115.9912578540243,1150,50,0
49,1125.7172792240049,845,31,0
49,972.6911461692421,961,69,0
49,1140.696930558136,797,2,0
49,1012.2356254214534,698,36,0
49,1130.183179896831,863,92,0
49,1135.9749554527698,889,53,0
49,1036.1394348006193,877,79,0
49,1128.3913002839263,1183,67,0
49,1221.126742841773,1429,40,0
49,1190.0426762605807,1151,60,0
49,1145.7779678500342,756,49,0
49,1264.8203477346194,511,3,0
49,1235.9681881863546,867,52,0
49,1200.1476271567649,1385,32,0
49,1404.6498613384483,7,65,0
49,1369.8028045741498,745,63,1
49,1356.0267188766716,881,48,0
49,1299.9442446875553,1203,19,0
49,1396.4469292689798,799,27,1
50,413.9606208571921,344,99,0
50,430.68761367455573,1392,18,0
50,448.41627143771956,979,48,0
50,461.795809155047,1027,96,0
50,487.93226030840515,981,23,0
50,498.70571651311053,859,45,0
50,526.7258275987073,1158,9,0
50,538.8199856820501,179,14,0
50,539.9341633065296,179,93,0
50,544.4826847695196,1088,80,0
50,547.1752698220417,1315,76,0
50,610.7345943454525,1152,39,0
50,592.0748770646615,484,22,0
50,624.1271298858017,178,72,0
50,647.0884102569955,127,2,0
50,657.8974148884013,444,38,0
50,639.6619403832508,852,92,0
50,730.48438736972,1157,45,0
50,690.3119756312144,1207,65,0
50,688.7912916744074,1394,29,0
50,717.3603012236933,1035,70,0
50,731.24355664532,500,62,0
50,818.4750367205347,384,58,0
50,760.7257393143848,255,85,0
50,832.0755004642244,999,62,0
50,881.612764835587,796,50,0
50,904.2377822718566,125,78,0
50,782.0729830653438,1071,7,0
50,937.8670847930983,430,20,0
50,857.1046131298128,449,6,0
50,949.3565086775743,1239,5,0
50,970.038061363259,562,17,0
50,831.8996484211652,51,84,0
50,1053.401186347663,1182,69,0
50,883.3124478937707,1343,30,0
50,978.2585147312868,442,94,0
50,1022.2617926761968,371,88,0
50,962.4414769922101,730,87,0
50,965.0969794056655,304,16,1
50,1090.797705690848,684,46,1
50,1058.2885876234982,553,21,0
50,1143.1949933218423,564,4,0
50,1144.335999857962,832,73,0
50,994.8273469955187,607,73,0
51,610.6268257427316,1071,80,0
51,638.4244560060803,228,58,0
51,662.9738688006495,1004,68,0
51,677.6265674193376,1214,3,0
51,703.555073379172,642,56,0
51,739.5547598532175,365,72,0
51,731.7253435932092,117,69,0
51,771.6848665996268,845,35,0
51,788.103632401575,808,77,0
51,872.5555624840742,1207,91,0
51,851.9636951223608,227,82,0
51,892.1763927765687,43,49,0
51,939.0472803690412,226,8,0
51,915.0074542376085,367,50,0
51,910.5951757081657,1434,53,0
51,1022.9609501625965,350,26,0
51,995.4730905446497,653,34,0
51,1026.6241920439643,1212,17,0
51,1125.8150914358125,67,8,1
51,1149.285405904056,727,42,0
51,1173.7738507919237,1120,85,0
51,1096.4107475118044,1278,36,0
51,1087.4700646039096,151,47,0
52,324.2883292671067,218,43,0
52,348.09350019662526,735,67,0
52,372.01275967912864,584,28,0
52,399.0825577421043,607,19,0
52,435.47867405987654,643,27,0
52,495.9017292368709,1366,5,0
52,530.847478514349,162,36,0
52,535.4572991529857,890,69,0
52,530.1299580398719,64,15,0
52,573.9834951564909,500,80,0
52,625.0824146606349,128,46,0
52,639.2786678886199,1063,82,0
52,707.8443774312607,640,74,0
52,720.0559422389538,58,28,0
52,690.6937157017927,242,76,0
52,781.8566068703603,662,83,0
52,750.847081654452,795,56,0
52,870.0698385558737,803,42,0
52,919.5530197999776,281,52,0
52,891.0141825797912,1180,10,0
52,861.6216691277891,1238,77,0
53,310.1007391095357,368,80,0
53,408.6018249448797,1332,5,0
53,526.5109273589208,1091,62,0
53,642.8512361827538,1225,30,0
53,657.9971228454567,356,52,0
53,866.8676985139039,711,6,0
54,517.0612913779464,670,54,0
54,534.2625254188654,109,73,0
54,545.1340990924951,108,63,0
54,563.783605492366,660,17,0
54,585.0242036198986,420,44,0
54,585.0385701465774,652,30,0
54,605.6133604332058,255,63,0
54,628.3714039326999,358,93,0
54,624.1679483580865,1118,41,1
54,644.3561992717157,359,95,0
54,693.7570725749971,751,20,0
54,676.8386153307199,54,62,0
54,700.4904308999352,1182,46,1
54,731.0713259230855,304,28,0
54,736.2086687262724,1436,53,0
54,780.186639040828,248,76,0
54,721.0290172491473,1126,33,0
54,798.0600376490822,93,71,0
54,817.8825490736467,720,77,0
54,835.8474688805891,388,66,0
54,849.4849534026014,134,87,0
54,872.3968857781252,606,44,0
54,814.4845624188915,61,34,0
54,810.8144430483114,1265,50,0
54,839.9965891403422,826,89,0
54,987.4330827770569,859,18,0
54,1011.8296118565855,39,25,0
54,862.9157581216859,908,20,0
54,1036.725494877977,44,38,1
54,1064.0393209178894,321,11,0
54,1084.9218147520232,1440,63,0
54,1064.1085285743507,677,9,0
54,1047.603375580715,780,25,0
54,975.1967918608377,383,28,0
54,1083.2647391489668,609,79,0
54,1090.7484636649988,359,99,0
54,1073.2562178411936,1019,38,0
54,1123.7704905539194,1355,26,0
54,1003.7228774950836,526,80,0
54,1206.2027046000542,149,28,0
54,1171.372436985466,1373,5,0
54,1053.6339424715866,142,64,0
55,169.53679631490058,260,58,0
55,180.15035992564967,1281,64,0
55,187.0056071968681,999,79,0
55,200.21013873210887,754,12,0
55,206.377657934541,639,42,0
55,221.7183484412351,1061,43,1
55,229.06633724775585,717,83,0
55,222.10287468348872,501,70,0
55,251.9640673242679,486,53,0
55,267.90441881987323,1250,89,0
55,263.27929744939075,568,41,0
55,287.7806239013977,1102,81,0
55,262.8609318676892,998,88,0
55,279.82013436010516,1022,50,0
55,303.0258982743592,60,69,0
55,307.3030983815978,318,72,0
55,345.6047196458153,635,16,1
55,301.6711461401761,149,31,0
55,314.7419232374002,1235,78,0
55,357.6447996565639,485,99,0
55,387.06583056322677,311,42,0
55,375.2990724180429,764,58,1
55,372.6018519755502,1421,20,0
55,391.5693325609687,842,79,0
55,393.74534589495875,536,28,0
55,376.12306301179547,936,57,0
55,426.23188186856765,1181,48,0
56,73.66661432017449,31,61,0
56,77.26411520886845,1429,22,0
56,82.33696924043825,218,29,0
56,86.99983794730402,272,83,0
56,88.55873058569294,1426,37,0
56,93.49219608167428,812,19,0
56,102.0256086871594,197,14,0
56,101.293801985637,1236,43,0
56,104.46256084581145,1370,13,0
56,107.29692194644386,1355,47,0
56,112.20248098874515,529,79,0
56,118.24972874473006,799,59,0
56,118.05020938256027,183,14,0
56,133.62131484844247,678,71,0
56,123.03808701697338,897,76,0
56,141.72382677444196,1177,28,0
56,134.37721778220606,789,93,0
56,134.6889309427778,289,16,0
56,152.90702929752385,1239,90,0
56,155.17884272584556,447,56,0
56,164.0952653976941,277,72,0
56,145.53804727814725,984,16,0
56,170.48217446392633,278,75,0
56,161.6753499551786,588,53,0
56,189.79486887154178,961,32,0
56,190.24266051763536,1398,59,0
56,163.95552468435238,110,40,0
56,199.0825220747953,550,73,0
56,204.18780861170703,533,24,0
56,180.29496649584246,900,46,1
56,203.4568941438235,975,48,0
56,187.0666881658481,1221,57,0
56,215.52940313109178,1054,55,0
57,779.2641898516739,721,71,1
57,795.0689654929289,1097,70,0
57,807.5627001560982,642,97,0
57,830.4074319079583,825,28,0
57,843.4023563425594,10,44,0
57,842.148933316904,352,36,0
57,873.5476244224037,16,83,0
57,895.4857151220364,299,4,0
57,888.3465318331338,663,90,0
57,908.5583609792259,589,93,0
57,906.8260121509603,762,94,0
57,936.2510813412196,1439,30,0
57,933.090740655966,1426,38,0
57,1004.0766419525137,269,54,0
57,963.9765046580924,231,95,0
57,1049.0897822936824,74,96,0
57,1010.7482840334624,674,91,0
57,1084.849812398848,1415,95,0
57,1091.285546542667,305,48,0
57,1120.4831484024835,1232,97,0
57,1121.5705137741475,233,11,0
57,1061.1505977562476,109,5,0
57,1102.7722473187105,453,100,0
57,1099.3420387724661,754,68,0
57,1129.4720593725565,409,44,0
57,1111.7746728349757,1095,57,0
57,1198.2005561976732,888,17,0
57,1213.3878428787266,20,2,0
57,1120.8264736112624,31,45,0
57,1129.648862145592,830,53,0
57,1280.7021520623832,1021,93,0
57,1305.9073163718358,334,33,0
57,1283.1637684215598,750,19,0
57,1205.4954334048234,93,67,0
57,1223.7010000481869,204,42,0
57,1277.3586170865817,900,96,0
57,1335.1551965706217,509,16,0
57,1375.9594021587432,111,17,0
57,1293.763512836325,1376,94,0
57,1261.4949544340666,503,65,0
57,1461.441248326821,217,35,0
57,1484.5573017762897,236,33,0
58,100.82627524011778,921,49,0
58,103.73481675010633,785,26,0
58,107.47767516359957,1014,89,0
58,112.27230635394221,578,95,0
58,114.99057639243016,1402,81,0
58,114.88187888214554,1093,98,0
58,117.36109528689488,311,4,0
58,128.0822518627013,291,93,0
58,127.64705007552847,776,63,0
58,125.99012525459997,1227,4,0
58,130.16789893139367,1338,79,0
58,134.123724561507,733,30,0
58,149.00218353114548,1295,48,0
58,149.5942361428872,974,100,0
58,145.2667329606366,79,47,0
58,158.34130018083067,1371,49,1
58,154.14543842035766,1160,80,0
58,163.87801894938806,414,18,0
58,170.46532033290617,199,13,0
58,153.44127444031696,348,23,0
58,166.35309782922167,1161,82,0
58,179.1068444769973,969,60,0
58,171.21752582884923,811,84,0
58,168.93791450844336,1066,31,0
58,185.62168926787913,592,29,0
58,200.20631137042687,836,98,0
58,197.4982042176389,1317,45,0
58,194.81908289110146,694,12,0
58,213.00152259928427,418,4,0
58,181.53957355557282,603,58,0
58,207.48022804283568,1019,83,0
58,202.41890937845716,687,48,0
58,226.3984714724108,1306,26,0
58,201.30146908495828,837,93,0
58,205.69742230822945,1097,50,0
58,196.4022371601875,754,11,0
58,214.17538714900863,1040,89,0
58,244.7503635978173,500,19,0
58,235.3950097060431,116,18,0
58,247.8816503541597,332,68,0
58,231.83915410869815,354,71,0
58,230.5302265799517,469,56,0
58,227.80972383960255,1185,49,0
58,224.70988388394045,1073,88,0
58,274.64655636865734,158,5,0
58,248.81705416827785,535,15,0
58,229.82724044373768,412,13,0
58,289.2139823678425,1283,38,0
58,291.0781028346995,492,91,0
58,232.3183902757324,1079,1,0
59,74.06114344120965,747,87,0
59,80.292609014355,941,47,0
59,87.69489093908844,285,70,0
59,90.13170213105391,288,33,0
59,98.78889578999207,778,2,0
59,99.40613918382344,289,14,0
59,113.50158528005306,469,92,0
59,122.76775749810182,1264,30,0
59,113.5311397883693,250,62,0
59,137.54675560700417,840,52,0
59,136.945636434415,236,71,0
59,153.82562701871444,165,79,0
59,139.4634059864189,173,1,0
59,153.54002626223956,1009,81,0
59,173.86306097594507,907,61,0
59,150.4851654015843,1398,88,0
59,187.50576610896334,462,81,0
59,190.03437832761722,688,38,0
59,196.45539816847375,1392,87,0
59,207.22781822630722,943,90,0
59,199.39988995476347,1059,64,0
59,212.4234346399921,843,77,0
59,203.65243303059933,1430,42,0
60,609.002212961967,744,82,0
60,627.3683169552445,106,82,1
60,645.1123885948425,633,73,0
60,681.3926416889759,803,29,0
60,686.4056602676468,979,27,0
60,716.0724238135217,357,42,0
60,726.7734004452418,1206,63,0
60,751.9063866178321,16,6,0
60,786.2566016675831,938,17,0
60,789.5351090813156,68,51,0
60,874.2218626278116,379,22,0
60,871.8189915930965,235,16,0
60,863.6670310734012,829,45,0
60,926.5362278528421,288,43,0
60,929.0707928659403,228,27,0
60,986.6471445664258,250,92,0
60,1038.4988224675944,952,80,0
60,945.706216126552,1110,93,0
60,1065.0002874501163,287,69,0
60,970.7610707369856,347,66,0
60,1047.714270272011,362,77,0
60,1048.0311881785763,387,86,0
60,1156.1654917877368,921,51,0
60,1216.0408976224853,971,10,0
60,1132.0100303202073,738,57,0
60,1146.0055024606095,1413,43,0
60,1219.3710249133492,1275,92,0
60,1239.1196602779473,1418,60,0
60,1116.7208808838577,1101,88,0
60,1186.8482942952214,817,24,0
60,1175.8186934752162,798,100,0
60,1202.0564365038158,1056,66,0
60,1275.4391513803444,1029,23,0
60,1224.7128007025697,244,22,0
60,1376.9007879576784,636,22,0
61,538.8858010558588,1028,63,0
61,612.7509367466275,703,7,0
61,684.3579760970437,956,56,0
61,809.2422885926455,1423,98,0
61,848.4521137548843,356,64,0
61,913.2716692225092,1167,86,0
61,932.8716561994286,612,54,1
61,1168.428624829301,1201,67,1
61,1156.0437291889539,426,64,0
61,1317.9493565391713,122,35,0
61,1428.5663346188642,1112,10,0
61,1564.5405302049887,1081,82,0
61,1331.5789811107616,121,59,0
62,415.3137688628561,464,74,0
62,447.61248874651903,624,50,0
62,463.95196004503237,501,7,0
62,520.3075447261158,1237,29,1
62,553.3970419217734,429,69,0
62,568.588199741587,1222,32,0
62,617.23945533456,501,25,0
62,631.5709672244819,1145,31,0
62,626.5001665597125,1236,6,0
62,659.6517661182684,262,93,0
62,741.4422941092857,352,6,0
62,700.4383522131168,1059,49,0
62,736.2739704498899,820,62,0
62,756.1932789183572,348,46,0
62,760.2137603426291,951,30,0
62,864.4856311387982,919,55,0
62,967.3611320487544,267,66,0
62,963.322223117455,627,38,0
62,1013.5419509948572,368,19,0
62,1032.407728994719,512,50,0
62,1053.4230743660198,757,73,0
62,951.8111434657171,317,81,0
62,932.2245580667286,827,62,0
62,1092.1406968978097,855,89,0
63,968.3701415497769,100,34,0
63,1058.5680824190931,712,60,0
63,1158.1162120405286,1342,2,0
63,1218.755326679564,199,94,0
63,1397.0112583099826,122,24,0
63,1532.5780552163947,843,45,0
63,1529.128930819107,71,50,0
63,1620.1289020765314,1309,30,0
63,1733.6791110193328,1368,14,0
63,1921.5298395530422,1152,87,0
63,1970.8868078581386,1082,64,0
63,2125.9074345240606,974,43,0
63,2275.7693030127234,134,66,0
63,2287.329516756468,1100,17,0
63,2366.023420375452,1387,65,1
64,232.38332562153593,170,76,0
64,241.8158060302163,51,44,0
64,249.65258302639958,527,99,0
64,266.3442594589512,199,77,0
64,272.0616069590387,797,90,0
64,279.25747407127784,664,36,0
64,288.76496236737194,595,35,0
64,294.96246591936654,463,42,0
64,326.0241164415272,491,40,1
64,332.7465945780223,827,45,0
64,338.21421931961834,935,28,0
64,357.2425570031276,1176,25,0
64,340.22347420396636,1106,51,0
64,376.6597315686745,1282,80,0
64,407.5483343692742,832,72,0
64,372.9051269515337,93,96,0
64,372.7456445998306,92,97,0
64,392.64766520690716,1319,37,0
64,395.85610027671976,582,90,0
64,443.16213090979517,398,90,0
65,894.5286253635318,693,4,0
65,984.4237629909094,751,66,0
65,1082.5291193947842,663,10,0
65,1204.6378121367143,177,47,0
65,1371.766235133085,443,87,1
65,1404.3830205328281,316,33,1
65,1406.1899729217005,389,83,0
65,1540.0626757981186,38,87,0
65,1582.0977945515585,1180,47,0
65,1841.0992588333752,1221,27,0
65,1916.7698318558791,906,89,0
65,1969.0073878576861,1014,11,1
65,2192.3553374118837,505,84,1
65,1996.0986113677927,1431,78,0
65,2401.080679356631,1219,83,0
65,2258.03838702359,179,94,0
65,2692.642329417192,485,24,0
66,846.6032068750416,1254,48,0
66,890.0357498330922,870,3,0
66,949.9875427112389,448,28,0
66,974.8357789644311,715,64,0
66,1063.252659318337,109,27,0
66,1087.3303769866432,27,49,0
66,1135.861373875794,1323,25,0
66,1211.7087887873026,514,92,0
66,1281.264933006542,786,73,0
66,1386.5711098795286,339,23,0
66,1438.4829529836336,430,63,0
66,1465.5728188832236,1408,14,0
66,1537.9086197153404,424,55,0
66,1541.0613816686825,693,58,0
66,1705.4586845522729,223,77,0
66,1751.3639030012807,204,4,0
66,1533.587570106421,143,35,0
66,1562.4213624124309,434,82,0
66,1967.348105978097,225,72,0
67,997.4737198812202,86,28,0
67,1084.602132551572,555,16,0
67,1190.2936227068697,950,70,0
67,1235.0635704475212,716,75,0
67,1347.628277567117,1314,2,0
67,1484.7368116425496,366,40,0
67,1606.4616877545382,297,87,0
67,1509.27137190514,81,27,0
67,1860.4913070742398,690,33,0
67,1847.2553079397446,768,63,0
67,2033.8481947362823,75,99,0
67,1974.6387262355552,922,72,0
68,270.6404488475156,1256,93,0
68,277.0071818576245,48,77,0
68,284.9556669704918,1217,28,0
68,287.7956270580277,701,88,0
68,298.3327763880146,937,46,0
68,308.67786615312747,336,41,0
68,315.0021693915346,1250,81,0
68,310.5635161907545,352,48,0
68,319.6129183197573,981,20,0
68,342.26179008245526,724,52,0
68,331.8833069881798,537,40,0
68,344.54657905571685,992,77,0
68,364.60768091116165,578,34,0
68,368.05847562662154,987,33,0
68,367.1895414888935,498,93,0
68,357.66184432633094,423,37,0
68,400.1903774180563,914,48,0
68,370.8744987312188,269,10,0
68,389.4300366415138,402,49,0
68,404.5357985479543,1387,95,0
68,433.4589524258812,256,5,0
68,409.39493303683014,836,61,0
68,398.1860810320476,727,72,0
68,397.17591229062225,1334,50,0
68,433.875093960143,1095,40,0
68,419.63116599150936,311,42,0
68,467.8153985963221,758,89,0
68,461.46047311110914,303,49,0
68,445.17048834434945,1230,37,0
68,461.8999861870399,549,26,0
68,462.15366081518823,343,97,0
68,502.81338362674245,976,65,0
68,458.850356539956,1200,27,0
68,542.2783187389797,1069,20,0
68,474.2049400869173,345,26,0
69,718.1221887884955,1425,64,0
69,735.3896374703686,713,19,0
69,762.7857078404788,1382,63,0
69,786.7111405835251,1343,81,0
69,796.3495797158672,1414,82,0
69,817.1095656284982,928,47,0
69,830.2323182988871,1118,35,0
69,836.5328484372898,1212,72,0
69,856.6928901045242,149,78,0
69,926.0701265179141,533,74,0
69,910.8160474690093,13,74,0
69,899.5363624564794,1364,1,0
69,946.039441634815,179,17,0
69,1002.28524310415,146,52,0
69,951.7568889081866,1157,22,0
69,1008.7271099523,1047,50,0
69,1016.3487591509529,789,90,0
69,1016.679512152284,1368,37,0
69,1082.5297895240196,607,43,0
69,1173.0903344727906,337,93,0
69,1073.4176584997917,112,35,0
69,1212.7117824298425,4,52,0
69,1176.9334622679633,892,94,0
69,1258.473506150313,256,2,0
69,1206.8457603339289,675,27,0
69,1293.647441709872,310,10,1
69,1256.1769018520365,231,51,0
69,1274.8787481736363,770,69,0
69,1314.1873894355372,1169,1,0
69,1329.774638539765,1387,48,0
69,1355.591961103027,1258,76,0
69,1228.1306030761111,418,98,0
69,1330.7987747026098,154,44,0
69,1488.3336508162247,213,81,0
69,1509.00615503905,568,11,0
69,1555.81877207369,456,19,0
69,1459.2201917064563,268,81,0
69,1418.3068869760837,51,51,0
69,1518.354532767663,170,8,0
69,1436.2912734125152,493,31,0
69,1612.011149874262,1358,77,0
69,1424.6434101968898,1057,9,0
69,1448.2626790572695,1041,93,0
69,1534.0728689559937,1165,28,0
69,1642.5149053953296,55,32,0
69,1563.093554580006,1025,44,0
70,617.0076939884271,11,70,0
70,715.2631273918129,1064,59,0
70,861.6597988490706,1008,7,0
70,915.4301306973282,72,25,0
70,983.7549154076572,99,61,0
70,1034.8293105261941,339,63,0
70,1230.3822232818393,25,82,0
71,810.2902528100994,1307,4,0
71,828.1485578019502,322,18,0
71,839.4527447925163,277,12,0
71,867.656712732182,1433,22,0
71,885.4947379655936,1154,35,0
71,893.757944272695,187,38,0
71,897.6143201496006,1421,56,0
71,949.7879953094069,595,38,0
71,919.2957843905536,927,17,0
71,991.6942696537863,493,39,0
71,949.0537027518196,1268,93,0
71,993.2102778112524,1153,54,0
71,1017.1900874710288,571,10,0
71,987.8129028881077,1030,8,0
71,1033.4757573468016,368,4,0
71,1024.3161551276146,1180,72,0
71,1057.9084732754816,598,93,0
71,1056.963252629615,845,4,0
71,1092.2110227843125,680,90,0
71,1073.6325457799016,934,23,0
71,1121.3427378357815,425,10,1
71,1179.5550056563159,518,84,0
71,1175.0677212146798,972,16,0
71,1256.3901011580483,184,43,0
71,1250.9155319186257,420,36,0
71,1227.686173913311,163,59,0
71,1247.363216413971,795,18,0
71,1187.2038870561419,619,39,0
71,1371.6810117264545,1146,32,0
71,1392.3740198410121,6,36,0
71,1244.618898344133,865,45,0
71,1362.3276308132745,338,93,0
71,1376.0787838842832,203,71,0
71,1286.3864608714491,444,24,0
71,1429.9969161574945,71,90,0
71,1437.2743691587903,730,97,0
71,1486.5014677579243,193,68,0
71,1531.671571883598,427,39,0
71,1472.8111227935246,1308,12,0
71,1415.826465546078,572,26,0
71,1350.1101213137683,116,23,0
71,1470.0268705572616,1069,27,0
71,1520.2975175550844,760,99,0
72,584.9072863345575,892,29,0
72,594.8679483833192,1225,23,0
72,605.2282667152733,209,78,0
72,620.1674478573304,73,69,0
72,619.2524826931035,1358,64,0
72,629.1893837975023,1309,65,0
72,657.3072752289711,1079,24,0
72,670.3535979408152,804,65,0
72,665.6912838561835,1363,87,0
72,681.2115060991662,1076,96,0
72,682.802571152722,638,29,0
72,710.2213856446036,964,73,0
72,692.9127619510043,689,73,0
72,736.5963586597436,315,25,0
72,735.5357525639721,159,13,0
72,745.0877861703893,426,99,0
72,778.1869404643131,873,15,0
72,780.7026958961987,838,46,0
72,758.5067813839428,787,37,0
72,751.0175040192396,92,25,0
72,811.4234353634388,810,80,0
72,782.8459852234214,543,64,0
72,803.9631587773508,1298,84,0
72,867.7933303051361,747,50,0
72,871.7250388065331,1244,49,0
72,827.4304329120217,48,70,0
72,825.7740697901213,634,3,0
72,829.4119018178102,1325,87,0
72,902.7283868950819,1010,53,0
72,943.9740417191792,954,41,0
72,909.7603428836911,1066,64,1
72,856.3357128179532,995,95,0
72,951.2295701124708,37,40,1
72,874.8773522733454,567,37,0
72,945.6620085701184,42,39,0
72,916.6090856757608,1187,47,0
72,975.2742099938671,357,82,0
72,1027.1477850461117,1163,100,0
72,1010.7473365197884,242,39,0
72,951.5628516648497,749,26,0
72,1052.9757732477624,1345,21,0
72,1027.7782045568374,1087,41,1
72,953.2447562252255,641,82,0
72,1110.4757398426189,402,46,0
73,263.206140704791,991,65,0
73,278.83960320534237,103,18,0
73,292.5374825329501,243,2,0
73,309.4980026751831,535,95,1
73,334.5063297042456,1121,89,0
73,351.12165505250834,172,63,0
73,339.1560198945734,1401,81,0
73,374.48751314781197,474,12,0
73,396.11890309941055,727,78,0
73,405.0519121298854,1202,88,0
73,425.2618972886737,351,36,0
73,446.9088690308346,13,99,0
73,447.8723854298753,1115,70,0
73,437.6540084797683,351,53,0
73,475.57116948958753,881,87,0
73,493.463388300264,131,57,0
73,548.9079484197648,1379,20,0
73,500.7856948484613,1211,50,0
73,547.8449794191404,951,71,0
74,537.3641837662249,1332,78,0
74,585.9171182059158,1105,91,0
74,618.5795073333104,459,93,0
74,685.5662709806154,212,39,0
74,715.6976754433338,583,19,0
74,798.5382334578571,276,21,0
74,818.7385445988322,1262,91,0
74,836.8975578417455,511,36,1
74,928.9137330144091,1325,69,0
74,997.8513804374218,375,9,0
74,1050.8948599482933,715,69,0
74,1035.773026278723,1136,59,0
74,1095.3325971291938,42,11,0
74,1048.095721431223,567,7,0
74,1074.9034205968915,122,37,0
74,1349.3674113590373,150,2,0
74,1413.2520902633637,297,17,0
74,1308.8080570621357,255,90,0
74,1453.1380888751412,681,29,0
74,1305.433452195008,940,74,0
75,963.211065958334,202,6,0
75,992.168263281071,1242,51,1
75,1023.2460067192426,585,93,0
75,1050.184969175108,1254,48,0
75,1064.0165093753621,547,70,0
75,1073.3049906128886,548,68,0
75,1141.2969845139585,177,14,0
75,1191.6950680207606,154,52,0
75,1217.5670919016186,529,98,0
75,1246.190093171137,581,6,0
75,1269.9936873865865,109,46,0
75,1215.5956099437287,876,7,0
75,1240.7672801830356,224,57,0
75,1317.9433508119466,1046,21,0
75,1411.7461808268613,656,40,0
75,1449.4708652418299,750,9,0
75,1339.6673513099454,1333,91,0
75,1402.5821369905054,1226,43,0
75,1519.8197910049657,1436,19,0
75,1442.7976452665516,451,95,0
75,1620.769274795478,393,50,0
75,1470.1172523167918,163,1,0
75,1547.756067992072,1209,52,0
75,1500.4758392858002,180,97,0
75,1585.927327281022,757,17,0
75,1706.151113238675,1416,66,0
75,1690.577617344395,759,96,0
75,1559.1369398446318,1282,87,0
75,1633.7728399658936,1396,67,0
75,1900.002122610696,692,14,0
75,1815.7458913583741,709,28,0
75,1785.0623203937766,1071,61,0
75,1905.0644772398628,255,99,0
75,1732.43977267945,504,25,0
75,2026.6289963848985,97,96,0
75,2046.6479603847051,659,70,0
75,1771.6711288718707,1269,32,0
76,173.07224980179134,210,29,0
76,195.3211643718244,1345,20,0
76,221.3963655482866,1087,1,0
76,232.617553429817,153,72,0
76,257.996768974557,1235,56,1
76,308.5705317713324,418,88,0
76,305.2414859361779,1205,60,0
76,342.8927512434902,56,57,0
76,331.2538379150044,1284,12,0
76,370.5064657639659,1170,63,0
76,447.2254181353844,887,48,0
76,483.935678884146,917,22,0
76,513.5820557161084,793,45,0
76,504.973825647397,239,54,0
77,81.00462911847373,842,45,0
77,83.63754207199676,28,86,0
77,85.65406100590687,962,95,0
77,87.69729062638505,691,67,0
77,90.5042456856114,451,32,0
77,91.49758704035943,330,62,0
77,93.05742939041265,840,54,0
77,97.99958630764706,1237,17,0
77,97.44671600411564,1223,17,0
77,100.01026785988076,1208,16,0
77,100.84798291954951,1266,50,0
77,105.75181056991578,420,96,0
77,108.04133764753944,355,57,0
77,112.5390880368353,137,48,0
77,110.20548266305256,176,74,0
77,113.23653908894073,1430,25,0
77,119.24072349977118,151,43,0
77,115.77337201675176,24,53,0
77,114.27988147028921,589,81,0
77,121.9683584303346,1105,90,0
77,120.07864281918793,1403,85,0
77,123.3480096241185,1221,16,0
77,136.9708782539585,696,36,0
78,116.09898162640305,1240,77,0
78,127.31571352626267,1247,6,0
78,137.75070361446376,117,40,0
78,155.0622761579608,211,21,0
78,169.3337822164917,946,4,0
78,182.42672298831906,1028,86,0
78,192.68619630142774,192,27,0
79,589.27451403975,760,88,0
79,616.2131253922042,307,11,0
79,656.3902363147447,417,21,0
79,682.841082759737,253,78,0
79,683.1459814739085,1405,73,0
79,727.3132326424341,636,17,0
79,755.8712865326111,88,9,0
79,810.2274556323023,1253,67,0
79,859.3432270191713,1361,76,1
79,879.7293269788277,49,23,0
79,860.0033504994965,611,26,0
79,860.9637165164531,109,51,0
79,968.9748695304403,431,16,0
79,1036.8115634073085,871,79,0
79,1024.0514779922569,181,22,0
79,1113.8918213508284,445,55,0
79,1048.0641856392876,1328,86,0
79,986.657868852564,881,21,0
79,1116.6802269765208,1294,68,0
79,1106.6466420604852,949,22,0
79,1106.743034991794,348,17,0
79,1168.400059393587,112,42,0
79,1170.2395729008715,56,5,0
79,1326.4072576253075,284,67,0
79,1322.0754020651016,986,3,0
79,1254.5332572197526,1039,25,0
79,1311.085504179901,729,9,0
79,1416.3611604251669,511,51,0
79,1384.9138926719313,1420,100,0
79,1535.6514021103571,21,67,1
79,1294.790875327149,545,43,0
79,1611.4609080159253,439,48,0
79,1413.5276994371056,405,45,0
79,1637.4746181884211,1145,45,0
79,1430.8365998792758,498,39,0
80,31.958124397940725,587,68,0
80,33.102417004596916,1419,1,0
80,34.27406208276662,982,38,0
80,36.2425135134259,185,35,0
80,37.11244688189853,1144,95,0
80,39.16793325680109,605,28,0
80,40.27320714645413,475,31,0
80,39.64051097388878,32,55,0
80,42.89816577032147,666,87,0
80,42.20689730639581,648,89,0
80,47.497115332979014,584,53,0
80,47.11922712020273,862,92,0
80,47.133550916502195,750,3,0
80,48.49366756330873,1106,21,0
80,47.23321609991002,786,75,0
80,48.879255813727156,632,92,0
80,50.359421254990195,280,42,0
80,55.48955523647482,717,10,0
80,53.30765232991931,1227,70,0
80,55.713178179864045,825,48,1
80,56.01781192652889,201,66,0
80,55.15539402868501,652,69,0
80,66.58412110769613,594,57,0
80,57.62782735525011,1036,7,0
80,66.95572502785049,139,13,0
80,59.18983308206761,456,72,0
80,70.53078355675889,1387,32,1
80,67.32928400125624,1216,31,0
80,75.96633434277894,589,46,0
80,77.39009194387894,1421,40,0
80,77.59244787473939,1270,79,0
80,71.0376096348671,966,42,0
80,81.75472835119676,481,46,0
80,76.84445939909153,804,26,0
80,84.23080147603837,1368,61,0
80,71.45514001093332,526,14,0
80,84.40339845932023,1285,84,0
80,79.89675204290518,70,33,0
80,81.8201216772947,1437,65,0
80,88.3160847703725,411,88,0
80,89.10643085254208,1155,12,0
80,87.71278133037009,282,29,0
81,789.4117026241163,974,16,0
81,808.5458189825681,447,35,1
81,821.0587241221842,950,45,0
81,832.2601476843256,331,31,0
81,863.936060726256,289,99,0
81,873.2694269892709,1277,73,0
81,906.0518164240638,1335,72,0
81,893.3596862315078,1224,73,0
81,928.6158646637138,981,45,0
81,949.1389934274405,1419,79,0
81,932.3714995166856,1146,20,0
81,947.6388816666324,1407,57,0
81,1019.1146517584317,770,22,0
81,990.2618267482185,636,89,0
81,1061.9191353465646,334,53,0
81,1056.6969403403164,1351,18,0
81,1048.2318037096657,1037,13,0
81,1142.2735478643624,859,41,0
81,1046.4279603262635,598,59,0
81,1112.8689998005743,881,40,0
81,1181.4709700025458,1055,6,0
81,1130.3579469594763,853,52,0
81,1202.2399776858358,380,54,0
81,1200.035896926262,400,72,0
81,1148.8909165844484,823,74,0
81,1185.773236174005,629,17,0
81,1241.6664766062659,1204,47,0
81,1210.9365495875868,610,81,0
81,1306.2615772645595,969,31,0
81,1214.543205239722,1314,53,0
81,1257.0052656404814,1359,46,0
81,1245.0464593914312,501,52,0
81,1348.8367336859033,166,59,0
81,1423.4952202503764,967,53,0
81,1355.9362939640612,30,88,0
81,1387.8111639945123,1231,71,0
81,1355.745366092633,982,70,0
81,1567.3990195916458,555,67,0
81,1469.1599623995921,1440,4,0
81,1555.889158408871,999,46,0
81,1458.7947656413896,560,53,0
81,1508.6747592487723,608,83,0
81,1386.0471887510128,1359,84,0
81,1441.5676847649831,454,19,0
81,1718.2640100779145,149,41,0
82,723.18700121742,518,8,0
82,742.5572090407462,71,60,0
82,761.8287396491388,975,93,0
82,774.623203299493,1161,66,0
82,799.6848238968939,263,58,0
82,829.6360937520915,1438,32,0
82,823.5678162307073,104,94,0
82,870.2164095745194,1082,92,0
82,891.3383616161036,810,14,0
82,860.7089181828285,1330,33,0
82,932.3445222269127,946,2,0
82,938.829527715258,383,36,0
82,987.3649962960163,899,40,1
82,922.9722921318669,88,35,0
82,1022.1663965741826,1017,74,0
82,999.8980454141358,389,87,0
82,1067.059303327982,491,63,0
82,1091.323636736687,1320,64,0
82,1006.2885367704923,626,71,0
82,1028.3253714056448,295,2,0
82,1162.531131524164,513,48,0
82,1059.951332535859,2,31,0
82,1068.4779102194207,887,34,0
82,1114.236735333162,1039,50,0
82,1237.7850946016654,205,39,0
82,1204.92540069047,1262,41,0
82,1192.6599901392917,1072,45,0
82,1164.8709636091648,1286,50,0
82,1235.4787714022928,1043,19,0
82,1216.1408779101926,235,47,0
82,1277.0793520608445,409,55,1
82,1359.39807684702,356,76,0
82,1332.1307669662158,1025,35,0
82,1372.0082017009997,1049,96,0
82,1366.7422952044772,1293,62,0
82,1453.0456960631773,298,40,1
82,1499.9844647320174,67,45,0
82,1431.0040580722157,605,93,0
82,1506.908681810858,138,94,0
82,1498.5035343825373,114,67,0
82,1502.045714779917,1224,40,0
83,592.477031080895,305,25,0
83,603.2996856103732,555,51,0
83,622.2583041181365,269,88,0
83,629.4639363716282,1168,46,0
83,645.7469740456966,400,40,0
83,655.634613895575,1084,2,0
83,686.804394564662,1054,15,0
83,700.7502630780682,884,54,0
83,704.0210905026734,577,43,0
83,712.4367949551349,545,62,0
83,748.7900332432154,174,69,0
83,711.1401666991887,24,26,0
83,722.559317753149,286,33,0
83,788.4842118273136,452,71,0
83,740.4118454652574,1256,64,0
83,823.0382882398247,395,9,0
83,825.8291868569524,588,73,0
83,823.092171079249,919,15,0
83,795.8264059622538,682,93,0
83,797.184260581775,1228,9,0
83,869.6120197570651,216,9,0
83,902.4617896833159,1189,59,0
83,915.3525598318556,823,52,0
83,947.8652862781848,255,26,0
83,912.3347651893027,340,29,0
83,922.3489930553006,554,9,0
83,900.964429252183,182,37,0
83,925.8500286563172,304,67,0
83,966.071429452965,1406,80,0
83,1032.3560583985186,153,18,0
83,927.6743008297431,470,45,0
83,1012.8880576364189,829,99,0
83,1012.7264283456764,1427,38,0
83,1040.8006080123569,1173,8,0
83,1062.2304434824207,742,99,0
83,1083.8332806226113,1351,60,0
83,1126.2793187288048,1253,33,0
83,1048.1768410425395,894,20,0
83,1018.6510364714836,389,56,0
84,820.9507579124693,886,17,0
84,839.0890686986404,1431,56,0
84,849.8758160502483,869,64,0
84,863.4684585255704,1213,21,0
84,897.9104924713815,54,49,0
84,896.8077466468148,511,12,0
84,917.0095073045055,720,96,0
84,952.656853320874,8,58,0
84,953.6727246926587,868,73,0
84,979.8810393632589,926,96,0
84,961.5547961737525,726,17,0
84,994.472336206811,781,80,0
84,1046.2055451263982,1388,41,0
84,1010.4456797313669,418,65,0
84,1023.1716675985949,1382,69,0
84,1105.0519656547808,115,20,0
84,1107.8387650433947,696,79,0
84,1138.7776435924156,552,1,0
84,1094.161772420041,1016,21,0
84,1082.5683960365982,341,37,0
84,1161.8866346658908,1170,30,0
84,1182.120362091793,295,51,0
84,1147.0253394498566,674,64,0
84,1159.6626610758333,592,99,0
84,1151.8648458937876,589,77,0
84,1224.8900688000056,314,38,0
84,1191.6108492234068,836,38,0
84,1257.0537810907072,505,52,0
84,1220.878305830119,575,8,0
84,1310.3054262414935,757,1,0
84,1247.654157126323,264,97,0
84,1276.7734690162408,1035,60,0
84,1267.0059391624668,1156,9,0
84,1443.6480828291596,1164,2,0
85,228.20910648835425,55,16,0
85,235.92819573014492,456,97,0
85,242.76437292189794,692,78,0
85,248.52967619463033,570,91,0
85,256.0468376779348,605,57,0
85,271.95300487038867,991,63,0
85,280.50861451896685,599,79,0
85,275.378924930324,875,68,0
85,295.81769468519565,111,4,0
85,285.49439345875095,448,8,0
85,292.64597540337303,1243,35,0
85,310.73469056587106,128,57,0
85,314.95047154337755,944,71,0
85,311.56713607664346,1116,48,0
85,346.6838125003837,3,96,0
85,322.6307566557513,1273,84,0
85,358.69010975022996,1440,14,0
85,355.2762809834485,70,77,0
85,342.85341395784667,1037,2,0
85,346.86358427688367,371,24,0
85,410.85734939257253,392,59,0
85,393.30687636103823,1023,44,0
85,403.1261210623267,277,66,0
85,437.13794192509636,767,67,0
85,393.8308994551865,863,9,0
85,406.7009074114874,153,35,0
85,435.9049860131287,1104,9,0
85,415.3491522881412,19,14,0
85,455.97230961970786,1071,34,0
85,437.1098264435336,29,28,1
85,418.8396096970264,117,64,0
85,454.2054951024136,718,18,0
85,455.28395030415476,1176,86,0
85,508.78981499174176,1422,85,0
85,510.8981541966988,640,17,0
85,534.7546088029729,807,81,0
85,525.0463864862293,539,14,0
85,570.228576886008,1160,96,0
85,555.8899041787373,839,59,0
85,541.972388285748,303,65,0
85,521.2556472541531,1014,20,0
85,554.7982052639693,1119,88,0
85,562.0343630719386,1039,35,0
85,599.015180272611,521,54,0
86,200.2998109982147,379,86,0
86,209.27042027290062,33,76,0
86,222.01663249428066,405,23,0
86,231.32947275739508,189,25,0
86,243.84041632610274,767,39,0
86,254.4920759208004,750,13,0
86,260.6733690603896,684,44,0
86,262.6404845347451,133,60,1
86,283.19716564837825,422,42,0
86,283.8509605457892,931,27,0
86,281.18862542028364,1119,37,0
86,306.7432117129647,1154,85,0
86,311.47762145276073,726,9,0
86,347.6630869696646,271,12,0
86,322.7085069404877,1388,77,1
86,370.21474112484736,1022,66,0
86,341.88792294727125,1202,24,0
86,373.1598994600622,869,74,0
86,389.51126438171207,531,20,0
86,366.86352467631735,602,19,1
86,383.1986011507306,1209,18,0
86,424.9498234936917,117,53,0
86,426.24857427401844,380,21,0
86,390.9559412250476,1068,88,0
86,429.153567647556,388,49,0
86,462.7298548480007,933,21,0
86,422.23482552818496,190,35,0
86,497.5974190771686,662,75,0
86,432.6528281488921,1428,6,0
86,506.60369511698616,741,51,0
86,510.58311436435173,756,35,0
86,435.15828027122996,303,7,0
86,475.9655567109288,1116,21,0
86,537.1161304025757,937,69,1
87,154.50681672533347,250,4,0
87,160.3701276574597,622,20,0
87,167.42978140428065,853,12,0
87,172.06132540684314,443,97,0
87,176.51658644131868,1219,69,0
87,188.30891949992042,956,46,0
87,183.26563260394943,209,32,0
87,193.3358451764695,1357,1,0
87,205.90177612278677,358,88,0
87,199.11167546548614,477,52,0
87,201.48242773386352,659,67,0
87,209.76161761443086,47,82,0
87,211.29588856699993,826,59,0
87,232.6406572535692,591,70,0
87,237.48461966341102,1261,69,0
87,243.43956364988202,395,98,0
87,258.73801047794166,343,46,0
87,238.39428597156382,331,31,1
87,253.40413234390854,640,40,0
87,272.8121749207324,362,1,1
87,271.56067013304954,1020,69,0
87,269.9060201649364,1400,4,0
87,288.3291523182868,58,42,0
87,290.78104803081214,1296,26,0
87,303.70749718289517,1204,71,0
87,282.49905616543697,174,11,0
87,279.58474652882,232,76,0
87,282.05266791768855,630,56,0
87,312.8365602634692,851,33,0
87,330.53676970910294,626,12,0
87,300.5678343030991,990,14,0
87,324.51557673748107,1398,44,0
87,339.47663341378563,528,53,0
87,323.51723708055385,681,85,0
87,371.1944447610112,1151,54,0
87,317.6382325078174,1351,5,0
87,364.72205019604723,1092,54,0
87,370.69147359136605,1323,77,0
87,408.822537694115,284,51,0
87,375.6863044087113,220,56,0
87,388.0379270656471,1196,56,0
87,357.46918707822994,374,10,0
87,429.4215845367518,1267,66,0
87,381.97636891590116,824,48,0
88,304.0140812775165,886,69,0
88,309.0032362681526,89,28,0
88,313.25727152549337,892,4,0
88,317.53115791146206,735,63,0
88,326.7125643148147,955,47,0
88,331.3586076799301,1308,55,0
88,334.3059195880912,404,7,0
88,337.2779533645927,577,86,0
88,346.7663065815705,768,84,0
88,354.123995595006,1143,23,0
88,348.1358417680959,346,29,0
88,363.92890252962724,1366,73,0
88,376.3970675941136,250,94,0
88,380.2331754659369,820,84,0
88,362.08389318958933,985,66,0
88,381.5708869251772,610,97,0
88,382.36092588038775,356,93,0
88,386.2597342267213,1351,28,0
88,377.09367685516435,1218,82,0
88,402.6943020582719,523,95,0
88,398.36830720333387,839,62,0
88,430.48429337351797,697,85,1
88,407.6177160725549,180,29,0
88,431.07913262306556,1012,44,0
88,411.1646044154882,806,2,0
88,436.1912501395981,1404,95,0
88,440.4355438510762,197,66,0
88,462.8611407059765,861,58,0
88,440.95886519796295,1036,56,0
88,476.6142322071853,1353,8,0
88,466.0233038412533,881,14,0
88,446.4154415972906,1229,71,0
88,445.9698982786915,1215,78,0
88,446.7269268755708,1367,97,0
88,462.5892591659038,1191,87,1
88,464.3128434449403,1244,9,0
88,487.4016070640379,1126,86,0
88,502.4704030059787,1411,18,0
88,474.1938013497345,600,62,0
88,529.1267458923326,343,62,0
88,499.0295508140079,435,44,0
88,493.7614407935622,1275,13,0
89,828.9683777512405,278,2,0
89,900.7306453378089,1007,7,0
89,941.9194391886432,309,55,0
89,1005.1852369643083,353,58,0
89,1041.9564961367803,516,29,0
89,1159.3205190296226,1005,20,0
89,1172.9836746787387,1395,54,0
89,1210.6728958297685,1440,97,1
89,1295.7257308960193,339,60,0
89,1297.9384577471073,734,6,0
89,1568.8308264551758,755,94,1
89,1422.151035890917,1035,55,0
89,1484.5472147518312,328,29,0
89,1657.9147870926995,465,96,0
89,1742.3240884366514,1126,55,0
89,1835.2507134931866,1381,37,1
89,1987.5122796927424,551,22,0
89,1698.9504163900315,723,48,0
89,1825.8158117095832,803,9,0
89,1899.5824487472985,25,65,0
89,1894.8971805605752,671,41,1
89,1883.127993181869,245,15,0
89,2335.3006777723376,754,66,0
89,2461.2715406097614,1242,60,0
89,2199.5969708672874,146,99,0
89,2602.3662122656497,478,47,0
90,864.6276455024299,70,55,0
90,911.6513964628863,333,78,0
90,959.8737245312406,414,21,0
90,1024.6190072409001,174,2,0
90,1075.2150465435852,461,74,0
90,1089.2692620182477,813,86,0
90,1172.9784123642235,915,46,0
90,1160.5488282723102,1066,13,0
90,1232.3940772636852,948,25,0
90,1368.7909366533427,1228,97,0
90,1282.8020878404259,795,35,0
90,1286.6266355063099,1396,53,0
90,1363.6928053292045,409,74,0
90,1385.8857997418386,103,2,0
90,1591.101226881029,429,65,0
90,1603.3498492508397,1276,33,0
90,1742.794957803218,967,99,0
90,1746.363056030141,855,52,0
90,1549.8926737071097,994,12,0
90,1696.4073780760127,866,70,0
90,1915.3518651417212,555,69,0
90,1990.3934133788823,709,79,0
90,2074.77521165817,824,29,0
90,2149.868832395462,276,89,0
90,1802.9903618742114,930,20,0
90,1964.1904855892258,914,33,0
90,2208.2332617096313,701,5,0
90,2182.2412390909103,828,78,0
90,2437.255195761203,140,63,0
90,2343.519064478493,267,7,0
91,807.2493509616963,702,32,0
91,881.8094527673746,1428,31,0
91,931.6435551806752,781,29,0
91,1006.0144656624492,233,89,0
91,1115.883050486923,1259,37,1
91,1114.2803847992222,1110,98,0
91,1215.9261874763529,1293,85,0
91,1361.06683347248,137,21,0
91,1350.2439350148352,67,43,0
91,1527.9598333996496,1275,38,0
91,1532.6375694878896,725,61,0
91,1621.0704485759788,902,70,0
91,1775.5308639216837,429,10,1
91,1574.9326290769955,848,61,0
91,1883.9205534987245,1258,91,0
91,1700.9595656370416,21,20,0
91,2040.140162343234,401,83,0
91,2024.8389157431204,1333,28,0
91,2184.9950137586984,912,53,0
91,1930.9740001529497,1232,81,0
92,345.1484265934228,47,14,0
92,379.7870943193468,217,43,0
92,406.7187188337151,152,36,0
92,451.1811661735809,1156,93,0
92,459.73947096514524,1091,15,0
92,489.07542486810485,794,49,0
92,556.3281647518336,1153,97,0
92,586.1239774590342,303,20,0
92,592.0742356027657,823,64,0
92,664.2128463949578,871,4,0
92,611.8673456174388,639,78,0
92,723.3162295470388,761,78,0
92,676.7154987180622,484,23,0
92,816.9323438125377,1330,28,0
92,820.199971564429,549,83,0
93,948.7015471687137,718,9,0
93,985.069278993089,1246,96,0
93,1043.1560300886642,608,7,0
93,1093.1439827564204,1403,37,0
93,1152.6383461587006,891,11,0
93,1182.4158376352084,504,75,0
93,1244.8208106872803,1016,70,0
93,1295.3721876667125,61,73,0
93,1330.6863373817866,209,59,0
93,1345.5290527074785,16,43,0
93,1389.866014737397,1045,54,0
93,1460.6854018142944,693,59,0
93,1489.5131515076046,1416,9,0
93,1544.2023520296195,1410,91,0
93,1570.2594087801972,677,66,0
94,589.223567377331,894,53,0
94,604.9376920973749,1034,91,0
94,618.3759978707217,1379,19,0
94,625.6740782694517,281,95,0
94,645.8275348340436,259,76,1
94,654.8819028066091,1270,8,0
94,655.9391270966591,156,97,0
94,689.6772750683699,612,3,0
94,677.1331188406251,593,80,0
94,726.4786146097006,14,20,0
94,731.8421577276249,416,26,0
94,735.2999044626496,1164,77,0
94,767.7376228198893,471,89,0
94,735.1577669810924,388,79,0
94,791.2560272270151,68,67,0
94,778.5735166356992,1058,77,0
94,788.4574398921148,297,68,0
94,839.4396530450389,443,5,0
94,813.9772542277453,886,81,0
94,818.929922898116,632,92,0
94,837.8376416915373,397,50,0
94,812.0624490682903,128,37,0
94,861.0385760198401,342,9,0
94,835.4731181472359,419,57,0
94,932.6681107850442,1248,97,0
94,972.7048277632041,316,10,0
94,891.456134335132,1117,91,0
94,992.8950254170264,1379,16,0
94,884.0166630101862,819,66,0
94,973.8328837982885,179,8,0
94,1046.2539145293838,1190,86,0
94,952.0278079884472,507,44,1
94,1026.7926073174294,860,49,0
94,1034.8541715904732,524,95,0
94,1077.1364847081713,827,89,0
94,974.6708829966178,240,15,0
94,1011.0788048033893,621,13,0
94,1033.7304425685095,78,100,0
94,1101.0927941798686,1386,27,0
94,1093.2050020182646,488,13,0
94,1015.793697062945,162,61,0
94,1130.582314499545,971,10,0
94,1186.504552687561,385,21,0
94,1175.5415612347576,309,89,0
94,1189.4675164244338,958,73,0
94,1289.3484813962007,1402,28,0
94,1290.809837472474,90,63,0
95,331.2369277681953,342,8,0
95,335.1215046593433,1180,10,0
95,342.4167612385029,1079,87,0
95,346.1308448513855,1229,83,0
95,353.0185945360563,676,45,0
95,358.88967253611963,118,61,0
95,362.6092100772016,1066,100,0
95,359.7787815921241,684,24,0
95,371.3004733353539,29,36,0
95,378.73999038116864,600,43,1
95,370.60618013229475,692,12,0
95,372.8514783060083,1204,92,0
95,378.5915392048983,87,36,0
95,383.49317696821885,226,47,1
95,390.6619633397072,1334,3,0
95,392.922584166686,1318,23,0
95,418.1274623007521,231,63,0
95,417.05355687508535,438,94,0
95,406.9185810550575,451,63,0
95,433.32265034689345,276,92,0
95,439.2938480890357,621,99,0
95,429.0925600581111,174,16,0
95,436.2164092231328,128,60,1
95,432.67898628121037,310,43,0
95,460.7510485856561,258,81,0
95,456.15449333691305,802,38,1
95,449.18134372691543,1198,38,0
95,456.39877640143277,1180,27,0
95,481.04093426229656,537,21,0
95,446.58061372400084,1324,50,0
95,499.25610074172516,539,32,0
95,504.81725720228843,571,14,0
95,473.4246735160709,882,92,1
95,481.8248370023018,1298,64,0
95,494.20959671491096,1100,90,0
95,507.1162582008808,965,18,0
95,486.84584829022396,637,52,0
95,477.9475088278924,967,76,0
95,482.44638985815106,32,95,0
95,520.3450989781328,451,83,0
95,482.0985966871268,1284,32,0
95,518.359242415405,384,63,0
96,202.03348134786248,716,33,0
96,210.24552515088448,373,90,0
96,215.35645316859856,227,77,0
96,227.64184474865917,798,28,0
96,227.93948376586295,1127,11,0
96,234.91068429343926,134,37,0
96,246.913851685802,470,90,0
96,243.34020186701179,1245,56,0
96,257.4793120262198,35,8,1
96,277.05408458928383,100,2,0
96,277.23455651159236,371,87,0
96,289.1487292796274,989,46,0
96,295.33696304857284,1072,54,0
96,302.3815566622979,839,31,0
96,305.94853650624475,314,43,0
96,320.3881818597955,1061,100,0
96,317.4645313440637,589,70,0
96,334.2039957846264,579,95,0
96,329.68779823567536,785,50,0
96,326.9004651368459,212,21,0
96,340.16541103573866,1176,8,0
96,371.3892374611841,935,52,0
96,340.089373696547,390,22,0
96,385.3791101355515,1391,92,0
96,370.66097935606433,711,79,0
96,376.7075928503451,1386,71,0
96,407.87289269186317,175,14,0
96,387.16862140511967,298,33,0
96,371.83123273649335,185,9,0
96,382.2217423014893,528,18,0
96,436.8407887335503,1389,16,0
96,402.02288199818787,902,11,0
96,392.73496311402664,484,74,0
96,451.07116016356633,183,69,0
96,500.67293335400916,864,79,1
96,486.66885837267125,1396,25,0
96,486.3894624927966,465,67,0
96,511.23481880249153,1157,78,0
96,517.5189994797006,1224,80,0
96,541.0254881602046,50,83,0
96,540.9673035128824,1214,96,0
96,483.1752573386792,1202,84,0
96,536.2989937890459,556,59,0
96,574.5175098173485,99,1,0
96,529.8719184626616,544,31,1
96,580.4687098586347,557,47,0
96,535.811490358814,315,68,0
96,487.6856552536973,1061,3,0
97,157.4771918494345,395,79,0
97,159.55003679011597,67,41,0
97,162.7516902820582,726,75,0
97,163.24585314992686,355,23,0
97,164.74625492252667,603,50,0
97,168.4422773643401,1385,66,0
97,169.3708677223793,828,92,0
97,173.59217266521978,574,15,1
97,173.9133284026112,515,89,0
97,175.0760051241446,945,68,0
97,180.72675962692676,436,42,0
97,181.54257857822745,495,65,0
97,188.99642965787748,1412,46,0
97,190.64921684534136,1301,33,0
97,192.386779052725,622,20,0
97,190.2640876495775,82,69,0
97,191.14834259433528,1112,61,0
97,195.3148111024995,695,55,0
97,203.73092694697348,1308,94,0
97,197.47586060218285,1240,20,0
97,204.2456661792771,11,48,1
97,199.6632080971794,1308,74,1
97,209.60073262052651,1127,66,1
97,213.16975042819251,211,91,0
97,209.4626706361735,1138,24,0
97,216.61944835169572,1086,45,1
97,217.10390594887156,609,14,0
97,212.45590866932025,33,93,0
97,215.2222166813429,1081,8,0
97,218.54307392177583,1201,20,0
97,211.47111540440952,506,81,0
97,219.35835607183282,529,27,0
97,234.6232993521371,446,36,0
97,239.34392019686572,1032,40,0
97,238.51851432229853,1427,36,0
97,219.68634088200622,1050,3,0
97,242.3880550074192,309,12,0
97,232.75836598234167,1250,3,0
97,231.74904748704088,985,57,0
97,231.46585516320772,124,87,0
97,228.4692662833562,1411,42,0
97,242.78416461483454,979,13,0
97,240.35503525262567,1085,95,0
97,261.7705041772792,1235,14,0
97,272.9725903018417,1006,28,0
97,247.5178010875374,1323,48,0
97,258.16157227176586,501,94,0
97,245.9609368948045,1434,93,0
98,854.0001583733626,615,92,0
98,876.3159793008929,600,16,0
98,919.4214591314822,995,72,0
98,931.1844729989928,462,83,0
98,979.3068801525661,1262,90,0
98,972.6153662791742,1095,5,0
98,990.700166205938,1009,45,0
98,1083.384069466405,654,95,0
98,1111.1755110641745,774,11,0
98,1108.0678386027478,1091,98,0
98,1152.5306662279888,21,56,0
98,1154.510890801032,1004,20,0
98,1239.9767443128144,1334,87,0
98,1220.7763159984074,1102,46,0
98,1273.8591010547404,875,9,0
98,1218.7615945145849,40,99,0
98,1323.1186110726553,324,42,0
99,316.25852357592754,1389,68,0
99,331.62518276253206,218,39,0
99,350.98340041113426,351,74,0
99,371.36969141996406,1085,48,0
99,382.3802959823296,106,12,0
99,390.3329723039766,131,45,1
99,432.8809988543822,1038,86,1
99,428.9598803501605,1341,80,0
99,470.56102020617124,425,64,0
99,476.6136125658028,1073,78,0
99,479.45234082613223,990,77,0
99,490.139109340603,390,85,0
99,523.939602221599,1388,72,0
99,520.3767986000006,353,63,0
99,572.3090412315548,750,37,0
99,586.1483831902253,1029,59,0
99,631.4920462960577,1046,76,0
99,543.4884377328382,1402,76,0
99,620.8827970962735,1248,86,0
99,624.7155721746665,1067,5,0
99,643.7165055084488,1140,23,1
99,601.3125543063859,1162,38,0
99,679.7664452034205,1095,18,0
99,702.6458569941981,1307,8,0
99,665.085824007658,193,18,0
99,649.0466596065676,1359,15,0
99,690.5230699944227,1084,21,1
99,774.6865396079322,306,68,1
99,727.2759883173075,272,27,0
99,755.17709838973,1332,66,0
100,137.96195168403978,860,6,0
100,140.88511302331165,90,37,0
100,143.72347722654322,246,53,0
100,146.871255421834,1054,52,0
100,148.8389775055077,122,90,0
100,155.86336420288302,516,29,0
100,156.9053231467355,1190,7,0
100,159.8183800551021,485,25,0
100,157.80094126146705,1330,97,0
100,161.14086943321345,528,80,0
100,163.09598425824475,485,20,0
100,166.70661847498184,239,5,0
100,176.94848666415118,545,8,0
100,174.60133341757222,407,81,0
100,183.08679675235493,688,14,0
100,187.14275703166615,604,88,0
100,189.50805533847188,1336,52,0
100,192.52836104066705,761,80,0
100,197.78472759267314,948,23,0
100,206.999600333486,383,85,0
100,208.16842318433947,42,30,0
100,191.0858594543846,475,26,0
100,196.32632673523108,747,14,0
100,198.0267671498747,909,35,0
100,213.46966653482917,738,90,0
100,227.4622878254898,1194,86,0
100,225.363030760211,796,40,0
100,207.90966233196997,1265,92,0
100,224.02672438121905,917,67,0
100,239.40281982100169,1342,74,0
100,239.66323463376185,214,18,0
100,223.99438956989422,22,100,0
100,228.62610233494712,647,52,0
100,251.82511075309247,922,5,0
100,258.6094935676086,333,89,0
100,254.65695940129632,1117,50,0
100,228.3848659468113,754,26,0
101,317.9841881937792,588,85,0
101,340.1701160032268,1296,87,0
101,357.6333569867368,695,21,1
101,380.30368306671886,472,97,0
101,411.82399086822613,1235,85,0
101,435.2820253232412,216,59,0
101,471.18623739495956,1235,47,0
101,486.92185532980767,156,83,0
101,511.20926071369774,241,27,0
101,534.3591638942328,913,46,0
101,557.7447170954086,1254,38,0
101,565.1803903005971,130,29,0
101,611.8761357111715,1341,93,0
101,635.9064200179539,276,35,0
102,435.7756656402009,198,86,0
102,443.6390826958145,432,72,0
102,451.71893339885037,378,88,0
102,466.6965901861961,204,11,0
102,473.6056276253915,192,90,0
102,471.92565921523635,574,16,0
102,486.89760497821237,286,70,0
102,500.2725301824189,518,98,0
102,497.8568030548319,981,81,0
102,505.79288238347516,302,16,0
102,515.7414408880826,1391,80,0
102,524.5442354386,692,25,0
102,552.9840692793867,1001,79,0
102,544.5291897280962,1405,78,0
102,539.3198548516372,4,43,0
102,574.0451655772541,703,50,0
102,548.519019265179,728,10,0
102,581.6672895244776,796,6,0
102,619.0870878230235,217,9,0
102,617.0025129258695,880,37,0
102,641.9353058689209,674,55,0
102,620.0338533356397,470,81,0
102,600.7118163037946,178,48,0
102,610.8994324931747,1377,44,0
102,627.0041866050568,1129,58,0
102,611.8327696549452,372,69,0
102,629.2551999220007,94,70,0
102,685.3640210095951,94,5,0
102,692.4860290074735,615,83,0
102,676.3960820033865,231,28,0
102,750.3015337135067,731,60,0
102,721.5474650646572,566,33,0
102,718.6339514870313,208,79,0
102,710.4630375576401,855,70,0
102,691.0246745896752,867,47,0
102,796.9763272872724,28,63,0
102,720.1000181469033,771,81,0
102,820.1030098825256,969,40,0
102,716.3760853449023,416,58,0
102,774.6938427881059,632,65,0
102,835.2121580325166,1160,46,0
103,324.51844680452615,543,34,0
103,338.8048919407098,375,60,0
103,351.70945204622495,212,6,0
103,358.89530224657426,643,65,0
103,365.3526547616406,947,11,0
103,376.49405108317166,691,92,0
103,412.70884230393835,175,56,0
103,425.6645110059323,845,77,0
103,413.31600551800756,846,94,0
103,456.33113944615127,945,51,0
103,429.03578854386456,1239,35,0
103,472.6738697172859,1419,54,0
103,477.34966563985904,324,36,0
103,474.367022482645,1370,98,0
103,471.32281406820107,1252,9,0
103,539.5636900494792,578,78,0
103,563.933465744294,1197,43,0
103,516.6143177278028,853,84,0
103,515.7694060196784,1111,16,0
103,597.2822776565065,345,23,0
103,588.8015362262387,1043,92,0
103,584.6151722949617,424,83,0
103,566.9433990647236,26,45,0
103,656.9509187260307,1424,35,0
103,594.6103922074706,7,59,0
103,609.2848759109324,1328,2,0
103,610.2765796535699,1037,93,0
103,609.5086579850932,203,58,0
103,725.7367200398199,1318,36,0
103,687.7039524350608,1055,71,0
103,699.2537968608411,610,70,0
103,714.6195221951299,355,76,0
103,654.3038113002189,1325,76,0
103,799.1549610967527,529,40,0
103,761.8553192567072,521,78,0
103,749.0843240000129,282,73,0
103,737.0952509393499,981,5,0
103,850.6916079273249,721,14,0
103,738.1449283905463,1306,73,0
103,868.1062636223676,1267,24,0
103,818.748912911078,401,89,0
103,844.5445333346358,448,99,0
104,719.4497707482709,356,1,0
104,761.0830344916023,773,5,0
104,786.952140983222,413,37,0
104,807.8580244062341,304,59,0
104,885.7533258661995,1439,71,0
104,925.1701674159281,645,49,0
104,937.6274771190126,709,97,0
104,934.9102471925542,1437,57,0
104,1007.0065213257728,157,39,0
104,988.5224751006373,624,23,0
104,1025.0552891737552,157,33,1
104,1169.7355645639084,925,44,0
105,366.8526903699722,1095,40,0
105,390.0542810275887,150,41,1
105,413.3160129377552,685,66,0
105,433.5005468776519,544,56,0
105,461.41812241651064,1290,39,0
105,454.8384540898764,241,52,0
105,477.5591128510636,572,80,0
105,490.97941752304047,629,17,0
105,564.9347195511348,891,62,0
105,524.3070840396224,1115,89,0
105,557.4242681978278,409,69,1
105,558.9099897116098,473,37,0
105,603.2947663819953,1261,26,0
105,642.2199028337518,30,79,0
105,652.0128495902635,245,4,0
105,738.3989345331127,181,32,0
105,721.7530687898372,850,12,0
105,715.9354808621371,914,91,0
105,788.4351856272058,644,2,0
105,829.8891052307328,857,96,0
105,718.4233568281418,848,30,1
105,807.5714019354948,362,94,0
106,437.0225049237182,204,23,0
106,471.2908061662182,371,22,0
106,521.129671875477,359,86,0
106,561.5022989351003,349,14,0
106,601.6837799511794,602,80,0
106,639.5155851641613,890,22,0
106,621.0225679866265,114,96,0
106,706.1980142399009,695,68,0
106,740.6814748588981,24,41,0
106,741.7693611130716,1204,41,0
106,822.5912720695408,575,25,0
106,815.8790438480298,1011,94,0
106,926.8121066696369,458,81,0
106,869.4827405631447,1382,54,0
107,378.08672979575806,1078,16,0
107,394.1140030067044,725,42,0
107,413.435741386691,722,18,0
107,428.36201707685524,1390,10,0
107,448.54628891606745,139,51,0
107,450.51823474093266,420,64,0
107,478.2355289160431,237,65,0
107,500.37451494003994,1345,52,0
107,490.6533574901292,631,8,0
107,504.1331605816818,288,32,0
107,533.5228975569994,722,55,0
107,519.8989638306907,106,99,0
107,569.394863731207,1177,87,0
107,555.9201439576159,341,91,0
107,607.3561731339437,10,23,0
107,588.6656493203753,1036,23,0
107,641.2374423091876,36,20,0
107,677.134755952102,375,97,0
107,628.5098303369765,428,27,0
107,659.602055397582,902,74,0
107,714.9605325359253,1016,8,0
107,765.4171457462464,1077,73,0
107,765.4582748885579,639,18,0
107,720.1052158127081,1144,68,0
107,806.1290076078028,477,67,0
107,700.3750373459786,604,62,1
107,812.5529092212719,478,12,1
107,744.6022059297004,243,80,0
107,897.3252053927674,910,60,0
107,819.3853970054752,667,22,0
107,804.2220058951034,1421,11,0
107,791.3205541512889,1173,61,0
107,798.7297863863799,1222,18,0
107,945.0349309155463,864,34,0
107,896.3798551226422,645,38,0
107,1031.057342008905,343,98,1
107,900.7528711441121,384,45,1
108,681.7875271876424,792,67,0
108,702.6321579033809,1050,80,0
108,721.8150398321228,268,60,0
108,764.8032607428999,1395,31,0
108,781.7440729551848,440,87,0
108,786.9037002500055,1372,73,0
108,838.6319485196839,72,61,0
108,853.9985449687746,755,90,1
108,850.2413694674302,82,3,0
108,873.4502493338958,121,18,0
108,952.8407893445648,475,100,0
108,957.47786466701,826,45,0
108,963.3609436177519,1103,89,0
108,1008.3614267352878,1073,61,0
108,976.0980540406447,1204,16,0
108,1070.6043258177451,698,52,0
108,1115.4717650626542,1416,76,0
108,1065.8221693448481,1099,77,0
108,1177.3355938970271,433,20,0
108,1133.7685467614604,1070,46,0
108,1170.452893194407,987,91,0
108,1257.028912071255,749,32,1
108,1296.113949675088,53,40,0
108,1252.057853963688,1142,53,0
108,1354.4375814688717,731,56,0
108,1350.466169170768,131,24,0
108,1309.1537823039225,1244,89,1
108,1414.7107166032204,739,21,0
108,1311.775718594759,1439,87,0
108,1402.0442165923914,941,19,0
108,1324.5613170521249,645,25,0
108,1456.7421831871006,832,77,0
108,1488.0194335829192,1110,64,0
109,85.55234854129804,1150,9,0
109,92.15816078667474,275,9,0
109,98.72149699473192,652,91,0
109,104.856477056817,72,80,0
109,119.41551474932567,152,64,0
109,120.08447742409896,711,61,0
109,122.27847004257737,1194,78,0
109,127.70265997034137,1324,88,0
109,133.22555860204082,894,45,0
109,157.92655127405138,525,46,0
109,165.14892094498217,1153,27,0
109,166.79241440878752,1170,58,0
109,175.67016187439174,229,40,0
109,192.70035797872612,417,88,1
109,202.32294805021905,406,78,0
109,201.1499359300716,3,16,0
109,218.88691054769666,1006,80,0
109,201.64817779319907,1319,33,1
109,201.47074618305052,163,54,0
109,228.26048646694034,1059,78,0
109,215.79770745857556,632,77,0
109,230.32401313460858,199,96,1
110,526.4976030137193,54,48,0
110,594.1538737036228,1285,36,1
110,681.6528773702054,963,88,0
110,768.2334603691753,739,66,0
110,762.7029121523092,234,60,0
110,843.7486486178532,584,84,0
111,597.0503732343857,1278,34,0
111,615.6869950507231,640,45,0
111,639.748462639827,1151,1,0
111,649.855744005272,171,83,0
111,666.5369339207881,307,43,1
111,693.2216085599579,953,84,0
111,715.1963063303009,358,54,1
111,758.3849777278308,1322,39,0
111,727.1643195823983,1004,7,0
111,769.8306638076226,1062,13,0
111,762.4608327742523,1152,96,0
111,830.3274885405774,15,28,0
111,867.6656178197287,362,10,0
111,809.6175726902683,693,42,0
111,813.8874924136405,56,39,0
111,861.8126322573628,473,98,0
111,936.6790300632417,938,50,0
111,982.9913938926195,965,62,1
111,878.6353022376677,1126,20,0
111,1011.8366303615221,112,48,0
111,973.0169039130308,314,29,0
111,977.8053205282517,1337,96,0
111,966.8956953094464,534,67,0
111,1052.6159271524878,1242,95,0
111,1116.3031869778133,115,34,0
111,1083.1128096871669,892,78,1
111,1064.5922608749718,480,4,0
111,1081.0142084683298,1177,43,0
111,1174.7869095777198,1391,46,0
111,1242.4376143462614,1379,100,0
111,1267.8591766403194,1263,70,0
111,1122.2479755874076,649,11,0
111,1266.5120728115148,915,29,0
111,1262.4858346779702,630,56,0
111,1193.702580722867,88,8,0
112,439.51621764533866,826,98,0
112,445.8120679733305,194,66,0
112,458.1951790280064,103,21,0
112,459.22864068043907,38,36,0
112,476.5762511968253,1216,30,0
112,475.53877202008454,462,64,0
112,482.53652259634043,893,16,0
112,504.69377420124454,610,4,0
112,497.25212134146176,779,39,0
112,519.3887274427569,611,78,1
112,523.9693130669568,866,92,0
112,511.4341168682828,1335,38,0
112,523.177478100105,31,100,0
112,529.9149887573686,975,59,0
112,563.8374639953772,1113,30,1
112,538.1508888165285,25,61,0
112,558.8163276515884,1386,28,0
112,547.2882702060875,611,23,0
112,564.4287845965014,73,43,0
112,558.7056304812559,918,48,1
112,574.1458708535908,1373,14,0
112,633.8867750462596,140,86,0
112,578.5195317425699,644,57,0
112,607.4663544663405,1169,25,0
112,596.9907111628713,1377,68,0
112,645.2783576606384,737,90,0
112,660.0037606725034,225,96,0
112,665.5491773976826,1118,98,0
112,627.3655095976596,1360,17,0
112,705.0200812394642,1414,29,0
112,683.379913862192,126,35,0
112,644.9246963863046,585,2,0
112,666.2034176116697,980,61,0
112,690.3450628139096,553,88,0
112,682.0513504805422,1111,11,0
112,709.1970010475782,494,44,0
112,667.1291044925331,1245,54,0
112,701.5120401772547,238,10,0
112,769.4783043540506,1229,14,0
112,700.9445409032935,379,100,0
112,720.2263013593031,798,78,0
112,789.8155827947742,1127,27,0
112,784.9067721548674,349,79,0
112,776.1298888304142,612,40,0
112,744.6388216920286,1166,68,0
112,777.160483905056,538,100,0
113,735.2731806539035,794,78,0
113,903.5366189708317,364,72,1
113,1151.7878041863028,1307,36,0
113,1308.3967591425237,1369,64,0
113,1458.8915116144362,139,63,0
113,1848.7670126108696,793,93,0
114,776.7204882185044,329,74,0
114,803.2525462785351,668,31,0
114,826.9183064553627,976,99,0
114,847.5720691190365,879,29,0
114,866.184431553861,13,13,0
114,923.6788780689346,348,56,0
114,908.2900037187803,444,68,0
114,962.9346981773051,24,59,0
114,952.6068817838072,224,72,0
114,979.5544211421336,834,79,0
114,1005.3142934889078,1090,20,0
114,1069.162232531618,137,36,0
114,1056.9449485372534,638,68,0
114,1126.5017309638156,625,96,0
114,1126.8468948853633,745,7,0
114,1107.5329631118775,916,98,0
114,1137.8497711736377,175,94,0
114,1218.1474570902342,472,62,0
115,572.4678643875292,735,71,0
115,593.5652118782725,50,18,0
115,605.8357389185829,1173,70,0
115,630.9774339373354,478,15,0
115,640.4767241709067,1136,55,0
115,656.2453571984959,933,40,0
115,710.7807327755158,626,41,0
115,688.2859218875,1195,43,0
115,756.3412371504514,895,25,0
115,735.7755344062914,532,90,0
115,809.917052580348,631,7,0
115,834.4309924189141,640,23,0
115,778.5614767192609,1319,88,0
115,865.4390786160061,360,80,0
115,890.9910023332477,250,49,0
115,830.264359957616,62,3,0
115,920.856489371612,1200,1,0
115,908.8589927314845,1088,9,0
115,1013.590596077268,130,9,0
115,994.7150923347388,1043,40,0
115,1061.9718863543933,68,73,0
115,1033.0416981264082,43,46,0
115,980.0966071981844,945,99,0
115,992.4980280298187,1351,70,0
115,968.1581943281201,1310,67,0
115,1083.9639231485162,1356,96,0
115,1100.8461390600087,112,51,0
115,1204.0941403958752,246,65,0
115,1046.6118206940728,144,59,0
115,1126.7295514126558,536,77,0
115,1112.1106486288459,1382,39,1
115,1316.8540018587114,1392,100,0
115,1156.0680279029377,1109,35,0
116,677.5744039911405,70,100,0
116,730.2612748283528,1367,68,0
116,822.3797161622807,213,45,0
116,844.3661025503069,631,20,0
116,956.346658113818,1066,78,0
116,970.7710402084936,1221,8,0
116,1108.362231253058,786,45,0
116,1134.7931413126262,930,73,0
116,1166.2001429499742,1203,96,0
116,1137.7026874503879,438,38,0
116,1274.2804368163916,877,87,0
116,1424.5312968219525,943,26,0
116,1467.7242083468836,738,42,0
117,722.148819235569,954,40,0
117,733.0493511177924,1342,90,0
117,743.512180047252,1078,41,0
117,751.1719903405244,864,38,0
117,771.3490142052436,1236,53,0
117,779.6471600353832,166,34,0
117,807.1397324378462,685,83,0
117,793.8544074219398,437,20,0
117,809.2620031988533,1082,87,0
117,842.2921807616278,600,34,0
117,825.7937214427399,1235,80,0
117,859.2782057245453,869,87,0
117,867.2238631943669,721,11,0
117,877.0148416955577,1344,67,0
117,883.9067499105781,666,49,0
117,893.9133763567564,413,28,1
117,915.7170361270981,303,40,1
117,911.5941842105436,1108,80,0
117,922.2338580548302,432,61,0
117,954.90901845234,959,85,0
117,945.4899565634556,1122,38,0
117,931.8298055569195,1181,98,0
117,998.51418610669,716,8,0
117,1006.6339093296174,136,31,0
117,1033.8181154106046,205,18,0
117,1010.4848682820606,935,91,0
117,1087.141501755617,378,72,0
117,1109.542516425984,430,10,1
117,1084.5805189098946,475,39,0
117,1024.187724306851,860,95,0
117,1083.6422288095534,541,77,0
117,1075.375504915848,1301,71,0
117,1092.355775427482,330,56,0
117,1162.3635987534165,332,63,0
117,1068.958078638235,675,11,0
117,1063.7525350559697,310,94,1
117,1141.3111174039827,677,61,0
117,1164.3780663881266,881,35,0
117,1153.5524434311383,1063,78,0
117,1282.2542611166264,522,57,0
117,1287.7078759162728,798,78,1
117,1199.031871755121,666,88,0
117,1194.5661324774248,331,38,0
117,1276.6025662355014,1084,14,0
118,589.7518312319455,1325,3,0
118,599.8395548030359,901,96,0
118,606.7358194837182,344,9,0
118,617.5826115467473,1027,58,0
118,623.3113445662842,429,90,0
118,642.9842580622905,831,12,0
118,633.8919313327615,980,94,1
118,663.1438911352769,883,53,0
118,671.2068042480961,221,17,1
118,680.5356568854424,959,67,0
118,692.8467188833224,1066,23,0
118,686.8884983167495,49,41,0
118,698.3128461032738,442,14,0
118,700.0125250730125,802,45,0
118,698.5025377068298,1188,37,0
118,699.0781713876816,1297,72,0
118,763.4018650340979,1434,6,0
118,752.7956933518868,1275,31,0
118,733.3061016352166,65,35,0
118,795.9315080838593,627,80,0
118,742.6315975314208,209,5,0
118,748.1975454934689,569,65,0
118,765.3478926935206,540,21,0
118,799.4717494878571,941,61,0
118,829.5600272475237,343,39,0
118,800.5667983105826,1367,37,0
118,841.4049853208656,283,68,0
118,842.0569653762758,490,48,0
118,840.0696634928456,799,54,0
118,825.2778604339292,559,97,1
118,815.1055626261932,21,45,0
118,839.7065989859907,1277,69,0
118,900.1051861189114,1405,7,0
118,843.6718344287983,1091,33,1
118,930.2114622056458,1024,57,0
118,879.0400898871978,488,32,0
118,951.8665136550886,611,3,0
118,985.6507231681563,493,82,0
118,944.7679717697658,98,74,0
118,1007.9436425917941,1347,1,0
118,943.7146365831346,387,66,0
118,950.3224574766405,1175,6,0
118,964.3262306318912,812,83,0
118,1049.9842362948896,554,52,0
118,1014.2244301133117,71,25,0
118,1071.2384536984296,1037,21,0
118,1017.051128005359,1148,52,0
119,470.4132136688961,733,95,0
119,482.271187716622,984,77,0
119,492.3183169098169,784,7,0
119,497.60498459885105,239,100,0
119,517.2084656039779,287,63,0
119,521.9666278533546,850,80,0
119,547.6011444292753,656,21,0
119,553.1367664904222,1164,19,0
119,562.1961480954197,644,60,0
119,570.7096967257412,685,67,0
119,602.0608255072881,606,2,0
119,592.1537530795816,545,79,0
119,612.505669583297,1003,9,0
119,601.6736392769351,1399,68,0
119,603.8443505605663,1110,21,0
119,632.557434580878,1164,89,0
119,638.0398192551261,482,5,0
119,673.7517487650201,891,87,0
119,656.8707297460959,1233,65,0
119,669.2106893521171,932,1,0
119,664.2220602692826,776,24,1
119,718.4462780349847,598,48,0
119,758.2854703855111,1233,48,0
119,740.2815438171483,38,34,0
119,721.4222479779419,614,68,0
119,714.5444288856756,449,87,0
119,791.2216460139327,1055,67,0
119,802.3679238544634,1306,36,0
119,734.2956912577033,174,69,1
120,784.8882337488787,1124,95,0
120,873.395702559553,887,40,0
120,934.424675612223,1351,85,0
120,1015.7902351398867,1372,94,0
120,1089.3563112428365,1264,17,0
120,1171.6152805361476,158,43,0
120,1319.8657272884057,624,32,0
120,1398.5060353602464,372,95,0
120,1501.5093276089156,1435,3,0
120,1591.382301912365,684,18,0
120,1594.3425227223338,797,73,0
120,1585.373731235039,889,76,0
120,1696.2749752931836,710,5,0
120,1747.5667605808662,515,49,0
121,959.3257530568318,1000,53,0
121,980.5846892212672,426,10,0
121,996.5522148532608,125,79,0
121,1020.1222153647453,992,87,0
121,1062.7204479455793,172,43,0
121,1052.3786894808154,1019,50,1
121,1068.9857063962831,589,55,0
121,1093.090583750938,525,79,0
121,1153.3786781874269,116,63,0
121,1151.377077479687,1295,80,0
121,1135.809660241273,164,59,0
121,1234.614233180146,393,62,0
121,1197.067474958794,353,60,0
121,1251.1192000627002,1257,73,0
121,1266.1045397595317,440,29,0
121,1299.2794563420211,931,19,0
121,1291.0765951116525,545,96,0
121,1325.9239960247078,981,77,0
121,1353.817650438301,1219,50,0
121,1293.2419388183132,5,28,1
121,1390.0581531331727,1278,27,0
121,1486.6787476948193,156,28,0
121,1440.6017400457824,1217,83,0
121,1522.9378916145984,36,100,0
121,1576.6429033875106,390,43,0
121,1500.4678027652203,1098,43,0
121,1476.1718674467952,119,61,0
121,1537.6802862485442,732,31,0
121,1538.5393253227885,641,30,0
121,1567.9587522433096,139,42,0
121,1720.6837390923897,648,69,0
121,1701.6305059417587,80,29,0
121,1549.9073222761435,1074,23,0
121,1693.9439247497273,173,36,0
121,1621.9382168495201,1247,16,0
121,1804.8880539725114,42,19,0
121,1763.7317370865198,1359,45,0
121,1694.561822217059,187,65,0
121,1664.1636353319977,452,42,0
121,1918.568211360131,805,12,0
121,1958.5896324495473,390,35,0
121,1897.2768987926834,897,51,1
121,1810.6483972120618,233,65,0
121,2066.8676180100615,650,70,0
121,2038.6439338602872,1246,15,0
121,1864.2833750839177,1432,79,0
121,2034.1349406511517,1049,51,0
122,58.08182954044051,1282,48,0
122,61.21075083163434,469,72,0
122,64.61201730393091,424,77,0
122,66.80297961563495,1279,16,1
122,69.91234414703955,739,95,0
122,70.5635524150658,745,43,0
122,74.47314968248752,464,50,0
122,76.63511276358909,122,17,0
122,81.10498362311696,483,5,0
122,86.81646834424538,942,19,0
122,87.14896400057924,407,56,0
122,85.0902329637942,1112,23,0
122,89.44335765008428,475,23,0
122,90.42849437253932,883,16,0
122,104.98836138768846,889,28,0
122,99.52825219876098,1069,94,0
122,108.32517145154048,734,58,0
122,112.93703654591368,1251,42,0
122,116.68763999379505,591,10,0
122,118.57007786329213,1146,50,0
122,127.81673979488556,575,57,0
122,118.05505917903298,177,32,1
122,116.8575613180507,712,12,0
122,124.9163267205469,796,20,0
122,130.52920857803127,83,7,0
122,123.95466715909119,465,75,0
122,120.73070431192998,256,84,0
122,146.4150983505707,939,67,0
122,129.16159725396804,279,32,0
122,136.78850423633395,155,82,0
122,139.40567310206234,1215,84,0
122,153.8004579686023,341,36,0
122,165.73321714848032,35,65,0
122,135.84552886916208,51,93,0
122,156.758967341983,1300,42,0
123,93.38999462268734,1321,92,0
123,107.0427101860975,436,88,0
123,125.26323545654085,952,61,0
123,128.49912021016644,373,88,0
123,149.10259599724657,904,17,0
123,152.61996708867227,618,40,0
123,174.47239022515038,959,53,0
123,187.1072199202053,344,14,0
123,207.9002972644244,236,6,0
123,208.3824528980604,762,31,0
124,57.18120478683287,454,45,0
124,59.23623938191611,366,91,0
124,62.392620354488066,852,30,0
124,63.032975280211275,1181,10,0
124,65.61404346965372,677,27,0
124,67.00074237044144,430,94,0
124,70.78028935207202,937,73,0
124,69.8746898690428,1323,42,0
124,72.56957179583634,1265,39,1
124,81.0615304495317,762,52,0
124,77.59373476488976,966,74,0
124,78.43952496863928,1357,49,0
124,82.34621364943072,815,21,0
124,89.17744604389739,1403,81,0
125,120.51115869516084,839,92,0
125,125.67995852753756,124,42,0
125,130.84797568107766,242,1,0
125,137.45812473860133,264,45,0
125,145.44560241739345,1418,43,0
125,150.12574212255717,873,69,0
125,161.40790209068328,944,56,0
125,161.5172176308582,101,93,0
125,163.7433412270065,178,25,0
125,167.36544895342257,729,34,0
125,184.6763986975317,1269,92,0
125,172.3966987259907,1322,74,0
125,181.42259611191372,1292,44,0
125,183.58459285183525,3,67,0
125,211.94910552047867,827,56,0
125,192.4793427747992,274,90,0
125,221.5409650053604,904,3,0
125,201.7336921765625,193,29,1
125,204.24385778716945,476,58,0
125,239.20446534724803,739,97,0
125,236.5335229185116,532,88,0
125,230.7613992309178,849,6,0
125,233.24909822693843,225,76,0
125,252.0997841714333,295,19,0
126,252.4519581321911,1183,67,0
126,269.90886576800034,7,64,0
126,293.15850034735803,266,9,0
126,312.7310406691893,854,31,0
126,327.0256218584837,1327,25,0
126,336.0893024286738,608,8,0
126,361.828859231932,188,20,0
126,354.3624839136926,96,81,0
126,407.9655112968552,31,99,0
126,430.91888053199796,663,77,0
126,401.2114799147253,1164,39,0
126,476.01785276896896,1362,83,0
126,482.95191067064053,205,91,0
126,483.2422349543034,682,33,0
127,566.0793434455771,778,56,0
127,585.7921548979083,471,23,0
127,596.7120187513862,1063,13,0
127,615.0663949053213,895,94,0
127,634.6092131452621,826,24,0
127,654.4685533804594,418,88,0
127,685.1222874276232,78,33,0
127,691.9780379837125,146,76,0
127,704.8559080356997,398,18,0
127,716.9210234607228,802,96,0
127,767.0830871178264,181,55,0
127,751.9955630356123,606,75,0
127,800.0426112559649,510,3,0
127,757.0084031881034,242,51,0
127,809.56834630629,904,14,0
127,848.8961482541163,23,37,0
127,854.7257288064999,1411,47,0
127,843.6026617631851,94,53,0
127,838.749688045024,1160,51,0
127,944.201540681854,1368,66,0
127,921.6425582113807,1292,67,0
127,916.8839943998498,94,94,0
127,985.2743408717197,1116,58,0
127,989.3149955842293,1011,40,0
127,1011.624413285092,972,34,0
127,939.0747267310481,830,12,0
127,975.8707206103608,80,68,0
127,1066.3578423010579,866,100,1
128,53.23372298691477,1264,6,0
128,68.64020863496197,331,33,1
128,81.42639980555188,9,56,0
128,96.78326209263798,1098,23,0
128,110.67678854780209,191,88,0
128,119.79428377721564,1008,91,0
128,157.99174750878404,610,93,0
129,686.2747613904951,26,26,0
129,694.4292407181683,353,37,0
129,702.3349082971763,1064,28,0
129,711.9074704416025,911,95,0
129,728.0263826980063,335,42,0
129,730.9750022612631,1257,48,0
129,745.6488925930295,613,82,0
129,753.5387179568659,1418,46,0
129,764.2375317428981,1344,71,0
129,757.9297791288085,560,20,0
129,761.3784909757344,734,37,0
129,800.9106909937652,1288,85,0
129,790.3849601067728,341,64,0
129,817.5867497188049,1054,82,0
129,825.0766649260202,191,99,0
129,806.2349771201951,801,96,0
129,816.315757925275,1425,21,1
129,865.5515689489123,828,61,0
129,817.4489485497623,1430,71,0
129,864.9171272277124,1372,53,0
129,898.3368431161969,885,83,0
129,908.4387704317708,127,66,0
129,852.7503102137536,1346,32,0
129,867.5512002270449,226,28,0
129,868.5181860027654,931,61,0
129,924.8611417774869,80,9,1
129,889.2791362956142,82,52,0
129,950.7635507842992,1186,67,0
129,978.1480665206454,377,32,0
129,963.9434353304384,953,73,0
129,984.1422603041176,775,62,1
129,938.119806793976,24,76,0
129,973.818195657627,161,57,0
129,979.6769821375675,274,87,0
129,1009.2337810380627,1158,76,0
129,1023.2396292557103,1100,3,0
129,1010.0797420846632,173,65,0
129,1057.2202858529356,511,35,0
129,1095.7807262546996,401,81,0
129,1083.5666549521343,678,77,0
129,1100.2508844515974,813,91,0
129,1069.1599489186674,12,38,0
129,991.0695526573718,90,89,0
129,1040.7212997643358,771,30,0
129,1075.3166038647792,875,28,0
130,706.9540040133837,385,81,0
130,718.1384533660804,219,45,0
130,726.6402911671618,1177,27,0
130,733.3929362981693,584,65,0
130,743.9987971715337,255,48,0
130,762.8520669627326,1359,51,0
130,780.6457789033047,1085,86,0
130,782.7033867598366,50,49,0
130,804.9129162250116,317,72,0
130,791.6701612915805,464,82,0
130,828.3227524394574,1388,44,0
130,800.5607053584796,1230,73,0
130,836.3516234289176,566,94,0
130,847.0062517248608,341,72,0
130,861.6384947148996,1397,21,0
130,885.092104219628,299,96,0
130,887.0952890260841,694,85,0
130,910.3036845287457,670,84,0
130,920.0315646983054,1163,81,0
130,939.8463931624461,824,96,0
130,921.6369674968322,617,99,0
130,900.728523490195,765,80,0
130,958.209138014183,96,54,0
130,941.8961286450262,89,25,0
130,916.4864690878399,472,51,0
130,978.3239194414161,183,90,0
130,1026.2385586794214,874,15,0
130,1045.0395306465368,1268,42,0
130,1007.4880850244028,975,83,0
130,1059.5477601700672,1250,9,0
130,965.2018518727261,411,1,0
130,994.4063803642537,1357,19,0
130,1026.6425151538156,102,44,0
130,1026.6152011043885,661,50,0
130,1092.2338491669939,570,85,0
130,1143.7793510391825,1126,60,0
130,1071.7263059298834,489,39,0
130,1029.7281242348286,247,17,0
130,1113.0489558338134,133,82,0
130,1112.6606129604033,891,18,0
130,1098.9944609646136,1103,61,0
130,1212.2699499528944,787,71,0
130,1091.3369376965788,418,70,0
130,1189.6326620183,1409,12,0
130,1132.0028150195021,435,87,0
130,1246.2517150602312,1030,77,0
130,1106.0631273964377,112,55,0
130,1288.3455662156152,182,4,0
131,932.0487027728647,967,1,0
131,969.3045791759896,208,43,0
131,986.1098545878071,811,95,0
131,1018.8138917881163,1099,91,0
131,1056.2975438757678,173,59,0
131,1080.172171060153,627,7,0
131,1151.902261412253,1405,76,0
131,1141.5101678677863,887,33,0
131,1160.4778214968799,107,75,0
131,1189.6815365933887,1242,52,0
131,1238.0226720744943,711,2,0
131,1259.1694608044077,1085,50,0
131,1236.5312268703424,646,72,0
131,1350.694674440389,509,57,0
131,1304.0922070767353,121,15,0
131,1479.563063370233,1357,41,0
131,1500.4669243182648,1186,3,0
131,1436.480372923194,563,20,0
131,1489.0126286128402,938,5,0
131,1485.8727087434859,1227,41,0
131,1454.915422768608,339,13,0
131,1638.5874966623228,1278,26,0
131,1655.932013180468,279,55,0
131,1796.7748472634696,1422,68,0
131,1707.8143642781893,826,58,0
131,1656.1264683303903,1320,34,0
131,1872.9715665484596,1084,65,0
131,1617.170224342625,772,81,0
131,1931.550532747645,638,29,0
131,2009.9739185099706,680,95,0
131,1950.884307894541,1278,62,0
131,1738.927077128657,955,54,0
131,2078.3482089533295,328,8,1
131,1939.369127560482,816,93,0
131,2100.0449144796753,211,8,1
131,2085.7245556959306,598,87,0
131,2082.9914373294923,1131,25,1
131,2309.987032054732,582,31,0
131,2102.294128938693,807,4,0
131,2023.1191341731387,887,25,0
131,2157.6955683362535,179,79,1
132,34.371042558052,727,22,0
132,36.04001805227597,528,13,0
132,39.177822806377606,178,6,0
132,40.95176875179289,44,44,0
132,41.114412008646816,366,5,0
132,45.58344269877885,1099,47,0
132,47.330788462798274,538,85,0
132,51.182840102252555,732,25,0
132,50.65618610672209,1254,77,0
132,50.15889788050869,1284,11,0
132,53.35036910775462,1316,17,0
132,58.34569769580827,932,77,0
132,60.87213321333379,1265,39,0
132,61.47249829338713,689,47,0
132,66.3823040984351,1437,69,0
132,65.63862402031307,452,98,0
132,70.05622186162704,1201,61,0
132,62.28022866208835,706,6,0
132,66.08874427956907,151,100,0
132,67.47242779882956,1219,32,0
132,77.56003135936456,178,55,0
133,600.931408193177,224,97,0
133,624.7081653056811,971,75,0
133,659.2190709911104,817,7,0
133,666.3803514706618,263,4,0
133,716.3016968700439,107,28,0
133,744.0052689825362,895,25,0
133,762.5934648496982,1117,91,0
133,798.5092937357703,1147,64,0
133,784.2673241193938,309,85,0
133,866.355899579964,888,52,0
133,877.360236975222,1194,1,0
133,897.26829681374,626,25,0
133,911.1849631226826,151,16,0
133,898.7407068219584,623,34,0
133,941.9213263399929,324,38,0
133,1054.5700671070963,1220,46,0
133,995.078516583678,676,80,0
133,967.1554753298595,81,41,0
133,1060.426679874965,1374,27,0
133,1039.2388432292112,724,72,0
133,1107.998980433384,445,80,0
133,1083.6269711725122,318,53,0
133,1165.0928940918623,572,88,0
133,1259.6117762401122,815,17,0
133,1153.7100079577458,564,100,0
133,1192.220228540015,946,37,0
133,1306.9700704518389,369,21,0
133,1348.502120321023,700,60,0
133,1280.961104625229,484,62,0
133,1455.662564992909,902,51,0
133,1369.8821457990016,903,73,0
133,1257.114075129929,180,26,0
133,1450.4470557626796,684,35,0
133,1584.993719819918,239,38,0
133,1395.771910752891,742,83,0
133,1417.6538018737724,843,51,0
133,1377.597824213055,910,4,0
133,1424.000520649749,1085,40,0
134,679.9774911027323,1350,18,0
134,703.3281304434066,1072,84,0
134,734.9098701305011,207,76,0
134,752.7676188941151,1184,7,0
134,771.4201101409681,361,44,0
134,814.6970470662288,737,55,0
134,811.4377147836894,124,62,0
134,878.0365537069428,641,33,0
134,883.6942863421878,1198,22,0
134,858.9872058108385,375,55,0
134,947.6834882057708,1221,67,0
134,941.168570117577,792,94,0
134,909.0353580397843,815,33,0
134,944.2499739865605,144,28,0
134,1012.3789004406481,87,60,0
134,1025.7889651934724,769,97,0
134,1030.3138317556798,686,26,0
134,1127.4702108800866,866,82,0
134,1138.1960995526376,317,2,0
134,1165.9477131492654,120,12,0
134,1241.6475167408794,392,15,0
134,1187.951342955348,885,71,0
134,1104.4062710111427,678,2,0
134,1307.4049637439089,145,56,0
134,1322.4589886400338,461,48,0
134,1389.0178818450959,310,82,0
134,1233.7781472980078,37,91,0
134,1243.9673674474045,955,3,0
134,1324.55542624221,282,67,0
134,1438.2093253636513,696,10,0
134,1463.8421239206848,162,41,0
134,1294.6520612245477,1081,10,0
134,1412.2084538460722,800,32,0
134,1438.7686390083268,815,70,0
134,1438.300761529896,975,32,1
134,1524.9593899178994,506,14,0
134,1461.27142217142,454,68,1
134,1507.9032878849903,82,90,0
134,1708.5297416473777,72,18,0
134,1630.7953438582967,22,14,0
134,1776.996326114577,1396,27,0
134,1810.5361927957579,999,89,0
134,1807.7373798990618,1264,31,0
134,1829.8976571925537,206,89,0
134,1840.5807115697455,1345,57,0
135,207.80773861046637,1371,44,0
135,216.4470783066566,690,69,0
135,233.05803962000135,215,96,0
135,242.06216227136088,70,60,0
135,251.14408714075074,1010,19,0
135,257.9222428954554,244,25,0
135,263.7582192430612,244,97,0
135,274.79578272349306,1326,79,0
135,280.69351250769904,700,33,0
135,291.3588211546559,822,92,0
135,296.60295659621164,1006,76,0
135,339.56443441544644,219,34,0
135,312.9506429437916,347,5,0
135,357.3316139801017,1355,99,0
135,345.9976786797659,648,82,0
135,354.26027899795963,69,31,1
135,409.46062543640335,27,1,0
135,404.47254629603253,1002,46,0
135,426.10709894855665,762,88,0
135,450.14597313307127,799,23,1
135,441.6075659602791,894,97,0
135,439.0264538608977,1009,14,0
135,455.2758846902042,1048,79,0
135,499.9760440002153,1341,8,0
135,458.00069026044787,1272,33,0
135,517.228768289949,1238,40,0
135,461.9932670148889,530,50,0
135,464.1831958656818,623,94,0
135,507.51139797841915,1285,26,0
136,374.71832224665434,912,4,0
136,390.2737444674981,254,86,0
136,398.5850022036948,1078,27,0
136,416.65734511871517,19,60,1
136,419.9044883875593,1370,37,0
136,445.65991784651095,1130,67,0
136,448.1927024196257,1227,33,0
136,469.7436385434773,85,100,0
136,477.12165439175067,406,49,1
136,481.022371761032,1104,47,0
136,512.3216772125836,868,95,0
136,499.87751916714336,180,67,0
136,537.4261506859272,887,92,0
136,581.6184205997623,325,3,0
136,571.0160913973941,1334,27,0
136,616.4260039125488,472,94,0
136,570.5543291908195,265,31,0
136,560.237225062885,1390,32,0
136,594.727296154612,1220,93,0
136,660.2303489023197,670,64,0
136,591.9714633354465,283,75,0
136,627.5230903039444,1314,89,0
136,613.5262108980452,1166,84,1
136,708.0279267533309,186,62,0
136,660.4248587715185,449,19,0
136,774.7212291155541,1028,26,0
136,755.6400037037586,133,20,0
136,718.2068514195655,653,63,0
136,750.448492591646,91,65,0
136,751.974468148241,1136,21,0
136,848.9936582617574,997,66,0
136,791.1893432652648,604,41,0
136,851.1796867057453,836,1,0
136,886.971520546071,275,87,0
136,846.9144507728082,593,5,0
136,905.4418740313266,659,75,0
136,860.4180684570995,895,97,0
136,961.8638695920959,759,100,0
136,972.9081592594293,317,30,0
136,904.7128632597733,1413,21,0
136,834.8723971958318,1004,31,0
136,1037.2605293896531,16,32,0
136,936.5666017233648,1272,11,0
137,387.21970133907973,320,43,0
137,407.2914324656398,1301,91,0
137,421.61921851081604,103,9,0
137,450.1733180163322,474,12,0
137,459.78163002163944,1319,79,0
137,506.05786884863295,433,56,0
137,524.4375915462241,179,46,0
137,539.274066639108,246,72,0
137,529.9626280763838,987,18,0
137,558.5152008519893,1192,61,0
137,627.6871528566688,1151,49,0
137,601.2438079927164,940,55,0
137,672.4419243178958,314,20,0
137,615.7380349744155,496,69,0
137,713.6946454660801,946,14,0
137,659.2377532536367,738,23,0
137,790.1667010799299,241,96,1
138,396.5247825687045,1058,2,0
138,441.9313421590192,218,76,0
138,488.72002104640796,431,27,0
138,494.6470732102084,1143,19,0
138,526.0776687833438,1130,64,0
138,583.7555789745877,214,20,0
138,665.2363784009651,902,2,0
138,665.5214355344733,1185,99,0
138,687.5863086018198,1084,29,1
138,779.3186138092078,579,80,0
138,771.9522848914295,154,20,0
138,769.1973246947966,714,45,0
138,780.1478220982392,974,8,0
138,938.9205289889024,1109,81,0
138,1047.2090372980447,590,99,0
138,1051.0975497573966,202,65,0
138,1072.1878184011816,408,55,0
138,1122.2088302343964,428,11,0
139,923.8367084011808,948,70,0
139,986.6201096082913,937,6,0
139,1034.8524465423895,1113,21,0
139,1127.7751412998111,407,9,0
139,1113.5030510389804,249,97,1
139,1172.496224443696,1073,90,0
139,1302.9196990513183,944,76,0
139,1378.1292862171022,266,64,0
139,1439.1421833648562,148,39,0
139,1516.2554810559632,519,82,0
139,1415.3641066136095,1145,25,0
139,1472.3057324605286,950,53,0
139,1489.1310496697295,1254,44,0
139,1588.8050404825176,515,45,0
139,1845.781922880801,1094,98,0
139,1891.445639484114,1351,48,0
139,1808.4227255871488,1167,24,1
139,1966.067021105906,1147,50,1
139,1765.0190556693392,411,65,0
139,1870.8423670842167,635,3,0
139,2183.7090612574666,1272,52,0
139,2298.8788040348322,1146,46,0
139,2171.4906460220323,437,1,0
139,2009.6901670800444,993,98,0
139,2213.4968894497265,1230,99,0
139,2577.0864173371488,715,45,0
139,2146.0978696831066,353,22,0
139,2571.6817513906058,1114,86,0
140,820.0827730200707,940,7,0
140,833.4304289631216,120,90,0
140,845.0170881208763,658,79,0
140,858.637473601876,1228,69,0
140,868.4140044539434,1152,98,0
140,891.0057188464081,1379,89,0
140,882.96434809597,1296,41,0
140,904.481659474259,398,76,0
140,898.1217619662497,1420,54,0
140,939.0399065029172,157,89,0
140,923.4399864777155,677,43,0
140,956.2782008370589,1373,38,0
140,982.9246262412071,1294,46,0
140,984.1421921722807,946,37,0
140,975.1882121723077,769,80,0
140,1032.389406832027,1305,50,0
140,988.7960156111303,304,29,0
140,1001.5255876412423,1049,10,0
140,1054.5644486519498,658,28,0
140,1019.2332227789459,414,31,0
140,1107.532586622006,1271,90,0
140,1068.671721523599,56,91,0
140,1111.9312639501895,576,82,0
140,1079.2714074902224,1154,9,0
140,1075.9945443682775,1177,13,0
140,1115.837423838656,1087,37,0
140,1166.6061516482323,1131,51,0
140,1115.4656785452655,701,99,0
140,1153.4932451246286,858,95,0
140,1141.9186914601191,781,23,0
140,1212.8614579604725,881,18,0
140,1209.4011080629884,1362,8,0
140,1208.1873516969922,821,65,0
140,1258.0084661872854,66,73,0
140,1250.287635619074,952,25,0
140,1163.6753172180208,414,29,0
140,1210.282263252831,859,93,0
140,1359.7678378362434,1351,3,0
140,1300.1935145333853,1036,65,0
140,1222.8964255970793,830,85,0
140,1307.920648507417,371,79,0
140,1221.0536275923603,543,67,0
140,1420.1904623422652,256,51,1
140,1339.4086871086338,898,46,0
140,1404.249933747099,732,71,0
140,1291.6890579661335,111,89,1
140,1426.7915851569041,520,4,1
140,1311.507759950681,259,11,0
140,1303.1575650986492,12,85,0
141,233.62257122473196,641,18,0
141,250.5148938477202,302,6,0
141,271.34646646359045,1045,41,0
141,287.20257610164344,703,25,0
141,287.67241802797554,448,99,0
141,299.27247741890335,112,16,0
141,324.1856288232891,897,13,0
141,329.5884920777901,320,41,1
141,381.2704495551434,418,46,0
141,376.90314488436076,637,86,0
141,394.99622455554515,1231,67,0
141,437.9695172982794,45,35,0
141,397.7093818636869,534,82,1
141,429.73341883110686,438,98,0
141,424.90987992750684,239,36,0
142,813.6901647882171,61,29,0
142,837.1351155284951,168,15,0
142,857.65315838235,525,99,0
142,884.2521016553703,1162,69,0
142,884.6977105574157,258,74,0
142,894.6142579095089,601,2,1
142,919.7736540301178,257,46,1
142,967.6085765520547,993,87,0
142,962.1363898745174,740,54,0
142,986.5377032321102,808,75,0
142,1025.7146418233092,196,88,0
142,997.101528554224,979,48,0
142,1009.6117853644548,259,34,0
142,1099.3084075496913,583,35,0
142,1046.1833116993453,102,77,0
142,1105.052564066136,1177,76,0
142,1081.5757045114465,419,27,0
142,1103.9913833633334,657,87,0
142,1195.1588190579532,1073,80,0
142,1165.494493891662,130,64,0
142,1203.8582968224969,465,94,0
142,1225.303004062765,295,37,0
143,382.1732630319116,463,51,0
143,390.813078119474,1159,66,0
143,398.1645901514621,1211,34,0
143,402.83969756272506,1149,50,1
143,411.73505814275285,322,65,0
143,418.8304796772248,777,67,0
143,419.9466394512332,1314,58,0
143,431.8836835369704,291,95,0
143,439.6809833487401,494,33,0
143,460.5444341287509,974,19,0
143,450.812610782996,23,96,0
143,466.43590314204926,196,19,0
143,456.3717119250296,25,36,0
143,490.16339311447774,279,44,0
143,482.3738786304219,129,89,0
143,517.073789877995,173,99,0
143,507.7413473958575,143,30,0
143,503.5337422165424,676,88,0
143,499.7880980899022,920,32,0
143,538.4608901407835,1103,1,0
143,541.5161936406552,1379,24,0
143,512.632503030649,750,4,0
143,552.3826097060579,1381,65,1
143,533.6778933441316,1311,39,0
143,593.7966202739038,1308,1,0
143,588.2439334301719,903,50,0
143,593.0304997151472,1364,91,0
144,71.54735052743638,1438,96,0
144,75.16209974483188,510,9,0
144,80.12771643655552,550,52,0
144,83.69336152348524,367,81,0
144,86.03538354282375,1359,80,1
144,88.61729716087989,1214,96,0
144,94.74496793647864,1080,53,0
144,95.97538306906122,906,22,0
144,107.53546129895687,625,91,0
144,108.88861552865558,458,75,0
144,109.08731946707417,55,38,0
144,105.6121593059374,92,84,0
144,108.83450516159357,1019,31,0
144,130.0191070973922,1053,43,0
144,132.18677352675624,1401,76,0
144,127.86027526896615,922,30,0
144,141.49242840311712,1016,65,0
144,139.37465215236347,1382,41,0
144,140.11933483077746,990,80,0
144,155.2739780103296,658,76,0
144,155.632993203994,215,96,0
144,145.0518305508314,1230,37,0
144,161.67703133708994,201,12,0
144,173.0944569831072,1408,75,0
144,156.4562844814733,1367,78,0
144,151.63412420122222,650,67,0
144,172.85776355102698,1047,9,0
144,173.35261929083813,343,39,0
144,169.09461938482912,820,10,0
145,656.2989655526869,1112,7,0
145,681.4584510299153,1336,94,0
145,726.2945206793411,661,64,0
145,762.9751825249282,255,81,0
145,754.7791336407563,94,74,0
145,833.0295119533482,697,7,0
145,852.9870358746069,1207,37,0
145,850.5367171412092,192,29,0
145,877.8668863054808,1419,72,0
145,890.0909619801279,1139,3,0
145,983.378817740297,368,83,0
145,987.8665211138107,617,94,0
145,1018.4231055469621,175,68,0
145,1035.2423361966496,1320,86,0
145,1111.9306446799912,47,34,0
145,1056.9941671887864,1438,35,0
145,1184.9865208447454,1321,9,0
145,1143.339617646424,1163,25,0
145,1201.842978204432,260,47,0
145,1275.2691501453473,219,15,0
145,1170.4024212140912,1348,72,0
145,1214.417761660405,1113,7,0
145,1237.8771386066305,1063,71,0
145,1344.3703626940728,917,7,0
145,1344.0467622285703,296,93,0
146,278.60422821550156,456,77,0
146,289.91459353065255,187,37,0
146,301.1154850602509,509,88,0
146,311.21148062453136,1321,84,0
146,324.19984599047484,1296,53,0
146,330.505625510877,1290,92,1
146,348.6185505449109,1409,21,0
146,354.1289934683462,530,55,0
146,352.896095315667,1223,24,0
146,356.2810667894853,401,43,0
146,386.0107247668319,385,43,0
146,386.77166474753426,242,25,0
146,381.5819625059593,929,82,0
146,394.27570883993343,310,33,0
146,431.9850160212178,309,24,0
146,450.25031069567194,1155,16,0
146,480.7152853157054,1084,63,0
146,423.78574404900326,988,12,1
146,444.3898855861237,1235,23,0
146,466.335975294355,1016,72,0
146,450.4096777895659,155,67,0
146,488.29497384804733,386,47,0
146,509.9280040637826,1028,75,0
146,555.4364031573016,317,18,0
146,572.4547562721851,911,16,0
146,494.3449923893895,408,4,0
146,561.7289029448523,28,38,1
146,542.3236604538407,602,92,0
146,568.4829687253589,144,5,0
146,550.6492555472603,566,88,0
146,563.6285354683757,617,6,0
146,619.2799099155507,137,83,0
146,553.9399016503598,1101,73,0
146,559.7235221439585,617,26,0
146,612.4348107478352,139,45,0
146,660.4909476072103,475,45,0
146,698.5250354180159,1428,19,0
146,657.1999297526546,627,8,0
146,668.963653981923,1431,47,0
147,854.8731698951029,207,35,0
147,965.788025249158,873,78,0
147,1111.6728420181091,1276,79,0
147,1199.657564191421,1336,95,0
147,1443.5372573733675,790,32,0
147,1531.7139703751714,502,74,1
147,1496.701711645897,352,62,0
147,1589.192133650034,294,75,0
147,1801.2556314235358,1120,30,0
147,1872.2258085187477,1251,87,0
147,2013.897291992425,379,18,0
148,950.5737807959855,177,85,0
148,1050.4367653741613,1423,60,0
148,1141.804307341504,1044,16,0
148,1269.3178846306464,767,17,0
148,1325.3493406513626,1245,51,1
148,1453.925460680621,259,31,0
148,1582.7190640321655,368,10,0
148,1735.1279370784146,492,43,0
148,1615.0887140089792,633,59,0
148,1790.6794713423897,588,77,1
148,1997.8402488408024,203,12,0
148,2086.1970294219664,584,15,0
148,2129.9513267652733,634,64,0
149,690.7310856515797,136,46,0
149,737.4487600825489,375,95,0
149,773.2763239959843,822,92,0
149,830.4422834959521,306,81,0
149,836.1620579714329,1097,81,1
149,926.5760013457085,925,11,0
149,930.372401364337,148,32,0
149,922.8804736597757,259,25,0
149,1045.2445207214441,787,88,0
149,1123.9409059486898,498,56,0
149,1155.3279334221252,125,54,0
150,365.9249311004803,1381,20,1
150,388.7395891482927,1221,77,0
150,411.8009823098044,633,78,0
150,433.6080930027555,439,83,0
150,441.9568206264438,870,10,0
150,505.93068183921645,1327,26,0
150,523.714852063372,244,89,0
150,559.2462979101156,46,57,0
150,531.41242522125,203,48,0
150,560.4272204557225,995,30,0
150,625.3071468670747,752,60,0
150,654.15867574598,397,12,0
150,671.328425731929,261,90,0
150,636.7532802840193,872,7,0
151,328.89836858712493,753,56,0
151,353.07978755905015,801,24,0
151,375.6840953951144,1211,19,0
151,393.04942529550135,564,32,0
151,427.7373990695022,654,72,0
151,462.5112761990945,91,7,0
151,458.1949812238927,1397,26,0
151,487.3359470655503,1068,56,0
151,527.2401236311398,1152,5,0
151,525.3742362097319,152,44,0
151,585.9176497825068,1241,60,1
151,615.9068579616242,242,76,0
151,642.2102681022575,596,83,0
151,681.4820884429258,288,58,0
151,617.2706579025792,891,14,0
151,709.1126571292828,662,52,0
151,788.0337991828083,530,81,0
151,726.4079304659509,683,98,0
151,747.3590420182484,1286,76,0
151,832.7508479474463,116,66,0
152,595.8216052319281,399,67,0
152,607.9998400845734,453,43,0
152,613.9277999341325,1117,67,0
152,623.508522991294,804,93,0
152,635.7439285080043,489,3,0
152,641.9855717365838,920,92,1
152,671.600543456902,134,82,0
152,660.1008859701161,1299,58,1
152,689.8370229967101,657,87,0
152,701.2778955386822,1288,75,0
152,704.6744012844299,797,75,0
152,716.8949640104173,1350,58,0
152,713.6853019036431,1355,25,0
152,724.3498647441274,594,31,0
152,782.3183154837662,361,66,0
152,757.732792528979,371,19,1
152,752.8700674419418,916,11,0
152,806.1841515437428,421,53,1
152,827.918554718083,1199,94,0
152,772.0012254311762,334,67,0
152,780.5402246207505,580,48,0
152,848.3028733757933,316,44,0
152,858.4984090332066,896,26,0
152,816.6101161029743,605,20,0
152,898.6429995305623,609,3,0
152,849.8565331423604,562,63,0
152,937.541146905379,343,67,1
152,937.9394038794043,1382,87,0
152,970.6252295072604,394,13,0
152,959.3557109479466,1160,47,0
152,897.4154337288173,833,18,0
152,968.7934158715732,31,74,0
152,934.0992856851451,74,48,0
152,969.7823864121432,99,74,0
152,919.9475957036018,352,9,0
152,1035.114538356146,731,18,0
152,977.4575496461114,1152,25,0
152,991.5550057684151,776,29,0
152,935.8239022782832,353,15,0
152,1066.4831853073515,379,59,0
152,1076.1705239749472,1183,41,0
152,1030.5033412773832,1395,5,0
152,1102.2581254996273,13,86,0
152,1135.0031507815697,983,76,0
152,1105.151278902023,92,78,0
153,779.6380751166312,344,5,0
153,795.1336116669264,477,69,0
153,804.9266289473366,1258,86,0
153,833.467800837079,1141,17,0
153,848.4454477300367,1101,86,0
153,851.8364932844274,268,20,0
153,861.8883502775101,1184,100,0
153,864.9752615520385,682,68,0
153,897.3450247755568,112,73,0
153,926.2072566688652,25,4,0
153,949.807389185858,70,20,0
153,968.442979083049,1182,1,0
153,948.603575817164,666,46,0
153,947.3695527953539,510,52,0
153,1015.8179579831692,773,34,0
153,1042.167172087764,1287,27,0
153,1057.420328714517,709,16,0
153,1075.214253026105,672,56,0
153,1024.3105259583767,393,67,0
153,1070.587208351743,1135,4,0
153,1121.7766224573666,109,64,0
153,1082.09621832823,867,98,0
153,1069.9314969005982,1102,31,0
153,1113.503835277727,1402,88,0
153,1082.2066163926195,1350,52,0
153,1140.82585637192,438,13,0
153,1179.4359809881062,756,33,0
153,1125.3565601108255,443,19,0
153,1169.7055568026328,113,46,0
153,1279.7047465017372,1156,52,0
153,1162.0780708252144,830,22,0
154,751.52938707895,1409,25,0
154,807.8748020975298,312,55,0
154,839.7974631023568,1438,70,0
154,890.1711649846212,42,56,0
154,928.3871889589711,3,72,0
154,987.7531190526283,305,12,0
154,1061.5443120693888,771,95,0
154,1088.9556615224706,711,35,0
154,1188.8851474038208,949,29,0
154,1208.470181670236,776,64,0
154,1205.4218810914394,275,42,0
154,1296.942314356229,552,34,0
154,1421.0310238572679,1087,40,0
154,1421.9390272202659,737,86,0
154,1446.334262708361,883,96,0
154,1532.0753301730824,176,1,0
154,1624.480790881715,513,5,0
154,1639.3308882407796,259,13,0
154,1752.6054283080612,1417,35,0
154,1760.0854282172754,566,96,0
154,1879.7156181573664,681,85,0
154,1749.0310285097084,293,14,0
154,2046.698864067212,213,15,0
154,1991.369758576573,1040,20,0
154,2161.1041025189993,799,17,0
154,1896.6783843011876,293,62,0
154,2118.9460939938936,663,90,0
154,2286.507387173303,459,14,0
154,2389.8378822802506,575,5,0
155,316.76833404092235,22,67,0
155,353.8608634434843,298,56,0
155,396.9552304102109,1272,7,1
155,413.7512007494463,1061,26,0
155,443.2267885258036,219,23,0
155,509.977990976419,96,91,0
155,480.35485865500374,886,9,0
155,575.3963661079587,300,97,0
155,585.8364831420913,1419,28,0
155,562.8742666945346,371,12,0
155,687.4684118313505,945,46,0
155,635.5880686732181,286,41,0
155,733.323428987044,1233,56,0
156,916.3044539255619,1345,33,0
156,953.0250007549553,1346,24,0
156,1012.9547932102912,550,54,0
156,1036.2724086801998,1024,28,0
156,1073.7082797114338,640,91,0
156,1105.49287244874,375,90,0
156,1189.9559282986274,1205,67,0
156,1205.011361512136,338,35,0
156,1195.5885966427234,144,84,0
156,1231.938059573357,649,28,0
156,1393.111174181548,22,60,1
156,1294.817230192455,682,28,0
156,1471.22037370599,1303,98,0
156,1552.5873488752877,992,7,0
156,1575.0927891878935,840,76,0
156,1553.7364314823376,1105,38,0
156,1658.2899366633087,185,34,0
156,1600.357253126822,1430,61,0
156,1671.0485943920705,1146,15,0
157,141.6022159256859,464,91,0
157,143.45800323382016,1074,99,0
157,145.57639482201213,1163,32,0
157,149.10345362541273,972,39,0
157,152.00437731094664,310,37,0
157,153.1846533274749,434,60,0
157,157.04310128573303,584,57,0
157,154.7886047221513,1313,58,0
157,161.30964691877935,1348,31,0
157,158.5719915091727,1089,63,0
157,164.26519916363927,718,69,0
157,169.32102820308938,926,85,0
157,168.17171795142275,675,40,0
157,169.903358692824,517,4,0
157,171.62369330000502,255,46,0
157,177.1837858085708,839,77,0
157,172.2259431839887,83,55,0
157,173.77226673325498,1150,23,0
157,182.97388752518864,305,51,0
157,177.31824638668067,936,93,0
157,194.99547707816737,781,54,0
157,186.4153716166567,1039,90,0
157,200.89631385324128,1210,5,0
157,200.86386700460483,791,21,0
157,204.58202125546921,1180,40,0
157,210.07839792692715,1241,64,0
157,193.03160264979297,1110,67,0
157,201.52168272481214,1369,2,0
157,209.52354927824558,736,70,0
157,214.0136274143547,778,40,0
157,213.34253262624526,1431,89,0
157,226.49948953313162,1078,17,0
157,228.40556995297828,145,22,1
157,219.62909910523433,442,21,0
158,166.03511444097185,580,43,0
158,175.16043868622376,1087,98,0
158,186.40256509686262,1094,27,0
158,196.0382812869147,80,20,0
158,211.92801801436667,637,19,1
158,217.78559514622708,362,7,0
158,233.29185790718233,1188,3,0
158,245.07044722184963,939,89,0
158,258.09763347460364,1089,32,0
158,248.41313115737506,358,75,0
158,271.2415233794409,514,2,0
158,260.572724394669,1137,80,0
158,299.5743930848406,240,35,0
158,298.40356066399363,625,86,0
158,295.9351582602619,1254,14,0
158,341.57472500699896,1112,3,0
158,305.22366268238386,839,88,0
158,311.7849203435592,453,94,1
158,374.9068957961156,2,69,0
158,321.03872569445963,56,74,0
158,332.5422174879184,1179,5,0
158,389.1274267588443,627,98,0
158,416.1544325804089,13,77,0
158,431.74211464005396,1235,6,0
158,381.85074470767825,680,97,1
158,403.943224446594,1031,18,0
158,449.5295389020431,250,76,0
158,386.21603979284896,530,61,0
158,507.2653138211291,759,65,0
159,452.75490855689304,947,45,0
159,478.9813207940857,112,12,1
159,513.4367211681812,933,85,0
159,558.8299956446975,235,4,0
159,566.0979842975813,562,39,0
159,611.6760863916683,180,72,0
159,651.0225540966405,1001,63,0
159,662.3116625194698,738,42,0
159,656.756680224114,736,48,0
159,708.9203382525072,1038,98,0
159,803.7291002832696,1354,67,0
159,732.970135385186,1085,21,0
159,775.283193185149,1346,90,0
159,870.1323303266454,1162,72,0
159,948.1528964893628,528,60,0
159,862.555897874897,1276,98,0
159,987.1496377067335,227,67,1
159,1007.0489776167434,1359,86,0
159,987.7035726612169,1198,86,0
159,1107.6402221583878,795,79,0
159,1049.3168160152406,573,8,0
159,1101.5523686175088,1353,47,0
160,621.9117208214734,69,36,0
160,646.4040809043831,7,33,0
160,673.1555566439529,249,72,0
160,700.4691132212754,1141,95,0
160,738.1462373929379,418,37,0
160,789.2090491200753,888,57,0
160,799.5716451802447,235,88,0
160,795.9085743898098,1341,70,1
160,810.4577267730995,898,18,0
160,911.4113471320882,1279,18,0
160,859.2840129556828,620,28,0
160,930.0941509892405,1210,46,0
160,986.3985078107241,1287,10,0
160,983.3139963290428,960,70,0
160,957.2372368635129,774,46,0
160,977.2709238405989,355,82,1
160,1005.2859745410731,1189,55,0
160,1122.62839166417,1048,5,0
160,1149.4799269665186,977,90,0
160,1074.0973854579734,745,13,0
160,1189.5103075601255,1112,52,0
160,1203.0913004273443,272,47,0
160,1346.9904182845007,453,97,0
160,1369.3793331810084,307,87,0
160,1353.380976541555,538,81,0
160,1481.2033738300534,976,87,0
161,547.7118444508542,1112,14,0
161,608.5372630172371,1125,25,0
161,710.0800477945796,820,7,0
161,715.6450933989325,1252,78,0
161,861.3058175990742,422,13,0
161,842.9130674586526,1286,94,0
161,1036.0286747128466,616,29,0
161,1112.6182216935135,406,56,0
161,1041.445399737604,464,37,0
161,1101.647191859448,1088,87,0
161,1106.7731809627028,1355,93,1
162,210.11002367790053,1309,33,0
162,215.5360301222909,106,3,0
162,222.93686677482964,12,3,0
162,226.25387940690223,580,10,0
162,240.7292391643117,685,61,0
162,250.18688195096956,1411,20,0
162,248.55570751518727,878,59,0
162,248.07705376386005,851,84,0
162,264.2978092285846,236,88,0
162,279.4867645509558,1102,86,0
162,287.7511213763306,100,78,0
162,289.58272166998887,263,8,0
162,303.94776665607793,1294,28,0
162,292.19877272239256,1227,44,0
162,306.1476978017647,759,76,0
162,321.88821356075755,595,26,0
162,337.8947387986493,1111,96,0
162,341.00315061515,342,6,0
162,306.7316012402268,405,18,0
162,316.12922440525244,1383,1,0
162,325.8302193595071,636,80,0
162,356.6358795185521,1251,76,0
162,337.1719730683381,506,73,0
162,385.29685316018345,652,3,0
162,386.66096957006084,767,54,0
162,376.1323053320276,598,9,0
162,367.78002559873664,444,73,0
162,390.67466817981614,672,63,0
162,403.33883152639555,283,55,0
162,406.7179062795266,781,17,0
162,422.1414768077438,796,70,0
162,455.95403974074543,165,21,0
162,444.99255844856975,1392,69,0
162,393.84366610258655,168,98,0
162,419.2170331957301,1302,5,0
162,447.8972317716581,1150,31,0
162,480.12921764298727,1318,47,0
162,445.73583771620287,230,91,0
162,504.5195619300681,442,68,0
162,435.77856798064744,366,4,1
162,463.3268441575319,721,94,0
162,488.36782061759914,433,82,0
162,492.9677030846185,1424,64,0
162,448.72575672949705,403,43,0
162,449.6319378794367,106,32,0
162,570.5904309226967,1090,66,0
162,472.8190001613887,122,66,0
163,70.28533359242998,1118,70,1
163,82.51528318718148,530,66,0
163,96.5903618711873,748,48,0
163,108.17085305423014,578,24,0
163,127.3205032055815,373,85,0
163,129.42535532205562,1384,29,0
163,156.52301383423998,444,20,0
164,238.2955120229176,136,57,1
164,241.99928295729896,506,11,0
164,246.72541528243255,1113,10,1
164,251.34333274601437,911,85,0
164,251.0555267112464,1069,16,0
164,255.3630670538911,43,91,0
164,262.6880899770276,1213,77,0
164,266.8834772779066,1143,99,0
164,270.1356290770802,132,58,0
164,267.202978372576,800,56,0
164,271.018556181646,573,36,0
164,277.9275391280443,915,20,0
164,282.05002213002086,884,45,0
164,277.1989517414273,582,71,0
164,284.69531650117375,318,30,1
164,291.650676645895,505,21,0
164,298.97278833447086,233,40,0
164,296.4207160634976,492,42,0
164,317.51084245832385,737,14,0
164,305.0458717396656,141,84,0
164,314.1618873066943,565,48,0
164,325.1497062332635,832,100,0
164,328.367971599124,1291,66,0
164,333.8626634619362,1432,59,0
164,326.19035179312726,416,85,0
164,328.73532805123574,1017,57,0
164,342.88703977275,493,100,0
164,317.9225726994058,277,13,0
164,350.0370501215289,1333,52,0
164,325.36729772020306,1388,95,0
164,343.2279903071095,707,20,0
164,359.3746925985339,222,43,0
164,348.7170214642383,287,100,0
164,342.09535891977714,399,21,0
164,348.22460583172773,1110,58,0
164,342.6846323346005,928,23,0
164,386.42757465977104,745,71,0
164,383.28786973004304,12,61,0
164,372.42756412135674,1393,68,0
164,376.3800374991098,561,85,0
164,364.90712752591526,1224,74,1
164,386.3346799219921,798,10,0
164,413.2528283808346,1288,75,0
164,380.0641195865494,441,75,0
164,426.14337805819605,920,61,0
164,419.6559781526141,1395,87,0
164,435.283749483806,362,16,0
164,396.99236536603456,574,86,0
165,246.18797437412996,299,49,0
165,255.10205208767246,1294,67,0
165,261.6172979874184,90,26,1
165,270.4008412743094,741,78,0
165,286.58121571244425,268,45,0
165,287.9917749157955,1179,6,0
165,289.16588177509607,850,15,0
165,309.4691929886233,506,19,0
165,311.15792730234,959,58,0
165,309.29623372999197,221,75,0
165,343.3598527113268,549,49,1
165,350.190881012004,773,34,0
165,355.8860692491499,477,29,0
165,359.9405548042498,31,20,0
165,370.5119417098766,1342,66,0
165,384.6303647823389,883,82,0
165,358.4019051205835,620,23,0
165,365.39770791262896,902,94,1
165,400.5841471052428,540,61,0
165,422.23349101887067,8,11,0
165,424.17804404243157,512,31,0
165,418.4564341827454,748,56,0
165,406.42397107886717,447,91,0
165,452.1006375131203,1355,19,0
165,473.85977888972,352,50,0
165,435.92686643394285,343,48,0
165,453.290513891084,789,52,0
165,499.0853485954332,47,42,0
165,441.12652557309434,452,69,0
165,456.8429810539934,1152,49,0
165,479.20961714069205,1428,34,0
165,562.8657668850616,208,45,0
165,561.1131847582628,657,100,0
165,496.76987245431997,83,18,0
165,526.0809876117696,616,54,0
165,521.543827177198,1289,33,0
165,532.4411402481857,38,4,0
165,592.7500492405093,33,61,0
165,585.801924766186,566,2,0
165,590.4755911351247,216,84,0
165,644.6752560279796,456,68,0
165,600.0379341678411,999,1,0
165,606.0230202558439,675,5,0
165,608.0854494082745,1178,24,0
166,742.3203912692277,869,72,0
166,755.2193133223084,673,48,0
166,774.449232976643,222,29,0
166,787.2801330362622,8,7,0
166,797.3625409897721,446,98,0
166,806.2612519673281,529,76,0
166,827.6709013801958,960,96,0
166,859.3038385151605,538,98,0
166,843.0952930513646,1125,100,0
166,881.6658498214695,1359,51,0
166,889.4137479676738,90,20,0
166,938.9355256099649,55,91,0
166,938.5488603657236,618,35,0
166,943.6310009077301,1334,46,0
166,939.774638073704,1376,17,0
166,1002.7673917076493,549,40,0
166,985.2521444387337,497,87,0
166,951.8451894977369,1092,1,0
166,961.2945563659292,1181,39,0
166,1000.059223548914,80,2,1
166,1013.7596993782206,804,9,0
166,1009.7388706646535,38,42,0
166,1121.2806479121634,946,56,0
166,1032.0772133913547,1338,49,0
166,1086.3978734490256,784,64,0
166,1137.0259106468452,165,54,0
166,1127.0893307815531,417,20,1
166,1091.166885439773,4,39,0
166,1195.364954307332,560,39,0
166,1163.6601404311295,658,80,0
166,1176.868107991718,350,23,0
167,563.1772888539001,1182,31,0
167,655.6735471462353,337,17,0
167,726.3680556175598,1427,100,0
167,799.2286143707959,899,63,0
167,942.8898908659726,781,91,0
167,992.3075248599026,460,35,0
167,1060.2985045432529,994,27,0
167,1160.2705237632865,148,80,0
167,1261.729208381368,47,74,0
167,1436.2751767099048,479,71,0
168,472.5399962182987,1378,13,0
168,573.0654455776045,906,83,0
168,672.5411842145354,645,14,0
168,676.7533861604624,204,54,0
168,847.3561251334103,969,66,0
168,977.0261227929254,466,36,0
168,1015.8792647158508,729,91,0
168,1089.9036507767069,1124,46,0
168,1114.5240119267241,787,41,0
169,810.0301340365492,1403,64,0
169,828.3296925638713,1230,21,0
169,859.5288762283311,545,50,1
169,863.1308183572636,1007,82,0
169,880.2357373384094,8,12,0
169,898.1842761615596,738,25,0
169,918.7546685205724,589,93,0
169,953.5389993901965,931,60,0
169,990.9519078059312,741,44,0
169,993.9632980691798,396,41,0
169,1010.6770985837436,606,66,0
169,1043.5340799331589,436,15,0
169,1024.6810791144953,828,71,0
169,1091.4009985995062,284,21,0
169,1124.176108947936,468,57,0
169,1107.5224458844386,299,27,0
169,1121.6134749970383,1355,84,0
169,1218.340106275113,81,14,0
169,1172.6310848049636,874,7,0
169,1190.9916558195946,71,94,0
169,1305.5417855097685,236,23,1
169,1315.0315712786498,1219,23,0
169,1334.775936003186,471,77,0
169,1300.3966733966174,17,58,0
169,1356.1514616400978,1171,83,0
169,1439.7800563126352,1355,16,0
169,1393.3432276741132,491,45,0
169,1414.1809164244085,1140,24,0
169,1514.4426652552647,1322,67,0
169,1315.7747656699544,1436,45,0
169,1413.69299719917,190,20,0
169,1526.2708153900112,865,25,0
169,1456.5749239700476,973,89,0
170,21.455111058786443,938,90,0
170,22.414458149707848,22,51,0
170,23.373442991922367,746,28,0
170,23.82373034557661,893,95,0
170,24.53276920877218,723,75,0
170,25.17553022518363,1385,82,0
170,26.098502433904393,639,40,0
170,28.098637502101994,273,74,0
170,27.29400980017126,609,52,0
170,28.704683884656934,844,73,0
170,30.725207779034484,1324,35,0
170,32.181765377023645,1168,49,0
170,32.36331646371749,940,8,0
170,33.221481811465104,478,25,0
170,34.8702633653725,262,80,0
170,35.13461785896179,934,33,0
170,34.8854314294841,892,45,0
170,35.27197847216196,864,5,0
170,38.788598619889825,1095,50,0
170,40.66269317131928,1087,29,0
170,37.3191400616663,1117,42,0
170,37.13350474619395,1213,55,0
170,41.56445797717625,523,72,0
170,43.521891129566335,652,86,0
170,38.47407779691965,392,86,0
170,42.97171027323324,601,94,0
170,44.43104863283831,1024,61,0
170,40.03755618023874,550,68,1
170,41.35603547641447,526,8,0
170,50.216803540757425,1343,38,0
170,51.44702968097833,59,73,0
170,46.412342285469435,1001,62,0
170,51.60093867893111,555,15,1
170,54.37803661351929,1103,26,0
170,45.29605588044275,592,91,0
170,48.91566849281201,814,89,0
170,55.21899023467425,936,31,0
170,54.454396827155094,13,82,0
170,53.80585099680178,704,21,0
170,55.1232543102977,226,3,0
170,58.42154276102662,237,5,0
170,60.623409418784746,483,55,0
170,63.99773604372534,44,74,0
170,60.18517373678766,536,17,0
170,54.061348288946725,440,35,0
171,213.27069876601647,98,63,0
171,228.26735059111033,1135,48,0
171,235.1687999977391,536,99,0
171,260.7051433770854,1412,25,0
171,272.60102413652777,75,43,0
171,267.8154761750299,39,14,0
171,294.19981363795046,688,58,1
171,294.55856879587907,500,52,0
171,327.87596267246613,893,66,0
171,354.4154075337666,806,53,0
171,348.0926376295368,802,77,0
171,376.7614873318222,402,71,0
171,395.60667257258376,835,10,0
171,366.8031928985895,1020,6,0
171,387.98167615388815,693,89,1
171,442.256817099219,1125,94,0
171,444.15720081147174,855,24,0
171,398.4161243642711,741,51,0
171,487.51718203105304,227,64,1
171,505.9581649120074,169,17,0
171,456.092537585443,293,22,0
171,481.6372269078254,81,28,0
171,548.907322667252,1151,47,0
171,458.507495372996,761,77,0
171,523.341962877985,197,17,0
171,574.4214245682668,1223,7,0
171,568.4222421780125,538,69,0
171,530.3872102150274,314,49,0
171,557.1268227756236,758,1,0
171,582.0521288309895,636,30,0
171,571.0276905057656,974,93,0
172,617.5364003490808,940,41,0
172,648.5418479708858,1185,41,0
172,670.7119416365593,1255,70,0
172,700.9006412988491,1170,84,0
172,728.857748926617,980,80,0
172,784.2483426655142,108,16,0
172,798.3697519328952,871,46,0
172,789.2695962016044,162,52,0
172,816.4775750500386,319,16,0
172,865.033524990006,848,72,0
172,947.8535708542361,996,90,0
172,867.372929928378,24,70,0
172,887.8862212301497,355,53,0
172,925.0897280896536,914,93,0
172,945.8051790090092,382,71,0
173,724.7184870316586,1248,100,0
173,780.124700190755,503,87,1
173,834.8323293745343,220,64,0
173,843.3211809303318,878,89,0
173,944.1899355909472,442,66,0
173,937.373737828256,195,36,0
173,962.7475707501775,242,62,0
173,1102.0710541170668,628,31,0
173,1126.591810616768,1222,95,0
173,1165.929758848737,915,64,0
173,1148.7423758413252,199,5,0
173,1164.0624312061955,302,73,0
173,1258.6596449975211,50,90,0
173,1294.356707704992,404,70,1
173,1387.1776358131376,183,3,0
174,374.49759185946095,774,4,0
174,383.37297650353327,344,97,0
174,388.09510823765504,876,83,0
174,403.1146326965409,511,84,0
174,401.4966360224956,274,93,0
174,409.6212605313979,633,8,0
174,421.41668959437055,513,95,0
174,434.69399170508103,521,4,0
174,430.71820614775896,895,73,0
174,458.70955780977374,967,94,0
174,468.06353394388213,917,70,0
174,472.0873055814126,1003,39,0
174,464.1929683712548,41,33,0
174,489.4864829097004,271,93,0
174,502.0082215748257,839,39,0
174,494.476168560658,1064,2,0
174,523.4877388503854,1037,42,0
174,530.9804833693713,1261,53,0
174,518.2126769116142,1358,87,0
174,520.8753428669164,714,73,0
174,556.4340912338895,345,64,0
174,581.2026258888193,908,98,0
174,594.2894189561887,150,6,0
174,572.9652747889917,1086,20,0
174,571.4143475679488,1006,98,0
174,583.959241893574,943,21,1
174,626.4978112269695,978,79,0
174,593.8907273765009,314,13,0
174,578.1911035899568,865,70,0
174,570.0925961482388,501,15,0
174,596.8936518635978,1341,39,0
174,609.2199997303454,140,40,0
174,695.3383903028539,486,68,0
174,701.3831594204856,171,31,0
174,621.9864443697102,1148,91,0
174,721.0231883850397,1125,51,0
174,633.3931219091628,780,5,0
175,478.0323265825697,658,35,0
175,523.5753465514292,576,99,0
175,605.672051508186,760,22,0
175,626.0690625427992,427,23,0
175,657.9973846001818,1307,8,0
176,850.3752376944132,552,9,0
176,961.760328891244,661,81,0
176,1086.212270557603,965,88,0
176,1187.3363853868611,76,79,1
176,1447.2215340771654,193,41,1
176,1415.0020719749637,162,77,0
176,1524.1930718697715,1208,51,0
177,180.73352974560385,1005,38,0
177,206.08557250954584,1348,95,0
177,226.58085252646023,306,89,0
177,259.8717424542488,99,99,0
177,289.21905878437474,1243,73,0
177,288.977032105345,863,91,0
177,340.2733983160991,54,95,0
177,357.6386749726852,1067,31,0
177,397.41229115737735,751,87,0
177,372.43137165612933,27,20,0
177,424.89806715695727,1251,50,0
178,272.96824279523116,899,86,0
178,286.2214789659884,1350,78,0
178,293.05331456561817,1074,91,0
178,306.02525043856474,100,44,0
178,319.0321517996026,986,5,0
178,325.9013548656091,994,23,0
178,351.7616941251777,22,52,0
178,364.8075272566117,545,35,0
178,350.9636381969658,435,56,0
178,374.91887966742127,1180,99,0
178,366.9523572940246,1331,21,0
178,417.2119333736471,1045,6,0
178,423.19071680295497,1120,47,0
178,396.68014982144257,410,16,0
178,430.53744821686206,758,43,0
178,472.309168436466,61,47,1
178,427.5194865733821,9,36,0
178,440.5292297322504,794,51,0
178,511.3658761893218,857,82,1
178,490.127822116282,401,78,0
178,514.2515239533336,54,85,0
178,526.8164382534409,67,92,0
178,473.50787027824015,819,64,0
178,503.63830634516876,1042,9,0
178,502.0287298617146,302,64,0
178,599.413109662785,76,48,0
178,572.8036533101076,1113,64,0
178,582.2902050589594,260,82,0
178,610.5724027359098,1308,38,1
178,562.9950764617724,579,44,0
178,609.2802072856372,547,28,0
178,603.9693848088273,159,79,0
178,589.8305353828216,190,38,0
178,636.7093999831571,40,94,0
178,622.3658297023395,1257,81,0
178,738.0999741570063,636,10,0
178,640.3494753548903,618,48,0
178,684.763089726145,725,51,0
178,659.5811897275075,1391,100,0
179,95.24809136414412,854,43,0
179,96.68475718322338,1062,24,0
179,97.27609993266687,51,21,0
179,99.37470593920814,768,87,0
179,101.01971710103005,900,10,0
179,102.50297047045954,787,32,0
179,102.1639103662726,597,41,0
179,104.68693806677894,1356,37,0
179,103.95421395784699,457,28,0
179,107.36849749340628,132,88,1
179,109.52839482128283,130,61,0
179,110.63202781914715,625,42,1
179,111.54785981775973,789,36,0
179,114.55266889558368,1069,34,0
179,113.63998800652872,1298,33,0
179,114.86646572651931,740,38,0
179,114.89328142331101,1427,66,1
179,119.73075536894335,677,46,0
179,113.2331341205381,1050,12,0
179,116.50342825414843,170,86,0
179,121.35139273390611,1237,75,0
179,122.17085328268882,1365,69,0
179,126.58092329141502,722,31,0
179,129.20807752257443,535,54,0
179,122.60380689991976,1071,79,0
179,125.13626400322059,595,13,0
179,121.84556639145505,54,69,0
179,135.03901058405438,773,10,0
179,136.15984711633652,534,26,0
179,133.00855287673838,759,68,0
179,127.08083856849483,1312,36,0
179,130.54368669255916,1367,42,0
179,129.48818915628436,855,38,0
179,139.7921546202485,1060,16,1
179,144.32085894222638,1273,62,0
179,144.5168436151307,1300,50,0
179,135.27302068413204,679,62,0
179,135.89275655271987,152,2,0
179,150.51025087117986,917,43,0
179,146.88133352571688,1001,39,0
179,137.6906265811662,768,91,0
179,148.10625660122088,738,19,0
179,152.41509250414958,1149,95,0
179,155.83354510654948,404,62,0
179,146.49111046101564,1083,6,0
179,140.74745329392698,316,71,0
179,147.30859418426343,137,95,0
180,611.6120519816907,101,72,0
180,651.7008104875626,1046,41,0
180,692.5656031497049,537,23,0
180,731.4844050218954,331,81,0
180,760.1499879042475,1294,95,0
180,782.9513770807919,842,93,0
180,794.0164114462548,602,43,0
180,842.2019336045228,930,28,0
180,943.0633143195073,638,3,0
180,937.8252634020419,1413,23,0
180,974.2029968163447,1109,32,1
180,973.3471166504232,1004,37,0
180,980.1035540650423,321,20,0
180,995.5288542280105,1279,1,0
180,1187.2020180012742,213,99,0
180,1136.96702276824,158,16,0
180,1286.7366765142087,326,61,0
180,1294.338023751231,606,4,0
180,1347.754595828499,1128,46,0
181,145.6238646322029,343,48,0
181,149.83427353342938,131,52,0
181,153.19737757155704,104,2,1
181,155.39191506135109,432,24,0
181,158.51758077257367,759,90,0
181,163.71938246362822,1064,4,0
181,170.60410405137827,1048,87,0
181,173.53073668548745,1304,62,0
181,179.58517938416526,749,75,0
181,175.0265948114773,381,9,0
181,182.11363944490802,1249,90,0
181,188.21521747173773,1058,15,0
181,194.98578981108022,691,95,0
181,200.18318022015944,1290,16,0
181,198.4665853132448,564,35,0
181,202.40762842325128,301,97,0
181,195.93575954357982,1021,20,0
181,219.8131634662688,962,59,0
181,212.72710079992947,384,56,0
181,211.7031239365582,582,13,0
181,208.4280116205508,865,4,0
181,230.4002174664252,1319,93,0
181,218.7264317371675,771,84,0
181,232.9662861618234,1115,98,0
181,216.27322286732837,365,40,0
181,241.72385350333764,694,36,0
181,239.7961749137095,298,73,0
181,260.96397904450373,1261,68,0
181,237.93445034264386,1413,82,0
181,250.24060673049507,1261,65,0
181,260.2970839075451,248,70,0
181,251.53016948304784,909,30,0
181,259.033072524002,667,55,0
181,253.5603356999283,261,87,0
181,247.2844766385931,362,43,0
181,256.70819277429,1251,88,0
181,279.5800239228015,621,46,0
181,279.6491717071011,442,22,0
181,299.043126791571,134,16,0
181,268.7449152513995,1009,1,0
181,319.614714594587,887,49,0
181,314.83733416621396,1038,80,0
181,328.94050546236485,49,38,0
181,313.8793178455587,956,65,0
182,697.5783690239801,836,35,0
182,745.4549377603972,424,21,0
182,797.3593366242061,1059,32,0
182,812.9823282846685,999,33,0
182,861.1877739993499,968,60,0
182,926.6688490011551,1387,46,0
182,905.7867529266136,294,89,0
182,951.2877584914871,1000,46,0
182,1031.0350760843023,1198,41,0
182,1119.4338646827919,306,27,0
182,1072.1049762931652,712,36,0
182,1233.0091947409637,545,32,0
182,1175.0605028243285,1397,90,0
182,1153.3198090409942,1380,23,0
182,1291.750314428044,917,39,0
182,1332.8291088382089,1105,45,0
182,1280.3301867362893,5,30,0
182,1358.1313061316118,263,61,0
182,1591.0264705034892,266,75,0
182,1503.6362367472084,235,81,0
182,1676.9754191809288,1037,18,0
182,1709.2228899673628,301,64,0
182,1496.5325528143776,642,4,0
182,1721.897469900403,720,100,0
182,1785.9478395164701,1355,76,0
182,1776.6688311972912,501,92,0
182,1866.053047290658,1416,8,0
182,1806.45235633298,110,37,0
182,1955.8838128614907,685,34,0
182,2051.5017417859976,684,98,0
182,1854.4099321784252,916,29,0
182,2145.873637589014,645,89,0
183,426.299579814288,610,99,0
183,468.68631875081354,413,12,0
183,505.5029643528833,1336,100,0
183,539.829750943466,105,90,0
183,594.854293884882,649,7,0
183,645.8255511764415,688,77,0
183,623.0928403871526,1012,61,0
183,660.9551476102392,1182,15,0
184,307.77003267474487,415,94,0
184,319.5694392631995,554,24,0
184,330.66105816825507,940,52,0
184,340.96078736242293,809,97,0
184,345.6501073422222,1145,77,0
184,351.93604390228,403,23,0
184,362.00452795257706,407,50,0
184,384.4660162884273,9,75,0
184,393.9625008031869,268,16,0
184,414.967161737006,925,24,0
184,392.4405327602651,1409,99,0
184,421.14866907060264,320,36,0
184,443.4401635054666,552,72,0
184,426.38181567496076,299,32,0
184,422.08678317999346,38,76,1
184,428.67101830706713,170,73,0
184,492.18207325646097,835,40,0
184,503.1062021179959,1070,31,0
184,495.194520673036,197,49,0
184,496.6415251385784,537,32,0
184,496.2891124863437,385,8,0
184,487.84958216815755,363,48,0
184,569.4976952084307,9,27,0
184,574.4377246095628,1300,48,1
184,544.9904998658055,332,12,0
184,564.9346207504284,515,5,0
184,576.7339025417068,148,97,0
184,539.4735852295019,419,49,0
184,627.6854403732646,1209,31,0
184,630.3957784508759,1151,77,0
184,607.6723056554868,507,52,0
184,627.3617885850141,997,60,0
184,615.3827561301442,623,89,0
184,575.2220791168112,1143,52,0
184,603.9011563160576,866,55,0
184,697.6248893857703,514,35,1
184,648.9835580250821,349,98,0
184,733.5103287228685,654,62,0
184,661.7273088532573,1195,64,0
185,245.25122709142804,949,98,0
185,250.11477992196168,831,18,0
185,252.792673840728,180,87,0
185,260.3217400219336,927,53,0
185,262.3299269858284,1152,59,0
185,264.17984489347566,620,3,0
185,271.85470214194663,517,31,0
185,279.4046859421759,102,59,0
185,282.7783560348942,100,6,0
185,289.4461248137507,805,71,0
185,291.7075376347224,1274,68,0
185,304.2051762139199,1083,89,0
185,298.10968560813984,126,14,0
185,314.50011619452084,1426,98,0
185,298.3386170070422,456,91,0
185,311.92678220092444,380,62,0
185,329.1077452962237,519,100,0
185,337.34995110864827,195,10,0
185,312.31488194318337,153,21,0
185,329.6847579162844,61,55,0
185,349.838895373829,1332,86,1
185,352.18410508642944,590,40,0
185,334.799018643371,186,32,0
185,368.43871780893977,1020,12,0
185,376.6629107366074,1287,10,0
185,352.6611017865013,1195,56,0
185,381.48844333227356,735,17,0
185,389.0266503521565,53,46,0
185,369.42412770922795,428,3,0
185,361.8610703621188,239,23,0
185,396.6622754445265,1358,6,0
185,372.7386877106121,781,93,0
185,387.04144547309573,124,7,0
185,406.7289600864274,269,82,0
185,382.2625061824818,227,46,0
185,408.9148225262969,1081,85,0
185,403.123606916751,203,67,0
185,410.8674656593901,1236,31,0
186,661.6332088291125,1357,46,0
186,695.7188619593567,337,82,0
186,746.4671068165825,919,19,0
186,764.7457997505949,351,25,0
186,807.3095467521177,1231,62,0
186,868.8081308408213,1392,28,1
186,915.3284238884927,314,65,0
186,947.5473203355939,514,77,0
186,980.5458382500436,1132,67,0
186,979.5044368524209,1137,50,0
186,1029.3811195618262,1274,52,0
186,1146.1756398695234,1119,93,0
186,1096.5134265637987,213,81,0
186,1231.9280175051013,47,4,0
187,436.0149310646467,697,45,0
187,452.94944364726894,1211,93,0
187,462.23543145114786,831,65,0
187,489.3443685292988,36,26,0
187,491.83664273607667,808,10,0
187,506.6456571057232,601,94,0
187,520.356596505077,702,17,0
187,555.9499006119964,135,85,1
187,558.8692592318693,239,86,0
187,561.8056505279926,1307,60,0
187,577.3811332519846,990,35,0
187,610.728130349892,792,65,0
187,606.8784730006901,755,40,0
187,602.7650849720941,1435,73,1
187,701.011637275409,772,80,0
187,714.5364679586398,584,37,0
188,439.29374518561696,666,55,0
188,446.5909070378786,997,32,0
188,457.92035386168305,7,13,0
188,465.69552747659696,1406,100,0
188,473.62853976874896,890,54,0
188,476.71778463759546,1259,7,0
188,491.3194244216577,676,28,0
188,497.13424350478573,1321,41,0
188,508.7053088721299,599,51,0
188,521.9702243788561,1308,35,0
188,523.0137151284947,461,60,0
188,534.8874225412621,1143,33,0
188,532.5629754261104,1211,61,0
188,538.095430687345,813,77,1
188,530.2594985120318,292,55,0
188,541.7774419025008,304,7,0
188,578.7023920256069,1255,61,0
188,565.5052237572733,444,73,0
188,589.3238223412961,215,29,0
188,590.2942934165583,902,24,0
188,598.6760523701038,1003,55,0
188,585.6148268840931,608,55,0
188,581.5328150499865,1191,38,0
188,602.465411804651,1058,50,0
188,631.6289286377081,514,70,0
188,622.4332090527115,883,87,0
188,657.4381096299497,1413,72,0
188,629.2398119915857,314,97,0
188,616.5229878185769,1060,49,0
188,627.5347260924437,1422,37,1
188,638.1638604102236,901,39,0
188,682.4930817868611,944,43,0
188,686.5303097304096,11,99,0
188,719.5957430166053,575,39,1
188,733.497248139854,978,95,0
188,731.1101275157848,1267,1,0
188,728.5542718892102,933,85,0
189,122.90790734661346,1159,88,0
189,128.58851237772555,431,12,0
189,136.40137450759838,1186,20,0
189,139.99039140934238,1372,56,0
189,144.2188219087137,218,53,0
189,155.57859436774484,990,99,0
189,163.81082119934095,623,92,0
189,168.2531081678918,1085,12,0
189,174.4443968786354,1143,57,0
189,176.42069932992473,240,39,0
189,184.27440009258282,103,26,0
189,201.52719546233527,609,84,0
189,207.50808961169042,1433,54,0
189,214.15042802733922,661,43,0
189,218.24500775519527,134,34,1
189,228.2000538225716,555,21,0
189,219.70140557699636,529,27,0
189,230.96641122482887,321,91,0
189,234.71000691633907,953,4,1
189,242.119623016957,1357,4,0
189,239.05032252654024,135,93,0
189,246.14541407351174,722,33,0
189,242.74809554084524,353,7,0
189,279.43594208714,267,3,0
189,290.01220295446717,279,47,0
189,245.31978466454478,1038,11,0
189,285.32159673262163,564,48,0
189,280.7161733415933,729,21,0
189,260.8796792276645,6,96,0
190,822.5722729738557,636,54,0
190,869.8913725596242,729,10,0
190,912.3648039066286,1198,21,0
190,950.3729686046536,802,89,0
190,1019.1351003187883,1058,37,0
190,1110.711679904442,22,37,0
190,1161.67919990006,963,8,0
190,1126.6050190399746,877,89,1
190,1211.5426212784892,1190,34,0
190,1290.311739826825,50,43,0
190,1243.1635211441298,1028,88,0
190,1355.1252707026233,1339,89,0
190,1319.0845425284647,670,48,0
190,1580.5227989638588,468,66,0
190,1463.6932663684318,1377,43,0
190,1571.2183404915481,1401,19,0
190,1516.1824732065006,716,77,0
190,1597.3939392588989,554,56,0
190,1771.7334490989592,506,48,0
190,1939.4468036480039,874,59,0
190,1667.8200252153365,286,95,0
190,1810.0082246373095,1315,67,1
190,2107.7074590799707,1145,54,0
190,2175.981888352744,710,38,0
191,931.1864034883267,842,6,0
191,947.7540585423408,1138,42,0
191,962.3829239545827,1056,13,0
191,976.4232971823101,602,88,0
191,990.3826810193469,665,97,0
191,1015.1614823500718,473,45,0
191,1023.5743265607734,502,94,0
191,1042.4944251905886,378,33,0
191,1051.0736433911825,366,53,0
191,1100.272654991512,834,8,0
191,1108.3494607942994,362,12,1
191,1101.4314868007325,641,76,0
191,1144.3044937762502,1230,26,0
191,1169.5284656262902,1436,57,0
191,1182.9396025194096,556,88,0
191,1148.5580684393587,683,8,0
191,1206.1314309989555,948,91,1
191,1197.0496897995931,874,18,0
191,1173.0685273267682,421,13,0
191,1245.1636880611472,647,35,0
191,1228.312521425562,669,33,0
191,1285.6053293751042,1067,98,0
191,1352.8139258275044,1074,7,1
191,1369.4866431878415,1083,50,0
191,1294.8519948200592,580,73,0
191,1392.097479117724,559,16,0
191,1348.0950864852284,113,18,0
191,1368.36065078468,1285,19,0
191,1460.169830455017,33,52,0
191,1425.9965931116412,1309,62,0
191,1511.2801056834332,1102,73,0
191,1456.7388631674646,244,84,0
191,1460.0691040290487,1411,29,0
191,1491.3737728570409,308,42,0
191,1603.360154750248,1197,6,0
191,1610.1254697311701,663,94,0
191,1492.8406398445154,690,15,0
191,1636.727325776002,65,87,0
191,1533.625786547991,1009,74,0
191,1598.0655792735524,57,34,0
191,1706.1882174739221,1353,70,0
191,1594.6006000812758,490,73,0
191,1752.777784827336,547,62,0
191,1507.6316155514173,860,61,0
191,1770.887424985487,1339,68,0
192,900.7264227634076,1403,84,0
192,1023.050885048808,386,5,0
192,1116.4777477188009,826,13,0
192,1293.3703570818043,866,57,0
192,1406.2098940670107,343,24,0
192,1471.3276646743823,843,94,0
192,1535.3027049264415,368,93,0
193,744.5437797031828,1423,28,0
193,900.5820687786401,303,71,0
193,1041.566925624031,1314,9,0
193,1294.4650280732799,609,58,0
193,1351.0601428501454,824,79,0
194,145.37259302517955,1253,79,0
194,148.59997844902583,1295,18,0
194,152.61830626557656,521,99,0
194,155.83814309476304,1432,79,0
194,163.60196829234246,1081,81,0
194,166.62219049249376,109,61,0
194,168.4866081120216,927,23,0
194,171.85554033550483,339,1,0
194,172.33640557293228,521,15,0
194,175.98363673562937,1243,77,0
194,186.06251745518642,1117,29,0
194,187.9749272209962,156,68,1
194,199.67795594469484,1258,6,0
194,192.86039919234966,366,6,0
194,191.8804250013652,73,40,0
194,194.4387422530388,830,25,0
194,202.55841056586252,730,3,0
194,201.4445264169629,951,35,0
194,213.17448974556444,653,40,0
194,214.8178323814823,832,15,0
194,224.19730451982878,593,78,0
194,222.89978799415042,579,64,0
194,244.33483358338128,868,72,1
194,246.33913862566578,221,77,0
194,230.20153375858047,935,47,0
194,232.74699190988528,43,49,0
194,241.08345069033095,753,24,0
194,256.16905020804336,889,7,0
194,257.5927244802242,586,99,0
194,260.24876556539624,352,72,0
194,268.6776174454804,1228,73,0
194,254.09384976794138,686,68,0
194,272.81052278537226,295,73,0
194,293.4435917392831,1317,43,1
194,268.5469173929581,1238,20,0
194,255.70522692414033,1309,8,0
194,269.9916510265985,707,67,1
195,102.15703576688132,816,68,0
195,105.21511380640102,1235,90,0
195,108.44363542357695,1271,85,0
195,115.37979260915782,1348,92,0
195,118.51445446539049,88,59,0
195,117.00149140294036,657,90,0
195,122.35474421527067,436,91,0
195,129.21965416012216,1047,40,0
195,130.5358685481248,985,100,0
195,139.4513107172941,1375,23,1
195,142.09235265997575,1311,98,0
195,147.559640167097,48,4,0
195,139.61443184928694,913,10,0
195,156.21170770682036,63,26,0
195,146.71085729701804,464,58,0
195,158.13704536611928,1208,45,0
195,163.60588523363907,623,76,0
195,177.08557553171536,159,25,0
195,165.57837350664653,338,31,0
195,183.05885945578103,323,25,0
195,164.0758359930261,494,93,0
195,177.0651771666815,270,46,0
195,196.46957417773604,634,42,0
195,180.99279045375465,60,60,0
195,201.34866694444838,834,41,0
195,211.13086971805527,1113,72,0
195,195.1565477587381,1242,57,0
195,187.8386338786898,201,86,1
195,190.79136562204346,106,31,0
195,224.88977639351106,465,60,0
195,201.5975055643668,820,47,0
195,235.62247286315238,466,65,0
195,225.6742016752255,447,74,0
195,224.55487542764428,1124,96,0
195,225.4128267368909,1394,73,0
195,227.74371677953246,1050,82,0
195,253.7497696274014,694,78,0
195,213.79861165104097,1359,70,0
195,264.680053017513,406,45,0
195,223.41955287611552,1404,72,0
195,239.52286262167326,615,31,0
195,267.4823841490965,230,79,1
195,264.3792550488716,704,60,0
195,247.99128404047428,1179,71,0
195,264.85682569817004,164,51,0
195,251.24241397766644,1231,50,0
196,840.5283104735306,150,59,0
196,855.5434560850208,1358,1,0
196,875.1553643743438,60,98,0
196,879.5997902164279,224,59,0
196,893.4137930207054,142,77,0
196,914.8937233966775,1046,78,0
196,946.085778896091,273,15,0
196,935.5257924100315,1273,64,0
196,945.4154895135562,1126,62,0
196,985.5791153550276,1422,59,0
196,1017.6714770997442,82,9,0
196,994.2912588889919,766,99,0
196,1022.3551026813016,387,61,1
196,1070.1805702672568,1207,42,0
196,1022.3270776990684,238,58,0
196,1097.0570638917955,908,48,0
196,1045.7247506771034,1285,73,0
196,1139.8203715966042,898,95,0
196,1102.5427842256388,652,4,0
196,1073.533074231487,577,87,0
196,1130.4538921072112,463,99,0
196,1224.909036330718,220,45,0
196,1143.3666605862409,162,92,0
196,1158.2173782492775,1257,6,0
196,1153.3598815786006,860,81,0
196,1244.3500446811242,1013,3,0
196,1308.1795456195478,370,17,0
196,1288.3986155945238,494,15,0
196,1276.419838277574,515,33,0
196,1229.5266095896332,931,39,0
196,1258.4939226995646,423,66,0
196,1341.5043373364815,762,19,0
196,1247.8751702807294,1378,12,0
196,1274.470435005983,1343,85,0
196,1399.1186394689082,219,44,0
196,1379.3426409906815,842,87,0
196,1373.9060821460575,463,57,0
196,1382.256177645258,334,58,0
196,1431.062905150942,136,97,0
196,1527.2536608127784,346,83,0
196,1450.553433515162,127,81,0
197,785.1343430058229,454,30,0
197,794.6445625272759,372,51,0
197,806.9674873836027,1429,77,1
197,813.1500437603945,642,37,0
197,825.8823929373046,148,43,0
197,833.1818053653077,779,61,0
197,849.8733735296057,210,2,0
197,842.9440775252355,776,75,0
197,851.727722622368,1017,60,1
197,872.9028137111359,743,6,0
197,903.9716178379392,444,72,0
197,875.6026249643638,1091,40,0
197,911.2346347704064,69,57,1
197,923.9699234707894,601,42,0
197,907.6734888249588,564,8,0
197,940.3239944332988,399,51,0
197,963.9480184198852,885,75,0
197,957.2685564462187,303,50,0
197,992.6234697524658,946,10,0
197,997.0943661848227,323,76,0
197,1018.7145579993853,950,92,0
197,1029.1992923725293,1186,100,1
197,1052.8500492787196,156,3,0
197,989.8366125702801,965,32,0
197,1050.375449482758,1201,79,1
197,1082.8943664159685,165,25,0
197,1049.8589569323321,1117,95,0
197,1107.5076366077346,582,73,0
197,1092.4562627686978,479,79,0
197,1053.764500671301,1111,49,0
197,1033.897540294517,470,51,0
197,1159.7314384066544,1081,30,0
197,1057.4892106458633,730,78,0
197,1077.5757762045669,1438,31,1
197,1135.7401622358225,272,16,0
197,1209.0208343690929,1385,34,0
197,1156.6929667133,476,11,0
197,1163.1293777292483,1146,12,0
197,1238.9269215635704,864,77,0
197,1256.0916824944707,1411,11,0
197,1242.4905133896705,15,15,0
197,1255.6554636684996,310,23,0
197,1236.9647481418224,945,17,0
197,1140.85156338271,1110,20,0
198,632.5582111170484,259,87,0
198,716.7994366317432,1269,22,0
198,751.2253607364282,11,67,0
198,858.2005688502148,175,99,0
198,900.5698202101019,1435,58,0
199,680.371742309121,1253,98,0
199,739.0033204430789,1196,46,0
199,826.843362277285,650,52,0
199,891.38953558211,67,65,0
199,910.6346462991684,580,44,0
199,1092.9726376530036,470,93,0
199,1134.4195776617726,251,100,0
199,1091.196716508345,824,42,0
199,1181.6415048539588,918,64,0
199,1273.6093918813344,977,96,0
200,679.1107107561322,1233,90,0
200,688.6574021222526,1293,97,1
200,699.0102467949336,1155,37,0
200,708.8285010084045,274,70,0
200,713.5337794422378,918,92,0
200,727.1132836642605,1111,69,0
200,728.8736118490742,651,19,0
200,748.4594595522544,180,58,0
200,752.7043899700502,239,57,0
200,753.7568444723156,971,36,0
200,767.1404130001566,327,93,0
200,766.8482443758885,1398,59,0
200,770.6924161288418,91,82,0
200,778.6633800704562,146,48,0
200,784.627464069427,728,59,0
200,805.6029932551469,55,65,0
200,822.022078889508,341,23,0
200,802.5179811030625,1415,26,0
200,827.304975137845,1000,38,0
200,836.7067086180964,64,19,0
200,848.3979172788388,32,36,0
200,847.9659655000223,79,76,0
200,863.0611981503667,141,51,0
200,844.1583351779984,650,100,0
200,909.8713432168207,491,67,0
200,870.5981852344233,175,38,0
200,919.2961222868419,441,59,0
200,935.4679763228919,319,30,0
200,902.2908045661316,494,10,0
200,917.6941988501472,567,38,0
200,919.538845969501,186,57,0
200,980.1947795081044,116,57,0
200,996.5759308700458,43,56,0
200,951.2079531143049,1400,15,0
200,961.4731900304358,997,36,0
200,927.593861802353,1004,21,0
200,943.7001242958918,1146,70,0
200,1055.0061710794587,982,62,0
200,969.4607052362356,57,81,0
200,1040.8531893446311,439,99,0
200,1028.5523292913192,170,30,0
200,1005.328278793163,349,23,0
200,1015.7786800584865,520,14,0
201,778.7618997270627,1087,80,0
201,808.892610742718,521,21,0
201,834.309213647426,713,58,0
201,860.7283059433919,437,98,0
201,907.5538587859068,935,41,0
201,943.3870967214416,1114,15,0
201,995.7121173128586,330,37,0
201,990.0752492963502,184,98,0
201,981.1204357164315,922,2,0
201,1093.4833966602741,441,52,0
201,1097.0820183153792,1332,45,0
201,1048.8115470313544,1388,46,0
201,1076.9502734099592,1257,42,0
201,1102.4896740865524,580,83,0
201,1177.8433040326522,64,44,0
201,1171.0552977735244,487,25,1
201,1311.424659160392,619,78,0
201,1213.998085345969,491,71,0
201,1426.755480782337,332,84,0
201,1345.5669498125517,901,82,0
201,1496.092588437611,176,73,0
201,1369.069823387027,382,83,0
201,1565.7996975546916,762,88,0
201,1546.432306656942,1136,53,0
201,1558.90769244669,23,29,0
201,1690.8192797810627,1028,83,0
201,1486.9138956500974,328,23,0
201,1655.3320756853677,615,55,0
201,1570.4226858869895,409,19,0
201,1639.9012170284084,413,78,0
201,1588.5589908097977,1023,20,1
201,1913.346125587188,340,24,0
201,1862.4294178424327,1119,41,0
201,1918.5600709973057,1189,47,0
201,1930.5921262037202,1086,39,0
201,1832.6681140479363,807,15,0
201,1970.0637927626412,1401,19,0
201,1710.0661696230418,373,26,0
201,1941.586621894652,1210,5,0
201,2124.599105425458,653,40,0
202,451.8296016676082,781,27,0
202,472.2634866686133,145,69,0
202,494.296959401318,23,55,0
202,527.6473155754511,1009,44,0
202,535.815755973432,165,23,0
202,544.3156393682655,1201,65,0
202,598.5577570004994,553,80,0
202,618.9663670426569,120,30,0
202,608.3902148006187,1190,66,0
202,660.3935694532357,952,10,0
202,673.068147479484,142,46,0
202,674.3825245288136,263,7,0
202,703.0179362590975,1371,5,0
202,779.5070168840953,1421,60,0
202,780.9950200847896,884,1,0
202,757.6828320148929,1260,82,0
202,838.3033510727548,742,22,0
202,752.4651283103319,698,67,0
202,771.3536013079206,1125,95,0
202,907.7354512045126,1014,69,0
202,884.9551534173091,1266,27,1
202,900.2832106969322,221,48,0
202,840.760741437276,1057,80,0
202,1026.6354879120506,1010,61,0
202,967.2132846866818,548,94,0
202,1053.267015569637,646,24,0
202,948.8707665680356,1396,84,0
202,1017.544505580591,299,24,0
202,1087.6451371996236,293,12,0
202,1166.8095939386492,972,71,0
202,1050.9974943959385,854,57,0
203,139.82470542640127,1284,72,0
203,149.98867910152202,1364,32,0
203,158.04183368972187,222,21,0
203,171.26837689798333,1227,29,0
203,173.50853222171827,717,12,0
203,182.62357854223876,508,27,0
203,208.99588690731525,1014,89,0
203,202.08005745901406,710,6,0
203,210.40251400640156,1215,38,0
203,233.73094419858538,1200,1,0
203,246.89153652042623,1267,38,0
203,266.5291473984715,835,28,0
203,239.165143554675,1111,17,0
203,257.93093382007294,1326,97,0
203,298.33279791844814,430,13,0
204,709.6091998592168,141,91,0
204,773.2641710810894,218,95,0
204,803.5326685717048,377,91,0
204,916.5771729964995,1144,95,0
204,985.0379034495388,774,59,0
204,1046.096097206269,1338,26,0
204,1037.574930801912,299,63,0
204,1080.0003419913373,721,45,0
204,1125.869094838364,565,73,1
204,1293.2064539377657,324,30,0
204,1188.4500845925631,819,2,0
204,1390.0842017858242,750,95,0
204,1522.2456325536082,1161,76,0
204,1341.0597158605274,300,64,0
204,1606.8522716488492,717,73,0
204,1485.9545984099113,1400,61,0
204,1471.7916861127728,88,30,0
204,1857.6864360419836,312,57,0
204,1846.507351680555,878,48,0
204,1917.9357888054124,1435,50,0
204,1861.1947894528867,709,76,0
205,934.3409255435769,1224,16,0
205,1038.8238077838544,820,73,0
205,1089.9582608007092,753,6,0
205,1197.2630602628437,1395,38,0
205,1359.930466685763,792,25,0
205,1289.6542632854023,840,78,0
205,1460.7783859693236,1066,25,0
205,1449.1911942397612,607,1,0
205,1638.4865704276897,960,86,0
205,1856.250948031639,1366,24,0
205,1760.2054174578607,1190,25,0
205,1776.1169950378762,318,16,0
205,1925.7981668870834,348,94,0
205,2261.114139181507,197,89,0
205,2191.226824181786,1264,83,0
205,2015.8577991072834,913,58,0
205,2587.6154768087936,869,94,0
205,2547.8199931458316,592,41,0
205,2504.6896275680842,1280,35,0
205,2482.9098683409125,1178,63,1
206,884.3079660583426,1085,91,0
206,900.0144899527852,303,56,0
206,928.2050235958101,518,62,0
206,936.9240334990085,93,48,0
206,955.826856276111,393,47,0
206,970.7193565250851,528,32,0
206,1022.2329228252567,500,56,0
206,1027.8641158293526,1161,23,0
206,1041.7711999657888,332,98,0
206,1072.3921450792225,516,63,0
206,1104.838660923876,151,79,0
206,1070.3540563278646,611,22,0
206,1091.797884321761,1217,31,0
206,1167.6178929934451,229,73,0
206,1185.7467975325321,606,10,0
206,1184.1852447620686,186,87,0
206,1175.0899420474916,504,56,0
206,1161.2097355599321,1018,19,0
206,1291.7988864864433,56,48,0
206,1248.6801981115584,285,30,0
206,1217.7948496142221,1148,45,0
206,1231.7784014763045,1333,28,1
206,1324.9985160287656,1098,54,0
206,1353.8654601763164,366,12,0
206,1273.1111978610977,25,4,0
206,1339.7771994104414,855,25,0
206,1377.7867295011079,169,29,0
206,1346.85479068712,838,60,0
206,1337.8314354044994,1172,92,0
206,1542.7413677256968,434,76,0
206,1556.0596555177922,1175,65,0
206,1600.0591162563978,1440,5,0
207,132.2998883721658,706,49,0
207,135.09425331984548,1101,70,1
207,138.88236127084343,496,73,0
207,140.67258717421942,848,82,1
207,147.0263723409998,108,76,0
207,150.03763605274028,644,37,0
207,154.60230032705226,829,62,0
207,159.11959530163722,464,93,0
207,159.90814212040323,44,50,0
207,167.87341288703828,317,23,0
207,165.3660522177572,372,75,0
207,170.08728673072656,1025,38,0
207,175.69295820298328,246,21,0
207,178.5899657372432,360,31,0
207,177.35494908150227,156,71,0
207,184.3896767562231,523,44,0
207,187.36871145649667,610,13,0
207,200.31440506908444,885,13,0
207,190.0800256985993,1168,56,0
207,184.90933987834572,345,48,0
207,199.18500037028082,366,12,0
207,199.78945106713994,462,24,0
207,213.8735666231035,759,3,0
207,217.66684514505923,1136,69,0
207,227.9020960398334,59,57,0
207,206.82782970043777,558,16,0
207,218.43679140692277,117,52,0
207,233.75414842714179,1168,73,0
207,217.84727539113555,434,61,0
207,238.7980344520697,950,80,0
207,227.88490452715615,1288,89,0
207,217.8918816755557,401,85,0
207,239.99510787321222,1269,34,0
207,255.55662249720922,810,62,0
207,227.64136263144272,809,54,0
207,263.9625098897931,961,71,0
207,240.11731673008575,1117,2,0
207,265.3118728485808,656,93,0
207,238.71607394173324,1340,85,0
207,261.7047814159,467,65,0
207,293.2825727278717,415,12,0
207,263.3737688737371,1362,89,0
207,255.72541714527125,1205,80,0
208,60.14051961053299,414,69,0
208,61.40787998987808,437,10,0
208,62.717505546929296,1338,14,0
208,64.23917359148592,516,41,1
208,65.55177931589596,970,65,0
208,67.02874714711655,1255,25,0
208,67.7115942112496,581,31,0
208,70.64686439467796,877,5,0
208,73.54919699691162,713,29,0
208,72.54174800622874,130,80,0
208,76.12592662478609,342,59,0
208,76.13970800982779,97,39,0
208,79.75894031487657,734,56,0
208,81.99627033590647,811,66,0
208,82.32878069818167,350,25,0
208,78.0343620689197,465,56,0
208,83.73216425797317,343,59,0
208,82.27226779192306,51,2,0
208,88.71285389698147,626,74,0
208,88.91042131700462,297,88,0
208,90.23209591942788,577,91,0
208,85.63389880814934,262,96,0
208,92.22299120504726,1003,74,1
208,88.77327316070773,1385,49,0
208,101.6970219197338,318,87,1
208,94.09447987534466,462,65,0
208,97.4428409663175,180,56,0
208,96.84645978113159,567,57,0
208,94.98858562408813,281,5,0
208,109.62793655903621,1084,12,0
208,105.63304697939328,1336,82,0
208,110.53769068079444,1327,63,0
208,98.76081686257214,1160,23,0
208,110.3915133691778,1071,60,0
208,110.9219618416497,1028,56,0
209,178.07243950446696,160,16,1
209,187.58506313423095,1269,35,0
209,196.69564613077802,333,95,0
209,210.11120744031012,742,99,0
209,220.14538027803465,18,62,0
209,225.13050014580088,841,26,0
209,240.34168818116314,33,3,0
209,248.45935069008766,85,13,0
209,244.907541882821,458,23,0
209,251.25185448575036,188,36,0
209,261.72948101815524,674,13,0
209,291.62232496773447,1173,79,0
209,271.78527147332176,888,28,0
209,317.1223009995957,163,37,0
209,309.81528083249884,1384,59,0
209,326.24060648319477,824,95,0
209,335.82604790927616,423,17,0
209,308.7481127341224,632,42,0
209,325.9640614809672,102,48,0
209,324.2139492686761,179,71,0
209,374.56984282163603,524,65,0
209,341.24423207567474,516,19,0
209,378.40115140631957,659,30,0
209,352.2288915307232,517,78,0
209,382.4385140877769,507,16,0
209,407.13856996585037,452,84,0
209,372.515673662862,319,49,0
209,453.7737877594056,952,84,0
209,463.96532118431776,1114,55,0
209,485.2579214502847,1232,54,0
209,402.12012427961565,381,55,0
209,422.6099621934526,549,21,0
209,501.1847894515523,1194,32,0
209,444.5039995064935,1405,51,0
209,492.7100321248818,905,1,0
209,482.162325308423,514,40,0
209,502.6572905555074,153,5,0
209,489.91089873061,931,41,0
209,566.0061212133287,969,13,0
210,152.8524846220838,273,74,0
210,159.02750554765134,902,96,0
210,170.92274103328785,1354,49,0
210,172.086689364593,924,39,0
210,182.8770065989855,935,99,0
210,186.60545952026712,1050,83,0
210,198.30246025799377,623,36,1
210,212.68931564409547,138,73,0
210,205.71867003287275,1264,75,0
210,227.93245533722566,384,24,0
210,215.82360573728928,552,33,0
210,243.1586675642847,218,15,0
210,232.7881482573372,1303,50,0
210,234.82571158135573,1313,73,0
210,277.5015558153769,256,39,0
210,270.4664311292114,1206,88,0
210,278.9783442329019,169,64,0
210,278.97776801396566,884,100,0
210,274.43558455222524,69,70,0
210,311.96887875136974,1339,63,0
210,330.3362451152294,790,35,0
210,297.4488918003304,251,48,0
210,294.86912688416464,772,95,0
211,824.0473097543244,361,98,0
211,887.5002634543051,1122,96,0
211,929.649847870201,1065,56,0
211,1024.4667742456627,1045,64,0
211,1067.7259461380586,1027,38,0
211,1183.8831265008985,225,78,0
211,1181.6678122083597,862,35,0
211,1188.7409905789104,583,23,0
211,1365.7841155575616,877,26,0
211,1492.374443897862,308,50,0
211,1333.4148691394482,1328,68,0
211,1380.6115893041574,726,3,0
211,1591.3784368778738,182,31,0
211,1536.396930284745,192,34,0
211,1599.3880995277755,1428,44,0
212,347.3515096152756,1340,42,0
212,365.9029925477036,1018,98,0
212,386.3822920808802,530,19,0
212,398.98799187633654,78,76,0
212,419.79315686283786,275,1,0
212,423.55663644272755,1043,8,0
212,430.24630829343215,1424,54,0
212,461.37855377015035,401,88,0
212,484.3769658517453,1115,42,0
212,481.5374750541947,1187,85,0
212,533.7057918271128,718,91,0
212,533.8394604436415,468,78,0
212,524.5043449539825,370,60,0
212,594.7008110372849,314,26,0
212,576.5224401680763,812,19,0
212,637.4731423969788,329,2,1
212,670.088762243671,623,11,0
212,664.7928294515709,962,30,0
212,688.6367873585878,406,81,0
212,653.8637489435164,1209,95,0
212,650.5900837112531,1206,53,0
212,761.9319814401765,1230,56,0
212,670.428421666565,553,15,0
212,770.7152567678829,564,52,1
212,737.7553675279048,491,58,0
212,734.9315429836216,852,61,0
212,849.3933387150753,304,19,0
212,762.2751006380622,730,96,0
212,774.276852353997,1078,41,1
213,274.459672852987,1111,90,0
213,315.3416643785865,1338,6,0
213,352.0051263210952,1212,32,0
213,400.70728438679123,354,53,0
213,401.1722248439733,185,95,0
213,473.95591490744926,388,15,0
213,499.64641979116277,69,62,0
213,584.489391064222,44,17,0
213,555.1499778533516,750,96,0
213,625.5382098526736,454,57,0
213,667.2050309995186,268,67,0
214,995.6814652472221,493,53,0
214,1037.2559367975732,699,84,0
214,1070.4346746188417,537,92,0
214,1115.6594945819816,1154,1,0
214,1145.571102794414,475,11,0
214,1201.0104140472808,834,91,0
214,1200.6804653095917,705,45,0
214,1257.1665950499687,1425,54,0
214,1367.8496632102788,362,10,0
214,1414.1242339811429,1291,38,1
214,1332.5088938650822,457,78,0
214,1364.9018946184374,246,64,0
214,1406.18346013512,789,22,0
214,1405.127631241887,1034,87,0
214,1624.2674100482968,293,59,0
214,1677.1544524439632,309,66,0
214,1575.4980038434214,1094,74,0
214,1688.9728473229384,1413,69,0
214,1790.2328458609009,725,52,0
214,1606.0140552650075,1320,59,0
214,1742.8481564354852,537,70,0
214,1948.3676104748815,1107,19,0
214,1927.2690789215678,1131,9,0
214,1890.7065926195073,232,95,0
214,1846.8658378115383,581,6,0
214,1821.52127634314,1427,61,0
214,1976.246470932728,1422,30,0
214,2007.2769165262998,866,66,1
214,2244.199357819451,548,53,0
214,1925.4032365161643,594,36,0
214,2311.6163664334313,638,62,0
214,2335.936979302838,1341,89,0
214,2125.525489185773,120,58,0
214,2479.4519074768714,843,72,0
214,2480.547234212627,733,91,0
214,2602.0680827938377,236,60,0
214,2275.8179534484807,1269,4,0
214,2678.9349811771554,1375,53,0
215,412.56966199790867,374,100,0
215,439.1944580938373,841,48,0
215,462.9003837622912,45,76,0
215,476.9006062778371,614,20,0
215,511.3534867931143,831,28,0
215,540.3800877281301,829,1,0
215,583.6582870366362,781,12,0
215,575.4399734182839,153,84,0
215,647.1775187048524,817,80,0
215,647.8197707372625,252,68,0
215,698.6076331506024,1259,47,0
215,677.1377044271524,888,34,0
215,694.7340387559384,1114,10,0
215,805.0211028745123,624,37,0
215,815.6811661374007,1033,25,0
215,789.3549805269809,689,16,0
215,887.538546193279,799,56,0
215,774.490082529679,429,24,0
215,863.8201360712173,769,35,0
215,866.2476737934692,84,47,0
215,1023.1352875053567,27,21,0
215,968.1537060489134,1024,50,1
215,993.5815602756782,54,6,0
215,1014.1283875024312,233,29,0
215,1157.1625921444943,545,27,1
215,1138.1655791690364,1420,9,0
215,1131.4616232246758,631,95,0
216,960.5331626248221,310,88,0
216,978.9953422404185,1192,24,0
216,990.240294525349,71,26,0
216,1013.4270447825878,57,51,0
216,1043.1751951493632,576,77,0
216,1044.1389476091372,215,43,0
216,1082.1265683006602,465,79,0
216,1106.4069452033386,1314,30,0
216,1086.412422739681,196,99,0
216,1093.5406830831823,1382,39,0
216,1127.6640928909505,1089,87,0
216,1153.62747928585,300,71,0
216,1217.6804846844257,540,66,0
216,1188.2516229149262,206,65,0
216,1254.162995667579,67,29,0
216,1255.7177472484777,290,30,0
216,1232.004499225931,1022,67,0
216,1275.8913895382298,931,90,0
216,1324.791756517623,1154,14,0
216,1354.6213894260516,260,62,0
216,1360.003237488197,29,74,0
216,1360.6878295241709,1068,28,0
216,1441.6756355472148,271,37,0
216,1362.2366418145186,496,90,0
216,1382.8145515037907,592,67,0
216,1450.4504117982324,322,4,0
216,1497.3974472628356,1339,84,0
216,1507.030877309186,325,15,0
216,1432.678248755546,1131,21,0
216,1537.1152362039645,181,27,0
216,1548.9881714254964,1368,75,0
216,1606.8266415766593,52,24,0
216,1633.1815735575424,682,98,0
217,985.6636853482324,607,96,0
217,1000.5800549809989,13,47,0
217,1011.7850945171456,1248,15,0
217,1017.8122989383094,630,51,1
217,1026.1656083437188,224,75,0
217,1043.2957268236519,907,86,0
217,1062.622943683291,1103,21,0
217,1057.7780774779612,196,28,0
217,1071.8173884345406,250,34,0
217,1116.2659177660366,313,87,0
217,1085.6398494854855,391,53,0
217,1114.9802623053304,276,1,0
217,1138.4286421505258,545,63,0
217,1116.0819030080881,863,78,0
217,1132.926521020819,1139,12,0
217,1164.970859139668,1192,21,0
217,1218.1118775668183,1014,8,0
217,1162.7895481551343,852,8,0
217,1175.1791217482776,285,13,0
217,1227.0523150977297,303,5,0
217,1253.3913983254677,102,55,0
217,1284.7845686796609,1089,100,0
217,1275.8218583098146,424,75,0
217,1318.5169272726903,1101,24,0
217,1292.0561172199182,328,26,0
217,1315.0147299560977,675,66,0
217,1364.5963498446245,144,3,0
217,1384.958309389715,1242,44,0
217,1276.0643024325207,1167,7,0
217,1280.8915954275947,528,81,0
217,1350.7662521005582,1432,55,0
217,1373.9451852629818,129,91,0
217,1407.1504631423181,25,28,0
217,1338.4408402222866,1159,51,0
217,1494.0949070865265,853,60,0
217,1478.4550213211878,1064,84,0
217,1416.7765777728505,943,94,0
217,1392.030806358707,601,19,0
217,1470.435225991763,250,59,0
217,1509.4839680023033,473,85,0
217,1572.82534429262,131,25,0
217,1399.6371910554565,843,55,0
217,1491.8523919315953,943,76,0
217,1553.3456526242826,770,56,0
218,842.0546450269355,392,14,0
218,882.064010796419,371,24,0
218,914.3368630959876,1378,83,0
218,938.7562833767671,423,23,0
218,1006.4391047262685,822,34,0
218,1008.262775382409,1384,56,0
218,1044.7313291631465,39,22,0
218,1087.4961318294706,65,22,0
218,1086.2138017275174,979,45,0
218,1165.145550585487,96,13,1
218,1156.7431077779215,348,61,0
218,1157.889229328479,992,28,0
218,1281.3375454027137,247,74,0
218,1326.3995652139436,109,81,0
218,1320.8477036223367,278,77,0
218,1285.937542226336,886,30,0
218,1392.0340335729497,756,45,0
218,1512.398199049199,439,47,0
218,1483.6778551023704,1359,75,0
218,1572.071012980124,405,72,0
219,846.1753119730016,390,81,0
219,873.7193469879948,1434,85,0
219,897.6574533689818,585,10,0
219,927.5150767423049,1402,73,0
219,979.9843798983719,1155,26,0
219,988.0532346533532,949,21,0
219,1043.966242652038,1350,35,0
219,1056.4791954165416,995,47,0
219,1032.9782569826493,275,26,0
219,1122.976305626246,378,59,0
219,1141.2935539789476,1003,74,0
219,1229.7337150803776,1373,25,0
219,1131.6107219668397,1241,41,0
219,1170.8464007009318,1204,40,0
219,1302.8204579925882,1134,13,0
219,1339.8228249528509,524,63,0
219,1258.722893740239,713,1,0
219,1420.3375747941805,763,72,0
220,323.44111750085676,497,73,0
220,339.29283477133794,463,27,0
220,354.29725559561655,650,79,1
220,367.5432338001314,1055,76,1
220,378.8355418518088,788,69,0
220,414.2434003294543,302,41,0
220,401.0611572707302,984,68,0
220,426.44103968860475,1063,80,0
220,470.1580855098951,1004,12,0
220,441.5749080869684,1417,59,1
220,486.8128762477013,825,5,0
220,491.9621660674575,169,87,0
220,485.3960446282433,1207,44,0
220,561.949144863343,828,54,0
220,543.6819662452015,1330,94,0
220,599.0515993842562,415,67,0
220,548.8079126601156,496,45,0
220,595.7914330296553,601,16,0
220,633.1164368233012,575,92,0
220,659.5763294847856,916,51,0
220,610.4815323775025,462,19,0
220,593.9823949211384,528,56,0
221,570.8386097971996,1354,91,0
221,620.2698007075655,1343,97,0
221,653.8129315025437,172,18,0
221,705.0886513799308,296,79,0
221,726.3117277461207,1161,19,0
221,832.0039019275098,1340,91,0
221,884.7345727760716,540,9,0
221,967.9689198261833,446,76,0
221,955.2966226791266,920,41,0
221,1057.3207075585253,1062,93,0
221,1077.0507988120664,350,72,0
221,1013.4580841305208,895,51,0
221,1137.1458414731183,415,76,0
221,1292.5803667234356,1242,30,0
221,1192.2071533997537,847,55,0
221,1322.97196915432,204,83,0
221,1244.3909422768752,995,68,0
222,772.0636333124046,478,47,0
222,829.0582204350997,77,21,0
222,880.1154959090119,1397,30,0
222,923.7558359482064,1293,12,0
222,1047.5578821133363,673,78,0
222,1090.1836540115198,654,97,0
222,1150.8045820778145,525,34,0
222,1123.1036143470199,633,93,0
222,1215.6772300723171,1212,38,0
222,1318.9360527984913,534,45,0
222,1490.2267894481622,1170,96,0
222,1514.0868280416607,1009,90,0
222,1396.75468698858,440,85,0
222,1626.3006727428055,1002,26,1
222,1726.038279819722,740,68,0
222,1748.516056731005,924,4,1
222,1909.1059739654636,1319,39,0
222,1905.7674637121672,1213,52,1
222,2028.46321887284,142,63,0
223,736.2397648347057,506,41,0
223,766.1678847660836,606,67,0
223,793.3464140406544,1152,4,0
223,825.6875513551782,505,41,0
223,867.064973003977,1211,26,0
223,912.1282663015004,734,32,0
223,984.6324155145899,583,100,0
223,1000.178586555307,232,73,0
223,1021.8847585138444,1010,74,0
223,1037.3427610265735,374,19,0
223,1124.7129249066345,576,70,0
223,1095.8921714362336,1305,28,0
223,1149.5959156942727,1403,93,0
223,1227.4854696892526,367,83,0
223,1276.3705351974763,1356,73,0
223,1171.0940413227004,262,25,0
223,1261.9553359399424,417,58,0
223,1349.3235642204113,767,8,0
223,1343.8125606209724,1259,23,0
223,1438.6029592840448,256,45,0
223,1385.2229073003314,77,35,0
223,1569.4213076559981,988,25,0
223,1368.8612352255232,162,46,0
223,1692.5562005036386,1013,70,0
223,1476.2990316346493,1401,52,0
223,1537.9324064400823,703,92,0
223,1677.4574188604136,740,20,0
223,1579.2956004595494,368,64,0
223,1576.0644926491157,466,78,1
223,1961.3499145570377,498,4,0
223,1998.7147219935641,93,19,0
223,1979.7682125613849,751,27,0
223,1813.6442738408327,285,69,0
223,1715.0227811793725,406,23,0
223,2108.520492108454,479,87,0
223,1965.757709902632,925,71,0
223,2112.17333715147,963,69,0
223,2299.3940458759253,1125,57,0
224,102.11020066982255,533,87,0
224,107.062898974293,223,31,0
224,112.03714369965488,386,1,0
224,115.49977521169595,220,89,0
224,123.36743429316346,1390,69,0
224,121.17093048373668,988,21,0
224,132.5826729676088,368,19,0
224,139.00536877587885,454,40,0
224,141.94011624220587,660,43,0
224,147.16653401184567,158,32,0
224,152.88389594960987,675,26,0
224,145.31086752661344,1349,8,0
224,166.40315491137835,1266,79,0
224,163.13330414415566,997,15,0
224,168.56129791923848,569,28,1
224,160.84327474068095,1224,94,0
224,170.49903099055865,1325,81,0
224,180.18181304803136,576,87,0
224,186.59552142587205,769,40,0
224,177.1305045280371,19,60,0
224,207.36160348061856,96,67,0
224,198.5773944076269,500,70,0
224,200.7802348251857,488,54,0
224,203.88447429507767,286,79,0
224,201.65092864008636,818,80,0
224,229.49971596263293,799,83,0
224,234.49754775452166,664,17,0
224,234.97902285598954,168,79,0
224,207.40183584914416,636,80,0
224,219.87614450561637,147,67,0
224,220.75979612934074,1429,1,0
224,267.6487090828471,868,87,0
224,224.34683412096234,624,20,0
224,236.0904217328274,543,54,0
224,250.85022813309615,218,14,0
224,277.2058516682539,344,53,0
224,296.263596053941,333,63,0
225,574.2341732056373,411,44,1
225,601.5951838623589,187,57,0
225,640.00003646562,983,76,0
225,645.7872443378345,817,79,0
225,670.840327065568,1320,13,0
225,710.1631230171034,1040,8,1
225,715.1397069824678,970,76,0
225,790.8978338768766,310,59,0
225,781.0286886424619,168,90,0
225,815.3132032796877,1311,45,0
225,815.590225864721,921,94,0
225,931.239489548781,641,68,0
225,932.008409245032,747,28,0
225,874.4912230750942,626,14,0
225,981.5603557202542,321,31,0
225,1056.6613432324525,267,87,0
225,1062.9591977785772,979,91,0
225,1088.3548454410175,547,42,0
225,1167.7014602624474,267,31,0
225,1104.6383377383681,628,35,0
225,1245.5192013068836,573,28,0
225,1248.8317296071468,18,55,0
225,1110.5155206009795,153,17,0
225,1104.4528309160205,1255,56,0
225,1152.5917463400035,1060,68,0
225,1306.9501096582333,1437,18,0
225,1284.8980421570707,1208,1,0
225,1299.5210266792033,361,3,0
225,1488.8235879925232,40,55,0
225,1533.0179625172213,19,58,0
225,1460.9840359162813,1193,4,0
225,1353.9465764713123,1111,38,0
225,1581.2893733490914,1387,41,0
225,1407.0782347562317,1380,77,0
225,1643.8615250135636,867,9,0
226,418.13368881827813,273,92,0
226,444.9536682179568,171,15,1
226,479.3258403994521,1075,80,0
226,485.5280152722255,1312,49,0
226,507.0205386485478,885,100,0
226,562.6236331357168,332,79,0
226,547.7818302343703,634,15,0
226,623.4694543160088,913,55,0
226,613.3039078156656,527,61,0
226,689.8974626041334,783,40,0
226,672.6583563655067,844,5,0
226,716.6097156791409,72,92,0
226,708.4055008764842,229,29,0
226,721.5037873070147,241,62,0
226,803.658655259067,44,32,0
226,863.8229461400233,58,61,0
226,921.2841561172236,692,60,0
226,911.8589540365306,928,31,0
226,964.1962847515024,1429,22,0
226,965.4326564716885,392,62,0
226,965.658570084373,1,7,0
226,963.0948023057394,453,1,0
226,1069.033972853379,214,54,0
226,1086.664846490203,1114,24,0
226,1069.4210703512251,630,50,0
226,1000.4664290616072,382,6,0
226,1213.7414864175128,844,15,0
226,1040.813992347159,758,62,0
226,1120.5148497956804,521,59,0
226,1206.0601584652138,1062,24,0
226,1216.8226489024264,1239,96,0
227,113.99755356648369,39,1,0
227,118.10831286865617,1236,23,0
227,122.51311792517296,977,31,0
227,124.90244147416568,49,21,0
227,129.3434423486591,26,11,0
227,139.6323273924868,1263,48,0
227,137.04309054751158,633,52,0
227,139.3696238023612,37,76,0
227,144.47757413162913,214,7,0
227,160.6623179051371,931,29,0
227,161.5244254894001,625,35,0
227,153.3432633392585,851,17,0
227,158.63701870113562,855,45,0
227,178.60714444787152,442,44,0
227,173.7409015531028,737,43,0
227,172.4090549992157,1014,35,0
227,194.88930625041746,1289,46,0
227,176.82385609553967,803,46,0
227,203.6537367183832,383,41,0
227,210.67215403890322,328,43,0
227,189.45644108732444,968,81,0
227,216.87977006059526,86,86,0
227,212.8020983862715,304,96,0
227,207.1241112892708,606,87,0
227,222.60315953577253,1316,55,0
227,206.8011349782758,14,87,0
227,217.389767253425,762,42,0
227,221.14983999305335,171,2,0
227,248.9120657401303,1379,12,0
227,230.0662033525894,455,39,0
227,246.801203941925,859,32,0
227,252.73501842705895,853,41,0
227,227.45992350623465,299,18,0
227,238.7536793817651,807,93,1
227,276.9424963753106,179,37,0
227,288.0171937882585,718,34,0
227,250.65313194843657,527,87,1
227,262.18196118951477,759,12,0
227,260.58232572975254,659,7,0
227,283.7351881194161,1334,96,0
227,277.7655899989756,1155,87,0
227,299.1240824071103,817,94,0
227,260.60679254930824,206,52,0
227,277.1191867252763,114,63,0
227,281.7531050507862,1144,5,0
228,133.91266438533665,480,11,1
228,136.9106227744097,36,98,1
228,140.01432022805886,100,74,0
228,140.89134707035683,114,1,0
228,142.70279092538323,1015,66,0
228,148.9034173872447,204,66,0
228,148.32514333530472,211,26,0
228,154.61885793890514,406,79,0
228,152.15558876124106,444,99,0
228,160.94239248629827,1303,76,0
228,164.20737456941683,1046,27,0
228,161.83650806597984,762,81,0
228,166.6531464533663,371,58,0
228,163.83290720110176,647,77,1
228,165.62616352151994,26,68,0
228,167.00058392067103,71,65,0
228,168.33462651575886,1076,30,0
228,184.9284296297903,848,5,0
228,189.7670711548262,1177,12,0
228,186.6311243875847,529,23,0
228,189.89821614081046,523,73,0
228,181.83388097404645,565,44,0
228,185.76078930492537,732,86,0
228,199.54414628652052,249,88,0
228,199.25596655097803,1267,30,0
228,212.30797768036217,97,23,0
229,701.3082219711029,1114,82,1
229,722.8749818274372,716,89,0
229,746.1269407690114,1336,79,0
229,761.8374253433309,604,4,0
229,769.5727069370886,1088,38,0
229,792.827058729126,571,33,0
229,828.5244091406571,1087,4,0
229,817.9160908412297,154,52,0
229,874.3188803541599,1430,88,1
229,849.6149956388924,3,81,0
229,881.4843872081815,295,80,0
229,890.4987359872713,1187,21,0
229,892.7457502970854,843,79,0
229,942.8128901403272,447,94,0
229,951.3942342765326,204,11,0
229,1004.2830618900402,1018,19,0
229,1045.4042733826427,647,65,1
229,980.7422758244365,1196,82,0
229,974.3265076312907,340,11,0
229,1047.0795966279284,1009,43,0
229,1079.8743668816796,484,37,0
229,1095.9452979752568,129,83,0
229,1066.5644425228568,74,76,0
229,1176.5665709832062,822,99,0
229,1229.9185016281367,125,88,0
229,1176.4091757399099,80,76,0
229,1153.3469972776563,1013,14,0
229,1251.9727213118595,8,95,0
229,1225.3324605282953,1033,43,0
229,1219.3701751514413,1415,71,0
229,1333.7152848477267,285,78,0
229,1308.3918999136094,508,50,0
229,1314.068140691249,352,42,0
229,1437.760083831173,610,49,0
229,1362.4614308354164,644,90,0
229,1440.5792046647282,726,23,0
229,1486.4693337920767,207,72,0
229,1503.1590852497166,973,81,0
229,1522.9020694014284,1059,30,0
230,891.4357214637323,331,62,0
230,994.8353590708456,504,81,0
230,1083.1502803982476,227,68,0
230,1128.6981594525619,1207,53,0
230,1213.1267058520734,67,70,0
230,1381.45810997875,601,90,0
230,1516.8498562486784,476,92,0
230,1678.165154087526,296,10,0
230,1758.7800389543552,293,73,0
230,1819.0773953194944,386,9,1
230,2035.285209037491,195,42,0
230,1959.5944638131916,307,73,0
230,2144.121413053533,612,2,0
230,2361.585102723789,214,86,0
230,2022.2488084746255,989,53,0
231,799.7865571210864,1252,57,0
231,994.50710475142,697,4,0
231,1166.166647808267,519,64,0
231,1351.7437571145072,280,69,0
231,1416.7197237544235,852,99,0
231,1458.2134762802784,372,59,0
232,189.20405684095294,685,92,0
232,194.207112492422,353,5,0
232,199.5198662871698,1358,52,0
232,203.1781055910063,1033,8,0
232,205.3028870239848,819,74,0
232,215.52338547250972,365,76,0
232,220.05191384224267,1066,52,0
232,221.66249609141627,1271,61,0
232,230.40349921579295,1197,21,0
232,226.5878942960702,1150,83,0
232,226.5844302106992,160,65,0
232,232.76278866167212,1316,33,0
232,250.23010836868954,900,100,0
232,255.06099878135967,498,80,0
232,249.2960296210819,698,31,0
232,256.6204541064595,444,25,0
232,262.12657990727325,241,49,0
232,269.96943764396616,971,3,0
232,280.67720227792455,977,44,0
232,276.35107256575077,18,52,0
232,284.7979060349601,721,11,0
232,289.4856136679723,964,66,0
232,280.9770133533678,227,25,0
232,292.1859770002249,1371,79,0
232,296.24710667691863,476,44,0
232,280.1596842018631,170,73,0
232,302.53143607672064,353,97,0
232,311.46276636147456,1072,41,0
232,308.1377287067229,882,25,0
232,295.93065911376686,390,12,0
232,317.89200103788005,1426,15,0
232,344.8038019428582,988,33,0
232,352.2819432493039,499,43,0
232,329.6687100082913,209,88,0
232,357.2710248987996,569,57,0
233,795.3823968632571,400,44,0
233,821.0241774537898,181,65,0
233,838.9682347471013,381,82,0
233,868.1167144971611,819,87,0
233,880.7891421934728,1139,66,0
233,909.5267440451155,31,81,0
233,933.2173738455506,996,6,0
233,1010.0090899784192,458,90,0
233,1042.785965827427,803,16,0
233,996.6615333081592,112,79,0
233,1068.273727542989,652,28,0
233,1026.1511677668154,375,3,0
233,1139.7696147202894,804,76,0
233,1137.0946464206145,408,70,0
233,1125.448904393616,194,72,0
233,1112.5277517427555,507,26,0
233,1244.9186614817052,193,51,0
233,1297.7933374480178,251,56,0
233,1220.5633175808448,575,37,0
233,1270.4134320655044,1058,5,0
233,1325.6284213194365,344,92,1
233,1249.7968819586652,241,61,0
233,1353.1351267042398,229,91,0
234,16.534329612897444,893,16,0
234,21.151891402117634,959,62,0
234,25.09988166667265,1418,39,0
234,27.31303333820652,106,88,0
234,30.23249442314473,1327,25,0
235,674.219728417054,730,61,0
235,754.2964313967061,539,60,0
235,830.9934805373284,769,32,0
235,909.5941721478697,1178,33,0
235,1029.3800434136556,1280,34,0
235,1075.6367289670861,791,22,1
235,1315.9721926715097,1308,99,1
235,1395.5972590607098,643,67,0
235,1460.7565001493676,1118,90,0
235,1562.3888441108775,372,20,0
235,1444.6545004095449,428,8,0
235,1721.285818242604,516,89,0
236,718.4787089389948,761,30,1
236,739.5343483114352,217,29,1
236,762.5787204057168,390,25,0
236,776.3934537430507,1319,16,0
236,798.9910451511646,956,14,0
236,824.5991685858263,81,4,0
236,819.3941758815065,943,42,0
236,859.678510654682,278,1,0
236,888.1386350272697,1104,52,0
236,903.7623427001339,33,32,0
236,950.0950949859966,819,24,0
236,925.8314435530584,284,31,0
236,972.9531683302987,656,47,0
236,998.8724036175659,214,77,0
236,1022.6140418424336,538,29,0
236,1057.651148473569,710,71,0
236,1031.9205889661316,324,11,0
236,1012.0139947955774,389,28,0
236,1150.6138685191602,1356,16,0
236,1086.310174183532,773,35,0
236,1152.5092491110584,1336,26,0
236,1102.007972672653,79,56,0
236,1145.2749515681098,242,96,0
236,1245.860400767312,154,96,0
236,1180.5648579873891,1273,41,0
236,1135.84771913184,1173,36,0
236,1265.4506220854714,514,4,0
236,1164.143377304407,531,81,0
236,1397.6251511325258,768,41,0
236,1255.1915228981748,830,79,1
237,38.03405690111644,1223,5,0
237,40.13593264811503,748,38,0
237,42.73667176866985,545,6,0
237,45.58642817262675,1023,12,0
237,46.33091549781385,1095,88,0
237,50.73763453191314,1123,97,0
237,52.99611165526533,752,65,0
237,50.78494996191039,40,37,0
237,58.137187189565154,1037,18,0
237,59.821479610957084,76,45,0
237,57.03630462312823,63,58,0
237,59.03772830851958,395,53,0
237,69.2173414908592,675,16,0
237,70.31238041599478,1100,10,0
237,66.81372719692298,731,66,0
237,65.4062547531463,301,46,0
237,77.0255237995286,1353,41,0
237,73.96123670807614,1161,5,0
237,76.43890262070074,794,43,0
237,87.7817097371663,134,79,0
237,84.46265377676447,218,60,0
237,85.3809294099974,897,90,0
237,95.67066044584601,342,53,0
237,98.86154826306577,1401,44,0
237,81.5007070234063,4,6,0
237,103.76796105110586,399,54,0
237,91.38408590154829,909,24,0
237,107.0366854301422,823,47,0
237,92.16041145603387,1254,1,0
237,111.80887132099048,1354,19,0
237,101.49835511735411,1030,32,0
237,117.74643426841594,637,10,0
238,954.2294569941192,765,35,0
238,1000.8526515578068,137,4,1
238,1067.8737179392626,79,53,0
238,1109.7591579730615,143,22,0
238,1160.0159005802325,1264,49,0
238,1233.00564996478,1011,100,0
238,1279.6938524985253,742,77,0
238,1310.492802816627,933,50,0
238,1384.003146693933,81,64,0
238,1380.2093642166933,1372,39,0
238,1391.3614613513132,1078,67,0
238,1527.3077622853125,65,95,0
238,1503.0959356377243,716,73,0
238,1752.0837855869818,151,38,0
238,1750.0144923979497,467,55,0
238,1804.317414787859,416,28,0
238,1808.3573349440799,280,42,1
238,1907.0653192207722,1051,79,1
238,2034.9536588908973,731,41,0
238,1925.2763579791756,149,10,0
238,2010.6563753485202,220,73,0
238,1872.3264978460188,150,63,0
238,2338.295430491893,450,16,0
238,2304.661063329804,1191,16,0
238,2372.6666836842915,175,43,0
238,2289.2604059365854,13,35,0
238,2358.66385179937,959,75,0
238,2478.2175621216434,1371,70,0
238,2263.7576758142604,838,90,0
238,2731.9180203103665,1420,26,0
238,2725.4504788793943,1087,34,0
238,2622.9097504352135,886,47,1
238,2463.24860648735,242,48,0
238,2887.643314558048,804,3,0
239,987.2437429704105,52,33,0
239,1066.0751594599758,626,54,0
239,1149.4068204123234,845,28,0
239,1206.2421758044109,520,100,0
239,1241.2124128005053,318,13,0
239,1325.7113647417382,22,7,0
239,1423.9005530471022,1146,94,0
239,1590.752743366786,1245,1,0
239,1626.8789482191137,1226,78,0
239,1544.5794292243245,1074,26,0
239,1834.6289688711513,1050,70,0
239,1762.679395375886,609,47,0
239,2063.7265338017796,1137,75,0
239,1794.012706780534,733,20,1
239,2045.8468869992273,857,88,0
239,2224.8676804153324,607,6,0
239,2376.4634011097733,1015,42,0
239,2148.098204299316,815,45,0
239,2614.654642640389,55,36,0
239,2467.2713696492356,971,83,0
239,2231.769142837507,504,49,0
239,2823.076114483799,846,87,0
239,2678.71173995736,1018,70,0
239,2440.513034192769,1112,3,0
240,358.8327974311039,770,73,0
240,372.2086043763708,1210,98,0
240,387.1150334189247,1075,83,0
240,403.5766287763966,655,68,0
240,405.69097510699186,161,33,0
240,418.1828149533631,213,34,0
240,446.15535549843725,998,47,0
240,446.47122345212426,1425,25,0
240,450.59956501233637,479,26,0
240,464.4292838448648,1024,16,0
240,513.9064686362046,747,87,0
240,504.665384168116,192,76,0
240,509.1666874631085,110,17,0
240,541.4916512387282,560,75,0
240,526.3661569662863,1140,68,0
240,565.0396654322609,764,24,0
240,535.1408073259628,932,25,0
240,622.3368251292636,522,100,0
240,595.1410744901849,814,12,0
240,570.5096510833087,505,58,0
240,684.1081325235943,1430,92,0
240,681.7270788784228,242,5,0
240,662.3606499707076,1372,91,0
240,723.177708599379,1118,37,0
240,728.5050892079112,353,80,0
240,659.0656707838186,337,63,0
240,706.7662554106987,1311,52,0
240,690.4396253843356,266,56,0
240,788.5582691432794,421,82,0
240,803.5699046374139,566,85,0
240,849.0706480529647,1109,60,0
240,751.3910786194588,564,20,0
240,874.3492593034929,1293,90,0
240,841.6583501846125,464,37,0
240,826.379569545259,1293,24,0
240,891.7032854927597,320,52,1
240,875.3190512466385,15,80,0
240,923.4689964890115,1202,33,1
240,920.7894398932922,914,67,0
240,956.2080838992913,593,30,0
240,805.639971977886,307,74,0
240,876.208509753975,171,17,0
240,1043.7875497342013,598,94,0
240,1020.0879978977398,934,26,0
240,989.5208144745427,1202,18,0
240,1095.6820005683185,1024,78,0
240,1086.8448361404628,756,18,0
240,1037.501807528199,1092,48,0
240,1002.6609028212587,4,65,0
241,594.6418729281104,787,99,0
241,617.0889639930183,1435,39,0
241,648.3630998021604,285,9,0
241,681.6283383157231,566,97,0
241,677.2967173087294,1079,1,0
241,716.975217669957,526,74,0
241,736.8630677787962,673,94,0
241,782.0683555896229,784,42,0
241,792.8748839458625,861,30,0
241,840.9815904760311,538,40,0
241,817.9830365681254,1362,54,0
241,913.3083516243787,1037,77,0
241,851.0061462577457,700,26,0
241,942.3661168448787,370,18,0
241,993.2334404683921,422,45,0
241,937.1028160465773,64,38,0
241,919.9126177118944,208,97,0
241,1052.7203182612634,105,55,0
241,1055.882252296798,700,88,0
241,1037.0546089830643,428,91,0
241,1078.205852821362,159,3,0
241,1080.118340928312,1409,36,0
241,1074.654679097417,286,73,0
241,1064.2630166974716,484,13,0
241,1185.4336703507868,883,29,0
241,1276.1561986225684,1380,2,0
241,1245.0939834741187,14,39,0
241,1276.522271163997,170,47,0
241,1228.2109299962663,820,7,0
241,1371.9444647117261,1342,9,0
241,1288.011323526815,178,62,0
241,1266.2435893860177,724,28,0
241,1418.4911963410968,656,13,0
241,1544.9060377855455,453,78,0
241,1433.3226466745355,1153,41,0
241,1467.5838868936764,1260,3,0
241,1525.7665443868786,1287,53,0
241,1653.6927057506298,873,14,0
241,1544.015999049341,1304,98,0
241,1359.9759366105573,1436,75,0
241,1586.9822725231263,847,17,0
241,1612.0520652676896,247,74,0
241,1483.6161566129858,1073,66,0
242,789.396058089648,1011,4,0
242,802.427537856558,184,12,0
242,817.312926877392,374,37,0
242,827.03072391804,1177,80,0
242,841.3663254895822,919,46,0
242,866.508591830779,566,60,0
242,854.6022385207882,1322,65,0
242,895.6232749125827,1061,26,0
242,881.5249767769872,797,86,0
242,921.0699433069317,1265,57,0
242,925.1823854370946,634,77,1
242,956.822005082083,332,58,0
242,920.5545387123755,524,37,0
242,953.5486367612134,1180,59,0
242,1005.0599298384207,277,21,0
242,996.1595935411351,200,83,1
242,983.0762163162912,1325,19,0
242,983.1825167738792,418,44,0
242,1052.3483500577486,1407,42,1
242,1001.0865303839089,221,33,0
242,1098.736235795073,1428,7,0
242,1028.308133740822,1330,33,0
242,1050.1671314595478,1138,67,0
242,1150.2022595113963,493,54,0
242,1064.4778886048202,1133,36,0
242,1170.3378800925425,1061,17,0
242,1092.7705801232664,369,22,0
242,1196.378750013062,315,87,0
242,1118.646293137524,554,22,0
242,1116.9728285069966,1326,9,0
242,1174.1261073097937,1321,45,0
242,1119.4284128420927,1105,12,0
242,1247.7333955715837,1235,56,0
242,1214.3216628345313,173,31,0
242,1322.6255659084304,1225,99,0
242,1322.7158916370608,1297,40,0
242,1243.9423158208654,1048,44,0
242,1256.123094570943,811,5,0
242,1253.0616142449041,428,55,1
242,1402.7356386080642,532,62,0
242,1247.6359837336652,706,23,1
242,1238.2305942540845,731,86,0
242,1253.4204040601535,1247,76,0
242,1382.8413812420333,505,86,0
242,1339.1404419902447,415,56,0
242,1497.685227137902,65,12,0
243,866.6203330753715,646,62,0
243,909.5346945747996,334,45,0
243,945.9683155890373,1029,93,0
243,982.2319779323544,1146,43,0
243,1024.399893230561,779,3,1
243,1136.7866145913174,837,9,0
243,1176.3975122965062,34,72,0
243,1243.4454223382559,1186,88,0
243,1231.1234540603489,803,8,0
243,1287.698357867373,1201,76,0
243,1257.1623611176283,976,83,0
243,1443.0508933442045,530,63,0
243,1529.3122920261098,192,61,0
243,1430.970818843546,460,32,0
243,1400.645319785295,1089,30,0
243,1500.6580924976304,756,57,0
243,1498.7151540870864,1398,59,0
243,1708.7721341184815,406,24,0
243,1852.9564745392802,141,10,0
243,1854.654986830485,1423,66,0
243,1664.9305623558466,26,38,0
243,1680.8485656527664,1368,19,0
243,1715.0560572685422,485,44,0
243,1846.3920586833426,142,46,0
244,768.0963879165515,579,43,0
244,791.1342182557394,1232,4,0
244,810.2111164455163,1057,22,0
244,834.4083368097175,1432,68,0
244,859.9801943869222,532,72,0
244,871.6042286424605,1349,52,0
244,919.829293382612,500,5,0
244,980.8968274317693,703,93,0
244,983.9782763184214,802,97,0
244,1034.4799951811844,925,1,0
244,979.1790184988936,992,18,0
244,1032.632908790965,67,31,0
244,1108.0353956418255,1192,65,0
244,1085.182899327526,17,57,0
244,1143.3837636825235,548,16,0
244,1167.333107191649,880,60,0
244,1119.5593300938544,85,37,0
244,1140.3505646357046,576,83,0
244,1225.2962369696597,1129,78,0
244,1268.7214520570337,507,88,0
244,1354.0609952039817,223,39,1
244,1272.8300326463136,1394,91,0
244,1365.8284496327371,739,42,0
244,1330.1291394745308,158,73,1
244,1324.3654470706929,726,63,0
244,1526.664871419062,1419,82,0
244,1521.6012868490775,944,67,0
244,1417.0781206515396,1092,52,0
244,1540.7230981107289,25,91,0
244,1459.2516100949929,199,33,0
244,1638.2793537483092,1022,9,0
244,1465.6749499663063,38,61,0
244,1608.10895085568,926,32,0
244,1588.0742378265118,204,64,0
244,1527.1578524970375,465,93,0
244,1631.4834066957046,1091,36,0
244,1728.3646402792008,750,56,0
244,1732.778595748631,1165,36,0
244,1867.4153645540969,329,56,0
244,1795.7398040515197,1401,32,0
244,1768.3462951687184,1178,41,0
244,1618.0161998646704,1374,72,0
244,1786.9145872332533,1341,18,0
244,1937.8738699089763,246,28,0
244,2057.4448836595548,884,58,0
244,1984.6394741066456,806,54,0
244,2048.1134829716866,614,41,0
244,1776.8744278546756,8,75,0
244,1784.7973487256481,623,36,0
244,1849.396250043808,1399,2,0
245,588.7937071548313,252,14,0
245,638.0728539978866,863,3,0
245,673.699182357052,1105,23,0
245,722.2128713579524,1291,73,0
245,772.5063316876167,1052,76,0
245,810.8528701762893,820,29,0
245,930.4953922261279,118,70,0
245,956.5422663483973,377,78,0
245,1070.697119730831,881,43,1
245,1126.3756855237577,774,70,0
245,1033.5177602935844,1365,94,0
245,1190.9843768162204,978,86,0
245,1163.3338641579344,1112,64,0
245,1236.079902480852,347,24,0
245,1196.2989791285847,179,21,0
245,1284.3408493589864,685,69,0
245,1550.673373682182,583,92,0
246,389.5701214984877,507,69,0
246,406.63811599442084,540,54,0
246,435.29649935909435,806,29,0
246,438.58942195409566,347,15,0
246,479.32164438519084,383,25,0
246,471.1730126997143,1141,54,0
246,510.71776132784805,846,74,0
246,508.7870907600364,834,52,0
246,571.115215526609,1227,30,0
246,577.8543795038725,328,43,0
246,544.5340526646773,1251,70,0
246,596.6204681113193,420,79,0
246,606.0105897727747,1140,55,0
246,642.735962501026,879,60,0
246,692.5034882568809,790,100,0
246,701.517685006759,476,93,0
246,686.5892729248831,780,14,0
246,702.4428811219263,1387,42,0
246,719.0594207026719,1110,48,0
246,771.970152353068,838,24,0
246,773.3962761117335,1088,77,0
246,793.8903208177321,568,33,0
246,867.6095148972925,1143,56,0
246,875.9693043690793,1084,13,0
246,803.6561384342037,698,17,0
246,867.0972365078721,776,12,0
246,922.8188274333006,213,23,0
246,864.4877078127809,462,17,0
246,837.872298715533,1106,58,0
246,851.2547618615612,741,49,0
246,970.3122080139615,451,57,0
246,981.1227777058011,1343,91,0
246,1044.856362220712,705,51,0
246,1005.0718285006012,146,100,0
246,1014.9964121218286,907,31,0
246,1095.3314677799515,416,61,0
246,1027.4675546189296,499,13,0
246,971.897756567917,1196,42,0
247,400.9098676599549,1143,17,0
247,409.8038793016622,134,8,0
247,415.2452898327809,983,70,0
247,422.8619074980328,1286,74,1
247,429.90464387292064,594,11,0
247,437.8501684543998,970,83,0
247,449.1322819483187,608,59,0
247,449.0060485590594,1105,30,0
247,464.5585021879517,612,7,0
247,467.5833585613346,1049,2,0
247,475.4646480477029,417,72,0
247,472.00043394249997,1168,6,0
247,490.58550766986895,181,29,0
247,498.5274241419714,207,59,0
247,490.24083928867896,235,69,0
247,501.61913899893045,383,43,0
247,498.7641247073412,282,72,0
247,537.1241047680289,416,45,0
247,553.0865324709345,501,34,0
247,525.117553000488,1051,2,0
247,528.7298604456311,1129,53,0
247,587.3599511504046,256,58,0
247,569.804080678782,44,89,0
247,545.8064285827479,291,50,0
247,558.052781486376,1141,22,0
247,627.5303500786397,219,94,0
247,633.9852554249219,93,40,0
247,609.8207192438832,652,84,0
247,597.0157835964956,1200,45,0
247,593.4271205930469,181,69,0
247,622.4753963154931,325,72,0
247,668.3571301558318,428,55,0
247,688.9112396829337,1002,39,0
247,640.3439596044004,1351,33,0
247,645.4103904508345,1090,37,0
247,686.9271474074555,1076,56,0
247,676.6172635482701,1185,55,0
247,642.5453086558357,693,80,0
247,638.9144985962135,135,91,0
247,740.9684470952934,1240,98,0
247,711.535766894252,83,81,0
247,692.4004659105027,1280,97,0
247,741.773616871666,286,30,0
247,697.361927923549,296,28,0
247,691.0738110292248,1218,97,0
247,769.5871695502136,529,31,0
247,812.7548938388566,1007,87,0
247,699.0108071105619,267,98,0
248,972.7997970616478,216,31,0
248,985.4684291452052,429,89,0
248,999.1979575474069,1269,29,0
248,1012.9800049049592,1120,97,0
248,1021.4995291480361,89,11,0
248,1036.3863828944486,35,19,0
248,1037.179581611398,1430,21,0
248,1066.169808194238,1062,56,0
248,1087.402356839848,1189,43,0
248,1097.7012530376082,453,12,0
248,1087.827411251523,903,59,0
248,1098.3105055374456,28,85,0
248,1110.2365896798349,542,67,0
248,1154.5675963691792,1089,27,0
248,1112.8955671626998,756,36,1
248,1150.1462742119709,465,29,0
248,1133.7742974578566,330,38,0
248,1151.5108335798825,466,46,0
248,1212.5020135208363,435,49,0
248,1240.8241759652856,222,12,0
248,1225.1607618361618,955,17,0
248,1205.3503441355563,1390,20,0
248,1259.1043308669703,887,69,0
248,1251.078626868974,1360,27,0
248,1318.0492023150964,1133,24,0
248,1230.0926628428113,954,86,0
248,1346.879573531233,849,79,0
248,1237.4378757046825,819,50,0
248,1251.0257217413111,907,58,0
248,1364.199077066014,587,87,0
248,1315.6935429933237,758,85,0
248,1285.8577071487357,1265,75,0
248,1303.6659575067915,401,41,1
248,1323.141696025281,674,49,0
248,1335.2877399221557,105,14,0
248,1474.0905889928463,1033,46,0
248,1420.3739013981244,523,36,0
248,1371.3680298312215,1207,19,1
248,1356.343082314072,53,63,0
248,1445.7940746714228,456,19,0
248,1543.457146772073,357,62,0
248,1549.9294988393167,1341,23,0
248,1461.5952087684213,51,4,1
248,1465.9930291785863,349,67,0
248,1590.3829461636456,626,6,0
248,1427.0101685656107,629,8,0
248,1506.391015640581,745,4,0
249,971.122319210095,86,16,0
249,1045.4019542168082,1134,98,1
249,1106.1469017940697,777,30,0
249,1232.710697767414,1362,33,0
249,1300.3126379718967,1198,23,0
249,1383.1844182868692,94,92,0
249,1390.7362422528267,1129,60,0
249,1462.842637164471,1346,79,0
249,1704.2497513206183,869,4,0
249,1581.1442885902597,555,82,0
249,1727.5446104333337,538,87,0
249,1884.2982855174414,798,54,0
249,1808.4518462078045,519,4,0
249,1857.4999985398135,1358,57,0
249,2129.9314628488005,26,33,0
249,2261.7918843679286,424,73,0
249,2418.999764426125,1151,17,0
249,2448.7908132294533,383,92,0
249,2636.1513380021493,1213,94,0
250,241.76564425801578,496,14,0
250,254.4412331276812,24,60,0
250,270.97317430629835,267,68,0
250,281.06002765644723,67,55,0
250,301.9558835989006,1278,54,0
250,319.1764844275047,1254,97,0
250,309.6761245012899,976,32,0
250,323.79832805226647,473,65,0
250,357.74012616670615,367,33,0
250,345.84353342752297,658,44,0
250,362.2176735936772,856,2,0
250,407.3262129389056,609,34,0
250,398.4748630911391,1427,9,0
250,389.06929270481737,23,63,0
250,389.72524361636124,1002,47,1
250,423.417014115627,134,18,0
250,467.9292406732268,1265,7,0
250,440.57234601846835,445,67,0
250,511.7912751317956,1085,28,0
250,470.80850677226476,1238,89,0
250,522.4083335450487,1427,76,0
250,471.3136163850244,922,5,0
250,555.845027815447,1079,53,0
250,583.3242379739652,1339,41,0
250,617.7638457481179,878,75,0
250,593.3674657441409,903,73,0
251,113.44231383777768,752,42,0
251,120.58555072465542,785,52,0
251,123.40789701140508,671,11,0
251,130.09828201946232,726,52,0
251,139.8949190391051,119,4,0
251,149.34570738753092,1050,70,0
251,145.88532171522598,1223,47,0
251,164.54157881741423,432,80,0
251,155.48825552468404,927,88,0
251,163.10248188065154,167,100,0
251,177.1333439172221,583,17,0
252,161.36221482779732,398,26,0
252,164.88967262496763,808,40,0
252,169.32117240210644,77,96,0
252,173.1307069700397,252,59,0
252,179.21518645174422,17,43,0
252,179.86189138319224,1159,51,0
252,185.6958344710854,925,12,0
252,183.41619220659976,1011,7,0
252,196.79117153939146,1342,32,0
252,200.84539781057612,1420,64,0
252,198.67589626260178,648,87,0
252,201.78694499083724,713,79,0
252,207.291359603465,70,63,0
252,214.29846066542893,147,6,0
252,209.71278891990318,624,97,0
252,226.0222395010427,927,92,0
252,226.281169451302,1024,69,0
252,236.01259008265757,223,15,0
252,226.92428934560718,570,26,0
252,238.76913915957797,903,24,0
252,246.90677928780303,704,39,0
252,253.91282171591365,1055,63,0
252,240.46428615199864,51,64,0
252,249.93383235263403,247,28,0
252,237.51369538614128,790,31,0
252,252.4071295697064,125,10,0
252,247.44916796813123,466,35,0
252,269.1103386246411,1035,77,0
252,259.77459576946893,995,19,0
252,256.00534707626673,681,38,0
252,294.73665996332284,602,14,0
252,293.40575957349387,481,74,0
252,288.28206485639805,134,64,0
252,312.1962407095115,122,92,0
252,310.57551264195865,494,59,0
252,312.0769823366811,629,4,0
252,278.77354890545365,15,70,0
252,288.66393928871355,776,6,0
252,284.67194322385603,417,98,0
252,293.90639414519825,1243,27,0
253,432.6224971753448,847,53,0
253,442.68324105204755,534,86,0
253,453.59785303843375,261,70,0
253,476.0554617571747,876,55,0
253,476.4625218195181,1290,38,0
253,483.3969978838765,826,21,0
253,500.97227369997086,857,86,0
253,519.0406336701371,932,28,0
253,551.4990352233182,1422,19,0
253,527.3691683581116,918,28,0
253,572.8115244987566,306,8,0
253,548.9028992997892,655,79,0
253,599.6409526405431,995,21,0
253,622.9894327050781,974,47,0
253,572.5031834795941,809,88,0
253,603.1688529025892,711,10,0
253,664.6544713420852,1368,95,1
253,677.176468932992,1343,18,0
253,634.0545211412964,562,25,0
253,634.7087516105519,576,72,0
253,684.6727924374059,1293,39,0
253,663.7484459411413,481,82,0
253,665.7934061155051,774,81,0
253,769.2300637630988,936,40,0
253,725.5227227759251,508,70,0
253,706.8097337976051,750,69,0
253,729.2355149121263,864,21,0
253,816.9043291349194,264,51,0
253,767.9032483506613,1431,10,0
253,785.6622188798248,608,29,0
253,779.674300972383,421,33,0
253,847.6220918304277,27,31,0
253,892.6820701187389,113,37,0
253,849.6979700365858,1168,13,0
253,913.2105781687754,34,22,0
253,852.030067154254,1243,15,0
253,969.641645949288,150,3,0
253,927.0715934940538,472,90,0
253,861.7768717949488,1223,18,0
253,1009.8226371048511,1267,2,0
253,866.1976031978843,363,98,0
253,956.1334502110394,622,24,0
253,877.3299467034342,77,45,0
253,971.9040615635747,1026,98,0
253,876.33156595348,334,4,0
253,1078.6405304758746,1178,81,0
253,1058.9864214275613,596,17,1
253,1004.0225296421813,890,85,0
253,943.9038637437918,1155,77,0
253,972.3963680791894,643,58,0
254,734.4084030640356,387,69,0
254,789.3504882683867,1271,75,0
254,855.5053877865355,376,65,0
254,909.0323074949745,1168,38,0
254,989.7308852500366,121,58,0
254,1023.8879772924121,1156,80,0
254,1055.3522314233048,576,37,0
254,1113.232948654673,210,20,0
254,1188.543281569409,1200,86,0
254,1294.0404671256742,350,34,0
254,1335.1390094814446,948,2,0
254,1423.8345618553576,1121,15,0
254,1313.7578498283149,1289,77,0
255,285.889127470473,642,93,0
255,311.0035910646922,356,60,0
255,331.06217144798217,1020,67,0
255,370.6890817054815,652,64,0
255,378.2846290699902,522,67,0
255,386.850577199147,1028,68,0
255,405.8183715025533,949,47,0
255,431.61824716366937,236,27,0
256,496.3268876575817,812,61,0
256,584.6870950193781,618,64,0
256,667.2449304429877,1205,74,0
256,735.0898766981634,432,57,0
256,842.29272521304,345,39,0
256,876.9691658201561,612,98,0
256,989.3602182874919,1413,34,0
256,1084.698904098082,667,27,0
257,963.0021031584297,1140,93,0
257,999.5254594924774,632,91,0
257,1050.2424731444708,322,73,0
257,1080.3998850959695,1380,71,0
257,1110.6999057323185,673,23,0
257,1179.845951972317,544,11,1
257,1181.4673497329188,784,38,0
257,1205.8380903927552,280,93,0
257,1246.6053685844824,950,63,0
257,1270.3545030948735,924,69,0
257,1398.4162468859033,748,94,0
257,1398.7187112457805,661,46,0
257,1478.496197936041,1149,64,0
257,1523.8954722674478,583,11,0
257,1407.762299287815,201,4,0
257,1583.6819606873153,919,24,0
257,1621.1419321812996,581,81,0
257,1734.3058428100649,670,51,0
257,1562.5483881186105,803,56,0
257,1685.3611212268847,490,55,0
257,1639.8403082368814,1374,100,1
257,1721.4873765788218,114,44,0
257,1987.852171763387,177,4,0
257,1919.503269428043,484,72,0
257,1938.3412269616879,1394,18,0
257,1873.3574285827983,512,45,0
257,2171.1051062735114,256,12,0
257,1953.4328341011271,1354,34,0
257,2086.3624459353573,228,39,0
257,2300.438154198486,201,32,0
257,2125.8583824557663,995,95,0
257,1943.1122494696247,925,43,0
257,2261.8210287436277,1165,16,0
257,2421.452484218516,1116,82,0
257,2314.978594864774,250,65,0
257,2305.7605393208987,380,13,0
257,2101.278362445667,803,41,0
257,2658.655542743185,959,47,0
257,2674.3416633636443,27,77,0
257,2661.019840888832,449,65,0
257,2255.7543780823808,232,15,0
257,2620.698028140867,89,88,0
257,2563.475618212,1032,20,0
257,2736.589788976843,1230,47,0
257,2576.712193712715,382,7,0
257,2469.250060460218,937,22,0
258,803.2586003623801,133,3,0
258,830.0014589570335,665,15,0
258,846.5242134456817,770,42,0
258,891.3440592679788,89,90,0
258,908.7676922745424,1390,26,0
258,920.3296041689589,721,14,1
258,988.0919452880581,1341,94,0
258,986.6940442514415,602,64,0
258,1045.6329760545068,940,34,1
258,1077.4706809989889,61,7,0
258,1117.4579673278351,491,23,0
258,1079.3805273612084,374,96,0
258,1182.0222422219708,1281,35,0
258,1152.289703629726,285,93,0
258,1145.236786168068,718,35,0
258,1156.5655337360015,1070,25,0
258,1180.5384333781462,183,8,0
258,1184.973964530115,407,18,0
258,1279.5058233693887,978,54,0
258,1241.9965628180694,536,72,0
258,1243.9992594747405,793,37,0
258,1430.9407177299859,408,7,0
258,1414.9131043056684,963,40,0
258,1369.4299070539141,1196,67,0
258,1565.4249185418266,1093,84,0
258,1342.2485363030773,110,80,0
258,1458.3317381456077,54,37,0
258,1497.2744248298159,1107,86,0
258,1676.2359831318508,1046,31,0
258,1676.9732098187374,316,44,0
258,1639.7421170129433,835,46,0
258,1548.6126835606624,1140,78,0
258,1599.978583933541,108,82,0
258,1671.0204667167793,460,39,1
258,1664.6688106918668,296,30,0
258,1656.85084610242,1259,56,0
258,1575.5301485370355,239,27,0
258,1705.569282638038,419,32,0
258,1862.2444448389663,436,27,0
258,1646.0405125040775,894,78,0
258,1877.028933702335,137,90,0
259,159.5238349937163,23,52,0
259,183.9476795892713,1051,29,0
259,216.75405164850397,347,86,0
259,231.97564389698553,472,100,0
259,275.06405522932613,378,74,0
259,304.09029922874333,383,22,0
259,285.3767405419815,1062,25,0
259,317.5452530090424,552,80,0
259,376.06947235303994,1160,12,0
259,387.77045007896277,77,98,0
259,445.81887774091103,781,51,0
260,554.098674717517,194,52,0
260,573.6682453885586,1411,35,0
260,594.2316614994467,704,93,0
260,614.248907786067,164,18,0
260,631.6619371340056,364,60,0
260,670.4326397251602,1386,9,0
260,676.0020026221265,1112,43,0
260,695.715041646056,184,52,0
260,749.3994328955138,568,72,0
260,731.9854006044525,1049,39,0
260,805.9981706613771,131,24,0
260,760.793672861332,628,22,0
260,881.1133933293089,269,83,1
260,806.2500333351834,29,6,0
260,828.5562879449208,222,60,0
260,832.1825414833871,1305,16,1
260,949.9608834441646,834,35,0
260,901.8142892103077,1436,23,0
260,1021.6806759736646,820,69,0
260,964.8210807515452,1296,25,0
260,1059.0425675313377,1216,44,0
260,1076.5343741921079,1402,48,0
260,1133.038084536815,1175,8,0
260,993.1572283278995,312,1,0
260,1197.5737572879316,646,98,0
260,1144.3252115665714,1207,18,0
260,1057.5107867189436,86,62,0
260,1158.8925635422768,565,10,0
260,1256.3694887886684,1429,90,0
260,1164.3778373787711,1428,60,0
261,713.1327929703417,1274,34,0
261,822.4111702858894,388,4,0
261,894.8370260291788,391,32,0
261,973.0126496658661,662,95,0
261,1062.7009041693893,444,88,0
261,1237.0651763189728,53,49,0
261,1255.1774605975704,553,76,0
261,1367.7089981771308,259,98,0
261,1369.3380414583876,386,55,0
261,1693.470692244221,980,63,0
261,1698.3065432200083,509,54,0
261,1796.160579963871,529,71,0
261,1981.3353986542866,587,23,1
261,1851.6758888492054,970,81,0
262,989.3363166002715,832,83,0
262,1120.3107481198826,422,91,0
262,1233.022780560321,741,23,0
262,1436.8963268867774,207,29,1
262,1553.8823686469602,1258,7,0
262,1718.660601177679,435,14,0
262,1780.870725571903,1253,96,0
262,1956.8561391596797,1266,42,0
262,2074.441106473141,679,62,0
262,2287.7059940724507,329,28,0
263,876.0562550694998,1120,34,1
263,892.0148813319937,324,6,0
263,912.2239482497827,1215,61,0
263,932.0455722189863,864,7,0
263,953.4505025973878,1141,94,0
263,959.0443378572511,658,22,0
263,995.2292381032918,1099,63,0
263,993.3307571104933,1272,51,0
263,1021.3769035572293,135,34,0
263,1056.0700494493994,89,96,0
263,1086.596625277244,87,31,0
263,1069.0287132583235,294,67,0
263,1069.9527471699225,650,22,0
263,1136.7323621464452,437,93,0
263,1123.9884216757648,1188,24,0
263,1185.3314105020086,1004,15,0
263,1178.3807941748698,1409,1,0
263,1203.9822759625008,1350,82,0
263,1258.3419175199565,798,59,0
263,1242.8535234916453,837,72,0
263,1204.2936506283443,1269,90,0
263,1195.677674382112,1203,32,0
263,1278.4287541572237,605,43,0
263,1287.6404800471885,1241,70,0
263,1258.5805087889137,132,76,0
263,1266.9341903630125,578,50,0
263,1408.147985187703,540,89,0
263,1369.6578571648085,447,26,0
263,1385.5414611311085,873,84,0
263,1346.1289619397157,896,89,0
263,1392.2732252391042,673,28,0
263,1508.0992694019628,157,6,0
263,1509.5963669677894,1152,8,0
263,1391.6208578834649,515,90,0
263,1579.5144349625118,233,42,0
263,1619.1659693253864,439,39,0
263,1513.3206809760713,1176,72,0
263,1530.9109019714447,85,100,0
264,100.35800268532498,330,67,0
264,104.80597090844192,1167,15,0
264,107.29193412660211,825,35,0
264,111.75872731974229,43,82,0
264,115.25264933188842,861,54,0
264,123.15850173508441,1155,42,0
264,123.93311239627884,1322,67,0
264,126.05727297815119,1383,52,0
264,135.40654908864508,442,3,0
264,141.01794543924032,1152,74,0
264,142.49483178406038,604,41,0
264,152.27569190868888,1167,56,0
264,153.79680219009336,224,66,0
264,154.26815877748135,176,35,0
264,166.3087645901349,962,51,0
264,152.52244701867374,1396,97,0
264,158.00240481992225,1237,52,0
264,171.611752754958,593,68,0
264,166.8383892354288,636,17,1
264,184.96725112604253,425,23,0
265,308.0031815657374,183,72,0
265,314.8550059733978,1035,12,0
265,318.05391131016205,364,42,0
265,324.1950811817085,724,21,0
265,334.02492333466427,156,50,0
265,331.84623595567297,1292,96,0
265,344.3715531887517,1190,51,0
265,356.4199808093259,1286,43,0
265,355.69310431291643,404,20,0
265,355.51411027509903,765,47,0
265,356.76569722282005,1088,66,0
265,361.1546715340992,963,76,0
265,378.9443958997982,509,98,0
265,380.4402679205354,1081,55,0
265,407.1822094624234,786,50,0
265,409.557249906961,218,36,0
265,395.20124690496715,623,54,1
265,401.1390907224124,1135,92,0
265,427.72310341009586,443,57,0
265,435.52958338994597,1025,14,0
265,421.72784101030163,964,87,0
265,451.5382086292502,358,89,0
265,444.55446876186727,964,55,0
265,456.20590583947984,373,38,0
265,434.94117029605513,1251,36,0
265,463.946873664363,909,73,0
265,471.8046947346256,409,55,0
265,442.69994157570045,32,17,0
265,472.84225419748475,115,93,1
266,104.16216029436708,1279,28,0
266,111.21619859798943,1277,93,0
266,121.28997791651965,553,54,0
266,130.36907705204302,72,21,0
266,134.72735967284612,1422,61,0
266,149.12109014435242,249,31,0
266,147.63286172493997,613,80,0
266,170.14413643387965,439,28,0
266,162.93748167704615,1360,38,1
266,168.47695689363212,87,82,0
266,175.5092759166434,1383,78,0
266,182.1600705442679,54,23,0
266,211.77490658969106,859,57,0
267,357.98889032123145,1010,81,0
267,402.8064511613785,516,72,0
267,452.40312725224567,1088,50,0
267,473.69374873321703,616,4,0
267,502.364478357738,119,77,0
267,548.8059785830562,1166,19,0
267,625.5924208999888,1291,24,0
267,688.6650523534072,193,99,0
267,740.9903820334954,721,98,0
267,824.5673734222322,1335,43,0
268,891.6772876099151,781,80,0
268,1054.4875106449392,1414,74,0
268,1290.4057276901844,153,25,0
268,1497.1292772084043,359,67,0
268,1716.7581777769692,1439,66,0
268,1747.2518245741087,543,2,0
268,2160.914296922775,153,41,0
269,428.3873269120408,969,73,0
269,439.3353480242923,1171,16,0
269,459.831630181192,786,9,0
269,460.1898444093782,517,50,0
269,490.6333807428366,734,8,0
269,481.8393519512223,743,20,0
269,494.5905955205128,35,6,0
269,536.4522447607349,706,95,0
269,550.9961615302616,486,73,0
269,543.1389529926277,878,77,0
269,569.7072530553266,1182,76,1
269,597.1523447423651,492,82,0
269,587.8819399625829,646,5,0
269,599.5933659590405,1186,67,0
269,630.6159066347955,104,33,0
269,653.1925661547167,548,98,0
269,658.3067467016757,1350,35,0
269,682.5106502557759,1347,96,0
269,633.3919364998518,1392,41,0
269,702.3780153806129,917,4,0
269,698.6998994152556,1422,44,0
269,661.2844389257621,1106,79,0
269,663.346663504951,1374,4,0
269,773.0014690007399,1124,77,0
269,721.0415560001131,1391,16,0
269,705.0786402191111,1410,88,0
269,747.1523902103022,430,64,0
269,750.4174231146582,1244,38,0
270,849.8295320061181,778,92,0
270,893.2452127962317,935,53,0
270,932.3670991523696,287,100,0
270,1006.5314864819765,1285,87,0
270,1046.751972726781,720,36,0
270,1031.3700793520936,71,3,0
270,1087.223272163401,889,3,0
270,1208.168599202284,259,64,0
270,1169.755812995597,586,48,0
270,1334.2652511807614,703,99,0
270,1254.4876914869703,1311,55,0
270,1378.9931687218327,326,63,0
270,1353.376269687224,1003,28,0
270,1451.5356515159606,1296,79,0
270,1539.0868825412185,1422,2,0
270,1637.5227491028777,1251,20,0
270,1600.3268820852809,1413,75,0
270,1487.3688467221907,72,33,0
270,1565.04801857347,623,38,0
270,1789.2339980447755,876,31,0
270,1681.106745693458,1093,39,0
270,1754.8760762079119,395,80,0
270,1664.4298065854587,682,76,0
270,1824.4474891451487,1014,77,0
270,2123.7285078117084,773,53,0
270,1879.862794443035,94,95,0
270,1916.6480081113164,182,22,0
270,2051.320889040392,468,59,0
270,2125.7870312524105,1076,53,0
270,2042.5618646913115,1056,53,0
270,2345.6503821187407,59,87,0
270,2032.5605584299753,853,59,0
270,2099.1794309119623,622,39,0
270,2253.1924191801654,433,93,0
270,2232.185409638999,573,40,0
270,2648.7165989584264,221,52,0
270,2276.045116246535,616,3,0
271,575.0959348948562,1241,38,0
271,623.1667296356559,467,29,0
271,682.8977780192145,272,69,0
271,737.4697244328918,1056,80,0
271,770.1035536933571,1118,21,1
271,827.0602931511102,1337,83,0
271,875.1984701977038,331,13,0
271,964.5884561001106,1295,81,0
271,1075.3104703824577,287,23,0
271,978.8150321461,538,61,0
271,1136.2454366460229,549,46,0
271,1219.2349850402745,1376,65,0
272,303.5012876807482,807,66,0
272,321.432604698016,340,91,0
272,333.739152684415,1029,1,0
272,355.5121218186777,400,46,0
272,380.33727836107835,980,22,0
272,382.9217228108539,738,36,0
272,398.51294696396974,176,72,0
272,417.2826293156088,423,38,0
272,429.9824536465012,264,2,0
272,441.90811663021145,442,83,0
272,500.981954056546,1223,44,0
272,520.414366204563,294,69,1
272,486.02524186257244,1178,81,0
272,530.5740445189631,472,85,0
272,581.3502485100545,1258,70,0
272,518.8627942522899,930,16,0
272,525.6364671362878,998,53,1
272,582.641465535976,604,94,0
272,648.3585541748893,161,71,0
272,632.2553614595407,1252,42,0
273,921.5035061182701,262,19,0
273,951.8277151986899,1121,62,0
273,990.6522619377962,654,52,0
273,1019.5013095954534,27,1,0
273,1053.6041935079663,727,2,0
273,1095.0067570584151,945,47,0
273,1082.1728570286477,1009,58,0
273,1179.9603815630962,1106,47,0
273,1189.2652343487878,1057,53,0
273,1176.938610412114,911,98,0
273,1243.1830128287368,668,23,0
273,1247.5043491632769,296,94,0
273,1287.5774676511294,663,81,0
273,1298.1699412722219,536,38,0
273,1319.7281603878068,61,30,0
273,1454.7563228704862,757,68,0
273,1457.9278200131898,1043,77,0
273,1444.3204903952767,1011,20,0
273,1455.1619461539683,64,37,0
273,1525.0101282754936,764,10,0
273,1468.0083038673317,1432,82,0
273,1693.12410965458,522,26,0
273,1608.072664434094,648,21,0
273,1680.789239552214,1310,51,0
273,1563.47361234685,1289,89,0
273,1607.3644662733104,1074,94,0
273,1611.9646820281314,1435,1,0
273,1846.67962534104,1085,21,0
273,1948.8943620604273,970,57,0
273,1674.1177425218693,748,52,0
273,1677.182793202021,232,65,0
273,1783.3993127283081,1430,73,0
273,1842.572603612616,1292,1,0
273,2140.4589447634075,1238,79,0
273,1833.12573441839,1323,86,0
273,2123.2249334501207,437,40,0
273,1889.9617831332448,727,33,0
273,1983.1590533914396,1030,39,0
273,2134.3331504220323,145,41,0
273,2234.2106785972196,101,36,0
273,2100.033808677352,940,81,0
273,2035.2897682911866,203,25,0
273,2096.066737257059,1096,20,0
274,813.4833559614086,828,58,0
274,840.469435779282,113,62,0
274,864.9360956676211,898,34,0
274,904.9699876851658,1347,6,0
274,917.7095153660432,1419,13,0
274,936.5398330902477,61,95,0
274,964.1900899427579,845,19,0
274,981.5716705997718,824,18,0
274,1056.2140451271725,488,58,0
274,1073.2920732860537,462,51,0
274,1092.5142751248377,960,93,0
274,1088.1603867773715,349,63,0
274,1172.8906823857994,1435,89,0
274,1209.2831568314223,311,28,0
274,1178.7115480279995,782,26,0
274,1207.2282215280588,555,90,0
274,1256.2083154381141,947,89,0
274,1223.134916742652,1377,81,0
274,1375.5923099586971,1230,21,0
274,1316.0539127044328,644,11,1
274,1313.4167445662645,1282,69,0
274,1483.294068078368,38,28,0
274,1513.7221845642161,336,15,0
274,1424.2359309715303,172,99,0
274,1419.4978626023226,1049,3,0
274,1511.4466592969495,1420,70,0
274,1606.6554421834323,477,17,0
274,1650.511482440545,16,14,0
274,1632.1002704353884,463,13,0
274,1517.8177160570344,897,80,0
274,1625.743186915251,1311,28,0
274,1815.2486332413869,552,25,0
274,1548.9389823791744,310,71,0
274,1759.9292839592435,1118,57,0
274,1648.4284604555135,362,92,0
275,223.86189875781452,469,21,1
275,258.509338384632,726,6,0
275,288.5134338752927,64,64,0
275,310.63882836911927,581,48,0
275,338.21429364818573,236,70,0
275,389.19215289600675,477,53,0
275,394.75447728686345,377,42,0
275,421.8963780229835,827,75,0
275,502.14854539475,5,54,0
275,530.6439176997412,704,9,0
275,572.4640624800675,181,73,0
275,508.3442200997205,1225,100,0
275,614.7850213094518,129,6,0
275,561.1071088094352,204,90,0
276,985.7377174582667,570,21,0
276,1013.9523954259182,374,29,0
276,1027.8375469279358,819,55,0
276,1066.0902543131863,1199,94,0
276,1087.157275062926,1088,4,0
276,1092.1710488351177,206,17,0
276,1122.9735158146318,637,59,0
276,1181.3880488566972,287,41,0
276,1155.8518602113058,519,37,0
276,1175.3087982395907,1133,41,0
276,1186.895824869668,791,75,0
276,1232.4832777647039,1257,12,0
276,1219.4163716415105,382,74,0
276,1296.4597436528902,44,43,0
276,1304.128316804425,29,64,0
276,1369.2743949334485,1331,95,0
276,1331.682225635645,697,91,1
276,1357.202319993871,202,86,0
276,1421.311285793768,101,100,0
276,1366.306749009731,522,75,0
276,1499.490823237711,681,97,0
276,1520.255220781577,145,86,0
276,1475.9299927681168,680,41,0
276,1542.975094479768,310,44,0
276,1577.5100491707958,1322,40,0
276,1663.1688577865998,792,40,0
276,1521.3082658185772,550,85,0
276,1574.8886586070314,1268,34,0
276,1588.6004555869667,1193,14,0
276,1539.0194741978814,1125,27,0
276,1562.720613179043,123,85,0
276,1800.3600452281025,1137,9,0
276,1744.0709768941745,220,11,0
276,1871.5933246491104,1286,59,0
276,1906.8859036872914,187,10,0
276,1882.392353998819,1227,24,0
276,1748.4576997939585,804,62,0
276,1940.5154246225607,819,83,0
276,1743.990706726326,408,46,0
276,1740.9764741996973,330,45,0
276,1765.071355757347,1283,42,0
276,2007.478731060749,870,84,0
276,1936.9415169594636,865,62,0
276,2042.1251700368402,188,59,0
276,2212.8679579023305,32,100,0
276,2192.861272220722,55,73,0
276,2121.997883029445,777,85,0
276,2035.8148644186786,1313,67,0
277,697.0408672098523,536,42,0
277,737.0985899192045,1118,37,0
277,761.4338052504717,17,60,0
277,788.2207334628995,451,84,0
277,829.738137119735,32,94,0
277,842.1352081171608,822,24,0
277,893.9197337837938,51,84,0
277,889.9789203199794,188,11,0
277,954.9752475561116,1147,34,0
277,1006.7833863890799,1372,94,0
277,1030.9061188162405,934,23,0
277,1055.6241472073168,1389,36,0
277,1086.4277514626008,1191,61,0
277,1087.2832657676454,174,52,0
277,1232.8801420662764,174,46,0
277,1109.5263268178733,593,77,0
277,1219.1402711412702,1034,56,0
277,1340.2046952497512,373,70,0
277,1255.9523934279905,1184,39,0
277,1226.119634061099,466,43,0
277,1390.768032900302,1125,48,0
277,1465.5852745951718,1422,8,1
277,1500.972744877174,971,84,0
277,1360.4493122951062,422,74,0
277,1454.5265713180033,27,19,0
277,1701.6527218704841,1000,40,0
277,1428.1516252466704,540,31,0
277,1682.589825513509,388,63,0
277,1504.319907234184,571,4,0
277,1747.74897486467,625,55,0
277,1803.210091122311,502,56,0
277,1829.7714937557985,573,81,0
278,833.1070422235381,337,40,0
278,881.5183731263816,1190,68,0
278,920.2125165995526,110,75,1
278,986.1086028021992,1413,47,0
278,993.8671340266285,1101,100,0
278,1050.5412335964702,1389,19,0
278,1137.0046491679038,19,76,0
278,1180.3677535218474,1403,83,0
278,1286.4675419748173,1296,100,0
278,1303.608863966364,325,51,0
279,830.7754952153902,1151,49,0
279,848.3425450361648,64,75,0
279,866.5091736756591,454,96,0
279,891.4239422348039,1417,95,0
279,917.1609726799196,1109,8,0
279,936.9590498930866,868,52,0
279,919.5026599226978,85,88,0
279,949.0988433663358,1372,35,0
279,979.5465118718347,562,40,0
279,981.6691107621385,1332,73,0
279,1018.159993976999,1349,11,0
279,1031.0445279215537,228,65,0
279,1088.7720085303736,14,10,0
279,1070.5471387747982,1193,46,0
279,1037.8396739523491,1244,25,0
279,1084.4184623176732,394,60,0
279,1125.8544125865033,788,71,0
279,1197.4068383079707,694,88,0
279,1222.239673473192,140,45,0
279,1158.7502354388998,188,66,0
279,1198.2313772042417,104,33,0
279,1149.9926450564612,446,79,0
279,1216.937351405712,403,6,0
279,1281.5785258869823,308,8,0
279,1254.381777321213,1221,38,0
279,1232.2849845534763,1048,27,0
279,1293.8003290988977,1008,98,0
279,1390.2706217035307,1351,3,0
279,1317.775721677034,743,30,0
279,1429.9737706710387,75,98,0
279,1316.0723151253765,1241,25,0
279,1396.0177719411686,481,83,0
279,1422.9427952936312,380,72,0
279,1520.5399849444034,229,31,0
279,1386.5317148094518,962,77,0
279,1513.584958484562,412,61,0
279,1594.2984723975069,825,98,0
279,1372.7911071207059,325,97,0
279,1458.732766558824,1274,75,0
279,1668.9113748367101,278,17,0
280,757.8650197908185,1053,75,0
280,907.7990795378971,1035,21,0
280,1022.348669641493,1276,50,0
280,1187.4159807321705,790,97,0
280,1239.1131384193793,1367,5,0
280,1314.6204402585065,1163,69,0
280,1397.9578744505582,1214,79,0
281,215.21865008075773,986,20,0
281,227.81643282036148,25,75,0
281,241.96845253451647,257,99,0
281,246.73234633203572,245,5,0
281,268.51555922429515,508,73,0
281,275.7884867479068,428,11,0
281,272.08981067942455,1059,48,0
281,291.24232360833537,1137,90,0
281,291.82963007955436,1104,7,0
281,316.41926537613745,568,31,0
281,352.8221355271477,968,45,0
281,323.2529640737029,1089,82,0
281,370.15680346745137,577,39,0
281,359.6928854244097,260,94,0
281,355.0215056351493,113,38,0
281,376.4053956395363,205,72,0
281,389.75058916199305,986,73,0
281,388.3199266302078,1027,97,0
281,462.40057962664895,180,86,0
281,460.7927846609381,1065,19,0
281,452.8670477386611,315,38,0
281,417.856205393604,1269,90,0
281,490.7635025013342,853,47,0
281,534.0068659288897,510,75,0
282,590.5979188265362,619,54,0
282,628.1810372194237,342,84,0
282,642.4043607517218,694,15,0
282,697.3698088369024,1036,28,0
282,718.0459408534418,488,42,0
282,720.8134921067239,910,97,0
282,760.5230939934202,647,95,0
282,805.4553282565225,610,73,0
282,814.4308144207333,337,88,0
282,818.9443950759301,123,3,0
283,860.0415636862309,1385,99,0
283,876.4856855526301,32,80,0
283,895.412487075552,1405,50,0
283,904.6688785584911,1027,37,0
283,914.4391422852971,412,59,0
283,949.9131984295985,783,28,0
283,959.2378636604951,36,60,0
283,965.4988869150961,377,25,0
283,990.9202809289238,609,68,0
283,1011.1355367848938,770,37,0
283,1047.7855574628281,647,68,0
283,1065.5087007597767,1269,12,0
283,1055.6222151017316,546,95,0
283,1094.6130267745841,160,18,0
283,1070.3782122856194,121,21,0
283,1089.8297536529515,746,21,0
283,1111.3059574839392,175,25,0
283,1106.1883032147427,1020,9,0
283,1161.0425220616426,557,84,0
283,1196.8221117298217,1083,98,0
283,1124.284505815806,140,34,0
283,1213.5944114868719,94,6,0
283,1257.7773190296307,1380,30,0
283,1261.3903144129315,795,29,0
283,1321.439918238376,394,98,0
283,1331.5494636306732,943,46,0
283,1262.0612022351133,983,16,0
283,1241.9744462964345,536,75,0
283,1344.6437737150222,1103,97,0
283,1346.4010777765102,1413,40,0
283,1265.1379930825694,598,13,0
283,1414.0644294651195,828,55,0
283,1348.0408951337386,852,63,0
284,808.8503139296047,542,73,0
284,823.0363969374644,765,95,0
284,839.7773112186976,805,74,0
284,854.8783663628934,9,27,0
284,872.3939369141483,13,46,0
284,885.7857418853432,293,36,0
284,908.2273918456249,249,27,0
284,887.9549429547328,1020,64,0
284,911.6226868199626,1176,73,0
284,941.4835364329133,74,36,0
284,939.8661890862514,1435,89,0
284,962.1108783707484,1275,32,0
284,985.9949762624575,1277,98,0
284,971.1334250936502,1430,64,0
284,1024.01508656949,923,7,0
284,1006.7097365418299,1052,74,0
284,1013.6862583487716,662,84,0
284,1046.4222723340406,1112,86,0
284,1081.9342482407465,1010,47,0
284,1022.213685262378,871,84,1
284,1090.7445279754888,294,9,0
284,1124.6160086996213,1040,81,0
284,1090.4999097660707,480,77,0
284,1189.62478062785,496,57,0
284,1079.9166585894072,1138,18,1
284,1106.603755607186,601,71,0
284,1209.821335051552,528,2,0
284,1119.7105461017175,7,11,0
284,1135.7693478613687,768,3,0
284,1148.4528471037077,1331,42,1
284,1297.8744692155615,457,44,0
284,1326.3360075302708,897,36,0
284,1230.4504433814993,1250,40,0
284,1201.7538584214421,1317,21,0
284,1305.9095132512873,280,90,0
284,1259.2241152579018,1163,25,0
284,1338.9627107107522,290,49,0
284,1378.0590465392893,935,45,0
284,1328.5212564511291,580,1,0
284,1428.1440184928779,1029,8,0
284,1392.8671642938152,294,47,0
284,1493.2211497545532,1107,76,0
285,763.6977303689882,775,47,0
285,775.8185892254356,1095,72,0
285,793.4927949747669,547,70,0
285,801.3714706410988,1388,30,0
285,807.6743859930855,539,23,0
285,833.5416841845755,1125,74,0
285,827.8021237417255,1377,27,0
285,853.2962101426845,3,37,0
285,880.5576149254928,725,34,0
285,891.6160256408061,1121,23,0
285,912.8831662638248,390,64,0
285,891.7731099085474,1256,96,0
285,916.2509761402098,971,37,0
285,920.2939258681993,63,52,0
285,911.7516987476115,607,25,0
285,928.9180086278554,127,64,0
285,966.2794320139074,871,68,0
285,944.6082929922833,887,84,1
285,967.4586193688672,574,38,0
285,1042.316849633292,28,12,0
285,1042.6005680374128,56,45,0
285,981.0360999249204,111,76,0
285,1085.908507277422,648,81,0
285,1053.6006295083012,627,96,0
285,1107.7258486127002,134,85,0
285,1123.8820495526184,1058,13,0
285,1063.312462166651,1373,76,0
285,1159.015757791854,989,45,0
285,1178.2461496068458,895,7,0
285,1185.1926523970558,689,4,0
285,1172.2818875325713,1429,85,0
285,1225.026075843361,708,38,0
285,1243.1437523514005,1185,36,0
285,1124.451114729836,870,65,0
285,1227.9280422395204,1097,76,0
285,1128.1197327017337,541,65,0
285,1148.946776739507,559,34,0
285,1298.6297735849585,953,85,0
286,664.5117056056629,333,22,0
286,690.3713771483526,1114,75,0
286,710.2812723972157,831,93,0
286,719.8406472671523,183,44,0
286,761.8703548725188,841,91,0
286,791.6896054852568,485,99,0
286,778.3187495405116,1311,10,0
286,827.2827189536827,926,6,0
286,809.3173031818658,889,18,0
286,843.756103382992,1416,42,0
286,874.7467747651899,414,40,0
286,868.6806447859685,57,21,0
286,961.8775515574557,640,62,0
286,976.2271067849905,334,34,0
286,935.6512704922677,999,22,0
286,1036.5259080878482,1331,16,0
286,1020.7903807088162,1103,36,0
286,986.2320826413873,480,7,0
286,1025.584241907644,631,85,0
286,1153.9007172140916,880,27,0
286,1068.7861267666676,152,97,0
286,1122.5913432216655,461,40,0
286,1236.3351945374293,1193,43,0
286,1262.82070331383,630,49,0
286,1259.362723331429,704,62,0
286,1256.3044086153043,142,97,0
286,1179.0429514816296,493,44,0
286,1255.792189837396,62,49,0
286,1349.763737399636,1160,54,0
286,1363.4228580357367,434,58,0
286,1403.9814651950944,183,50,0
286,1382.4667793930716,395,49,0
286,1288.6498088630988,1351,66,0
286,1528.0482904907,731,34,0
286,1524.8895828235395,651,46,0
286,1570.62321403542,50,77,0
286,1529.2929522743839,478,18,0
286,1565.0635318292398,65,88,0
286,1618.1261722449162,499,71,0
286,1637.3944604265757,1297,62,0
286,1568.6367691129255,1200,88,0
287,437.2049401761988,769,68,0
287,452.95895864355776,118,72,0
287,465.02092846443276,1124,82,0
287,478.56926982631035,924,85,0
287,493.1521153685551,627,53,0
287,507.3631422055917,156,37,0
287,545.0590466172882,1433,3,1
287,552.5738931811801,730,31,0
287,549.0078253550757,436,37,0
287,561.1571231934416,1050,5,0
287,596.6484421385611,598,52,0
287,575.0994508918591,457,74,0
287,587.9696731406281,909,12,0
287,670.7627633463139,123,27,0
287,690.8819673387808,576,91,0
287,678.5144221271851,597,23,0
287,634.35026939456,766,36,0
287,747.3462592433863,39,28,0
287,747.2892084005653,838,64,0
287,677.5673833293303,424,74,0
287,762.5294932398429,1304,17,0
287,703.7391264012249,1149,43,0
287,776.5641810752385,1299,71,0
287,813.5090180497639,548,59,0
287,761.580884984406,69,35,0
287,855.360196176956,320,84,0
287,894.3129268232552,1277,29,0
287,900.2669526644164,874,15,0
287,821.9467645881086,1204,15,0
287,897.9725738202512,1109,76,0
287,964.1091245960943,1144,46,0
287,917.8199130085715,874,36,0
287,1021.6991114655075,805,23,0
287,921.1779699890851,918,88,0
287,884.25417877069,1193,34,0
287,938.4191591330097,258,75,0
287,1034.6866097589173,1228,22,0
287,977.6666707258219,307,92,0
287,1112.1125931323415,586,14,0
287,976.0527002466217,667,75,0
288,377.07181158403006,1371,7,0
288,400.1724969277179,1169,33,0
288,424.06741362742196,587,97,0
288,439.7422315468035,90,19,0
288,490.94467944801505,804,47,0
288,489.22135910680527,1264,2,0
288,545.9211173450822,282,81,0
288,534.7858951835689,1035,65,0
288,540.8188516937769,476,10,0
288,608.8105767236547,1267,83,1
288,606.7935081248125,10,79,0
288,667.9953520635918,1234,29,0
288,642.2188954542726,353,39,0
288,708.4584516018344,239,70,0
288,686.8750628675484,1030,1,0
288,786.8032800655926,358,92,0
288,828.0357287765335,877,70,1
288,713.5700074459284,1291,72,0
288,734.165929569298,1379,97,0
288,815.87124304812,660,22,0
288,920.0539663728409,122,99,0
288,925.7470733824209,1335,53,0
289,144.6392066246952,536,9,0
289,153.72399880850801,732,82,0
289,161.70602291703048,240,5,0
289,177.15898821485928,850,64,0
289,176.88012759303768,729,53,0
289,189.13787889953272,729,87,0
289,197.4727641254196,166,2,0
289,201.84210813519724,686,81,0
289,224.98608953123664,224,45,0
289,223.97438489247673,1342,88,0
289,225.23777100490577,1015,99,0
289,276.4255339757512,830,70,0
290,79.81232914065721,849,65,0
290,89.36627440323635,1353,63,0
290,96.2427344356482,133,17,0
290,107.93728450158079,1095,53,0
290,122.96838959010361,879,7,0
290,129.34484432519423,680,61,0
290,147.3889096180133,916,33,0
290,159.1070810475511,65,50,0
290,165.50811337840798,868,60,0
290,165.44435667931901,976,36,0
290,169.22860907798253,457,80,0
290,173.0394501323641,603,92,0
290,172.6536326299287,184,62,0
291,100.97288471948772,1412,99,0
291,107.1469111250476,719,30,0
291,112.94799977347844,1352,40,0
291,119.89796590167147,229,17,0
291,120.51671459001929,39,78,0
291,128.44464043142028,993,5,0
291,138.90794151743214,830,74,0
291,144.57387865762735,968,5,0
291,144.76142220331283,1026,78,0
291,143.9427642901644,38,10,0
291,164.6369067745595,1048,48,0
291,166.63606265134823,702,38,0
291,176.00579396954328,318,38,0
291,176.3569166799123,1099,59,0
291,184.0193972427499,1265,27,0
291,179.2855870395828,855,42,0
291,187.43793194406035,1297,21,0
291,206.87165801741443,1367,100,0
291,216.37195243494128,144,78,0
291,218.37871692898966,181,92,0
291,228.93566544000865,184,61,0
291,214.13721907679258,954,69,0
292,776.7542253306542,379,28,0
292,811.8275417138673,52,81,0
292,843.1519607308214,220,19,0
292,889.8607671224961,1239,2,0
292,906.1549963199978,1233,90,0
292,992.1789062507137,198,64,0
292,1025.4063993181474,1439,18,0
292,1029.2554218744708,363,76,0
292,1050.2429241728714,94,83,0
292,1101.8963524833775,1267,9,0
292,1149.557167410281,102,71,0
292,1169.1283703153294,627,9,0
292,1203.9076200523473,254,59,0
292,1196.6010953862478,58,28,0
292,1250.3979781304017,1331,58,0
292,1285.8886239385683,1216,54,0
292,1429.6629918705548,391,2,0
292,1548.914848918359,255,48,0
292,1379.0837185979321,905,35,0
292,1394.0373586705352,1351,8,0
292,1483.6893015312385,238,18,0
293,235.77250468386276,361,81,0
293,239.32134235934663,1075,63,0
293,242.61010818352312,1145,17,0
293,246.25210707323942,1164,54,0
293,246.82086085166122,1049,46,0
293,250.60156670626043,80,75,0
293,258.38597996684695,596,77,0
293,263.37559417172173,34,98,0
293,259.98299517995616,903,75,0
293,269.9353249525419,1305,91,0
293,271.5283802345354,39,72,0
293,277.202515917487,190,53,0
293,269.2851418035936,311,68,0
293,271.86164444561285,1347,77,0
293,282.5770913251713,235,28,0
293,289.41526734994716,1220,5,0
293,282.0473825140071,618,1,0
293,282.22911873326603,529,68,0
293,290.7241381318603,528,44,0
293,289.19097177829434,343,86,0
293,306.9663703983935,209,95,0
293,314.1713977623551,382,69,0
293,300.31835285650135,661,5,0
293,299.94610441491955,226,25,0
293,323.76741383005486,606,71,0
293,313.9235653573666,843,83,0
293,322.33902386458954,531,25,0
293,309.2139596095019,324,5,0
293,342.8966227084868,1344,96,0
293,318.6368179158682,809,77,0
293,348.7143565988956,1088,15,0
293,319.6618833701286,1199,1,0
293,331.43128881942056,628,32,0
293,368.1666398935756,1040,99,0
293,359.09083861296017,127,18,0
293,372.6055145451362,1262,57,1
293,362.7526751721765,1255,18,0
293,355.93869010640526,877,36,0
293,346.10500346655124,803,35,0
293,365.2778781872966,1394,26,0
293,348.76654114715285,1366,27,0
293,370.7372419006798,758,2,0
293,353.13206442235503,662,70,0
293,390.0429774695066,1436,36,0
293,358.5494128336893,1135,51,0
293,413.3869123047051,73,15,0
293,404.839357467229,1256,99,0
294,108.50230311130639,922,47,0
294,112.77903387827284,934,94,0
294,116.9447506257239,750,22,0
294,126.51318808112168,27,29,0
294,128.3705633370922,1418,13,0
294,133.62893884174247,813,42,0
294,135.2356167935058,822,98,0
294,144.10716745267922,1024,59,0
294,149.09156443930243,1028,93,0
294,151.1526042502843,977,99,0
294,154.95533774956084,101,85,0
294,168.82141910998007,581,44,0
294,168.40575992351933,524,61,0
294,164.38455140977183,782,63,0
294,192.4916995924647,1298,14,0
294,174.0169840200417,661,8,0
294,198.56586831608672,454,57,0
294,191.67316434295236,504,24,0
294,192.40350392281513,114,77,0
294,193.14584829147552,245,89,0
294,215.04963633355734,438,6,0
294,234.78262710495773,206,29,0
294,245.74832885141595,1383,62,0
294,233.46858950864862,646,21,0
294,209.53068236689717,771,56,0
294,265.97727064259504,1042,68,0
294,241.5543454121289,902,78,0
294,228.30519190666803,74,41,0
294,265.24080875589163,924,89,0
294,272.8018697484109,205,99,0
294,290.35819388701816,1430,96,0
294,265.53230619010395,279,95,0
294,276.6669971290297,1186,15,0
294,298.41884436797795,566,70,0
294,279.869485300789,1153,80,0
294,282.5494630015366,986,82,0
294,312.25546043282407,1079,29,0
294,327.99624379731824,508,78,0
294,287.62915801254553,994,41,0
294,351.344655852944,696,86,0
295,240.81228632188544,1356,22,0
295,256.1076517542628,558,80,1
295,271.1600646292282,399,72,0
295,277.45835089406137,129,74,0
295,282.9470117835803,1371,85,0
295,298.50407680212555,1104,40,0
295,322.4252479531064,801,55,1
295,333.08683532078527,1217,83,1
295,348.66113384344914,975,12,0
295,365.5253963127706,1317,66,0
295,382.554305373147,1286,83,0
295,394.1441111979943,313,63,0
295,407.8094635455975,440,89,0
295,435.4704761556795,15,64,0
295,406.1342297787053,870,19,0
295,398.3558288350125,191,54,0
295,422.5105732265307,557,41,0
295,419.54039485915575,1403,92,0
295,511.7036039472128,1296,98,0
295,529.5875813150701,1233,91,0
295,454.9811322249509,1180,91,0
295,550.7163990556123,318,64,0
296,843.8038873084816,1433,47,0
296,881.3644449918479,57,60,0
296,932.8754373238608,764,34,0
296,955.5641009229802,62,67,0
296,1012.0123594029396,642,40,0
296,1062.4119032501533,1341,44,0
296,1056.4344593602386,455,71,0
296,1116.6214700579721,1294,95,0
296,1138.6571325129198,307,64,0
296,1208.0369961627894,930,23,0
296,1279.4417547995843,237,74,0
296,1260.576853175388,1253,15,0
296,1276.656331998115,1335,12,0
296,1380.6841773225578,412,67,0
297,927.635166951297,468,2,1
297,940.4072035951948,547,42,0
297,955.3617417334799,1424,1,0
297,965.4726046749847,747,98,0
297,968.6141514875137,945,40,0
297,992.9189557858625,816,94,0
297,1003.0718670007803,950,3,0
297,1016.6335736035408,886,16,0
297,1039.719997950879,959,15,0
297,1056.1357067018575,316,83,0
297,1033.3987817382445,820,36,0
297,1084.5072400146926,1064,9,0
297,1069.9597306329272,570,40,0
297,1111.7044947055776,505,45,0
297,1085.8385242171885,142,51,0
297,1102.236535001376,271,50,0
297,1139.5516404990287,1316,90,0
297,1113.658182137277,219,83,0
297,1173.7830894478825,784,67,0
297,1167.8509564997894,558,75,0
297,1128.3717314996316,1169,22,0
297,1140.7136689654053,1176,8,0
297,1215.8652385707278,184,90,0
297,1198.9413270239943,374,37,0
297,1252.6118805727276,944,78,0
297,1244.4848635317976,929,99,0
297,1255.9043494984785,824,19,0
297,1226.7827361176041,283,91,0
297,1327.2721102874752,486,4,0
297,1300.1692992235312,1140,97,0
297,1354.031290398902,1413,42,0
297,1319.59207061398,925,81,0
297,1324.5048088282513,1099,83,1
297,1340.4027758948002,1417,37,0
297,1289.3149659495082,752,36,0
297,1332.2794653920419,836,68,0
297,1334.8435643418811,233,76,0
297,1313.1790174729904,206,92,0
297,1415.0177094576416,66,1,0
297,1360.2850116162183,1291,88,0
297,1346.2256829664323,988,57,0
297,1389.7146375756301,1318,70,0
297,1468.7235062436937,83,67,1
297,1533.1963895856884,1273,22,1
297,1477.062428408667,752,50,0
297,1482.8104251007012,1239,46,0
297,1561.4532198393808,207,60,0
298,830.7080550806061,350,8,0
298,879.4616209659703,515,19,0
298,910.9263193730861,477,50,0
298,1006.5346621720043,1314,5,0
298,1049.242309095072,241,45,0
298,1095.2979007288943,692,94,0
298,1171.3050706622932,1189,34,0
298,1134.1198816974625,525,20,0
298,1239.6745837769324,523,9,0
298,1202.0590763164353,146,28,0
298,1278.2585403821402,1042,53,0
298,1398.4302345928752,1029,70,0
298,1393.4608967502566,560,14,0
298,1535.840717528345,1034,89,0
298,1506.1564417594327,36,84,1
298,1668.5006955785027,1307,44,0
298,1757.4905489049286,123,20,0
298,1757.7002336217479,1143,67,0
298,1613.723266486717,715,47,1
298,1613.3612108488526,825,27,0
298,1879.4133394701387,977,15,0
298,1757.146327387256,477,31,0
298,2130.0107629168633,26,46,0
298,2148.1545996146533,389,32,0
298,2043.0026108792538,1377,70,0
298,1996.3682705023298,1120,30,0
298,2037.3710685900537,1076,20,0
299,306.50886770938905,911,45,0
299,332.56309334379466,650,18,0
299,364.14645211707693,870,77,0
299,386.8700396698589,845,18,0
299,427.0561971281669,1161,15,0
299,452.36183758273245,891,52,0
299,433.8493048606068,57,4,0
299,473.32324339182037,386,65,0
299,483.49046854235803,1064,14,0
299,497.73342584654677,178,61,0
299,578.4572721422769,1296,40,0
299,617.4630961152391,545,65,0
299,636.4103535187144,230,25,1
299,603.7092982046183,1306,25,0
299,717.0033109118625,647,54,0
299,630.9597128868222,857,95,0
299,649.0129426147028,1145,27,0
299,659.1220509445698,46,20,1
299,747.5535212112748,1008,54,0
299,808.0134511106348,72,41,0
299,873.7884095492167,842,61,0
300,658.4984325379493,1310,81,0
300,679.690376084321,1253,30,0
300,698.5215066895216,508,39,0
300,722.2343824899284,567,15,0
300,736.375129246436,644,26,0
300,772.4669521955366,384,8,0
300,814.7875319641621,691,11,0
300,846.0048394785728,148,86,0
300,806.5919079078275,1209,18,0
300,840.1656777891898,501,51,0
300,895.1026965834674,831,100,0
300,912.6284484103533,208,26,0
300,960.0300013866058,639,46,0
300,994.3132566081817,1013,67,1
300,1024.2772087360604,297,76,0
300,968.6713113282864,772,49,0
300,1082.1897910764035,973,89,0
300,1120.9510994837856,959,46,0
300,1026.6740206102336,907,51,0
300,1178.926970847749,1373,74,0
300,1130.665119964996,1118,29,0
300,1126.7967317766663,1020,25,0
300,1208.980147629012,1275,29,0
300,1184.170412437838,1037,70,0
300,1294.9103265335748,127,49,0
300,1335.268196889132,1407,26,1
300,1211.239800978703,1432,12,0
300,1216.5546604346732,1331,3,0
300,1387.5419120051756,1121,88,0
300,1211.126613940526,1008,69,0
300,1365.9341629998794,1388,59,0
300,1359.3062383523816,1020,9,0
300,1399.4230249274478,1098,69,0
300,1494.2316146320027,242,14,0
300,1495.3907824648052,1269,87,0
300,1569.5365361429353,1170,28,0
300,1421.1164208579032,519,65,0
300,1487.2194639989655,878,50,0
300,1372.4939495331882,622,62,0
300,1498.2088167160157,880,20,0
300,1753.0610426782155,797,34,0
300,1568.2081802039124,874,47,0
301,982.0274250820113,1400,27,0
301,1136.6615788115214,314,3,0
301,1304.066878175667,47,3,0
301,1457.4503701088938,1197,98,1
301,1661.2888556328207,1112,97,0
301,1836.9164372885625,655,9,0
302,819.3049096948271,357,97,0
302,842.3826787003163,305,87,1
302,858.0903522464658,1399,85,0
302,877.5718814562892,1348,22,0
302,901.3407316312038,828,57,0
302,928.5988396559583,1314,77,0
302,958.5205059168709,19,75,0
302,999.629122253354,699,10,0
302,973.1271846704752,98,5,0
302,1010.670314110899,1151,27,0
302,1049.42037232425,527,89,0
302,1049.2649204051966,656,10,0
302,1074.4379664836088,179,13,0
302,1153.1672131400483,1317,18,0
302,1145.74648902441,1069,30,0
302,1122.0604496774554,1220,15,0
302,1218.4396238657428,1206,83,0
302,1186.4956602912819,129,44,0
302,1271.1551026310551,80,27,0
302,1254.2109303839864,1398,28,0
302,1168.3500902263243,1203,13,0
303,314.5336646002205,291,49,1
303,319.8203068949893,1310,84,0
303,328.1706559907796,1252,59,0
303,334.88013623607594,600,1,0
303,334.4923110465825,571,93,0
303,342.68241201221923,1409,18,0
303,354.63929802577064,1254,19,0
303,360.4895986116506,398,21,0
303,365.3924965648603,120,5,0
303,374.03449989802675,767,18,0
303,374.29175121266735,494,73,0
303,381.0091493097752,527,74,0
303,389.6535457963547,344,13,0
303,395.3803597399508,1025,86,0
303,393.5922090097743,711,91,0
303,399.2285949925713,1329,43,0
303,409.2408879367169,1272,71,0
303,412.242324956042,1318,20,0
303,403.4913926128557,752,14,0
303,408.7037742353987,1300,5,0
303,433.12948377718095,441,3,0
303,433.28037835119994,1236,87,0
303,448.7794965297056,164,3,0
303,466.7134926185671,1139,92,0
303,481.26140677586,524,26,1
303,440.40594304415526,734,39,0
303,484.58422643782694,986,12,0
303,497.2926569689009,213,94,0
303,450.3915874249903,754,85,0
303,477.4966053406192,14,58,0
303,501.33787642816435,819,92,0
303,505.25028458789274,359,64,0
303,471.2577021457312,1303,28,0
303,534.8380349536333,598,95,1
303,496.6106053467802,1142,29,0
303,492.9120343987672,345,100,0
303,547.9279480502053,1384,59,0
303,562.6740647542883,957,18,0
303,523.7221303901517,21,72,0
303,582.7694848684009,654,57,0
303,548.1123948101642,1318,87,0
303,530.6883446992165,1431,68,0
303,596.1883223006001,766,25,0
303,592.6796328859139,346,79,0
303,615.4873869850671,762,33,0
303,628.5359191494447,1140,66,0
303,619.6052896014626,516,48,0
303,552.7541663386194,539,80,0
303,576.4616973162647,1184,21,0
303,563.7298987830071,1411,88,0
304,652.9225150708721,268,64,0
304,758.2576739732633,1154,67,0
304,872.2189793775716,1298,77,0
304,1000.6718023591193,480,18,0
304,1248.5575418060548,1061,77,0
304,1379.4602729927724,1189,35,0
304,1564.2900153257738,1013,67,0
304,1465.862101353167,1250,89,0
305,765.5684492887254,362,94,0
305,788.5593675770004,1312,4,0
305,818.8774520892175,582,86,0
305,834.9754160042778,974,22,0
305,856.5947668498144,874,51,0
305,886.2734073866725,1232,11,0
305,914.5851346730078,877,33,0
305,942.3021932663723,510,12,0
305,978.0032728769909,855,65,0
305,985.0470241712203,869,14,0
305,994.9669776466014,1404,67,0
305,1055.9921623206324,33,28,0
305,1014.6130693905021,734,37,0
305,1110.9826700495148,840,32,0
305,1097.0425050765562,111,50,0
305,1140.9305121286561,1233,10,0
305,1124.2137390054381,910,75,0
305,1208.323507385951,1301,32,0
305,1240.120056856641,1099,89,0
305,1124.4109641547666,711,44,0
305,1221.588841516053,730,76,0
305,1344.2447713395443,1270,66,0
305,1188.9962078369515,559,31,0
305,1332.959470830752,363,57,0
305,1394.4529718455428,1191,31,0
305,1373.9735531834071,196,2,0
305,1364.476157282044,1239,37,0
306,498.89092863514225,1365,11,0
306,516.3167432220321,785,82,0
306,528.3948516786903,668,61,0
306,549.6707793044424,519,42,0
306,574.9355054587518,1039,59,0
306,585.6398446097853,1387,88,0
306,586.4127079707221,1359,92,0
306,592.2644456597376,437,15,0
306,629.3953937084912,136,45,0
306,642.9909552338386,583,52,0
306,656.1384826209022,531,62,0
306,696.4104779864662,872,85,0
306,704.7105001205398,887,4,0
306,690.1875208875882,506,96,0
306,766.3510297568597,437,61,0
306,777.7298616174401,713,79,0
306,791.8676300021066,1432,52,0
306,800.2646774263476,1289,56,0
306,786.0421137512596,1283,1,0
306,867.836726803084,525,79,0
307,545.0409726303353,1170,11,0
307,561.0202656616267,434,13,0
307,585.2753039373692,479,53,0
307,587.4422748131742,1418,40,0
307,608.6880965934184,1097,86,0
307,616.8553520234558,440,70,0
307,661.1114406034227,338,17,0
307,682.154555138964,338,17,0
307,669.1963860921144,165,79,0
307,688.6044972504513,302,73,0
307,717.0411883754911,308,33,0
307,712.6145297830371,974,25,0
307,777.395095805065,494,87,0
307,802.8046573162187,810,30,0
307,799.5484864458197,42,6,1
307,849.7854157192903,1375,65,0
307,791.4766999283344,1169,95,0
307,820.0816076161248,1151,71,0
308,179.35525910573375,835,81,0
308,194.44319457068423,1283,86,0
308,200.50728896722566,1026,69,0
308,224.99741356056654,709,58,0
308,228.51709835618635,183,4,0
308,233.3647592553743,470,20,0
308,256.54602222431646,1361,86,1
308,273.9490925725937,437,42,0
308,288.62330338591727,249,100,0
308,276.6376589970462,955,83,0
308,297.9506159674015,639,1,0
308,352.09872956916365,187,23,0
308,326.2354215903292,1342,47,0
308,338.1900131036638,41,15,0
308,389.3788836042461,664,26,0
308,413.9004445698645,767,45,0
308,377.9208670790009,274,55,0
308,383.62217157429836,1163,9,0
308,433.62788966384215,235,28,0
308,462.4772983766733,1136,8,0
308,440.5509762028042,1209,39,0
308,421.6656064197857,57,92,0
308,481.7124290124146,1394,17,0
308,536.6002221582954,1121,67,0
308,468.0426686921267,460,76,0
308,556.4046066182807,43,64,0
308,514.6372171458571,1230,37,0
309,163.15067411365092,1295,63,1
309,176.6378496956064,527,42,1
309,187.48675617555782,424,34,0
309,197.89509626350292,740,34,0
309,207.58866811345962,226,31,0
309,221.6777789407215,1144,90,0
309,221.23013347580928,469,67,0
309,257.00872425003655,819,94,0
309,261.62098911383947,1295,85,0
309,246.15707727987433,1286,72,0
309,282.9978426357275,1155,26,0
309,285.35656806422236,668,94,0
309,315.6548768150984,809,45,1
310,562.2578038521856,748,5,0
310,580.6394002767471,574,47,0
310,596.4523377390074,18,23,0
310,606.0354750980819,243,39,0
310,615.49526295037,481,95,0
310,646.0617244660926,1131,58,0
310,659.3952753321712,219,54,0
310,675.5996891786148,477,52,1
310,699.8527710328518,404,10,0
310,722.5429533371527,584,47,0
310,725.0102067896794,318,67,0
310,732.2724878576649,33,19,0
310,769.8967118122039,149,60,0
310,769.1768810659783,333,65,0
310,804.9265309470171,188,32,0
310,829.422189983507,962,46,0
310,826.51687220192,337,91,0
310,851.3432142101445,1075,32,0
310,815.5169146192782,261,19,0
310,897.5824119609899,272,11,0
310,859.7238883651012,1398,35,0
310,947.2696381112942,1383,77,0
310,912.6438909599468,235,15,0
310,938.7583928526135,1117,96,0
310,1003.1541937283878,224,96,0
310,933.9477800966556,1153,46,0
310,1047.3920872663036,692,56,0
310,944.3420205127744,53,89,0
310,979.298674666137,858,56,0
311,649.4856411763255,1327,91,0
311,658.0114271770409,322,98,0
311,664.0531051956124,1366,12,0
311,675.1492330481524,397,68,0
311,676.616247499839,732,26,0
311,690.2421856049185,941,93,0
311,707.6322279537985,273,93,0
311,704.1963063153817,156,30,0
311,722.2435795428423,335,2,0
311,717.268372172857,742,52,0
311,722.7812204821548,122,4,0
311,749.9245026376924,1128,14,0
311,729.4221823317465,1216,89,0
311,755.4814645153932,283,31,0
311,758.7291767663768,1286,41,0
311,748.3664325211802,1032,57,0
311,780.5089153017307,9,33,0
311,769.8112200048902,148,87,0
311,775.732955921867,423,81,0
311,818.0693766854502,652,98,0
311,797.9620329167594,351,24,0
311,851.9577136858712,919,52,0
311,812.3744964997205,699,49,0
311,823.7813706718375,1305,22,0
311,828.8673759266592,1412,27,0
311,853.687852429355,854,54,0
311,865.9060431788791,804,53,0
311,887.9805019142024,1425,30,0
311,897.8453191126565,358,69,0
311,865.5759534759155,882,77,0
311,919.0737470853367,797,19,0
311,883.3423886694916,188,99,0
311,947.1198660149773,131,56,0
311,880.3886068884432,743,15,0
311,928.6532982634627,841,42,0
311,948.3562104302663,1337,39,0
311,914.1787197136457,339,93,0
311,967.5288969480372,493,33,0
311,921.2709141547941,534,98,0
311,961.2549560781137,434,97,0
311,922.5540791673773,125,55,0
311,992.8745302407049,967,10,0
312,49.23575573551241,1294,53,0
312,58.683430767245284,345,81,0
312,70.72904976440688,1203,52,0
312,73.37443987985381,7,82,0
312,91.67199566202703,576,52,0
312,98.20549478066522,1072,24,0
312,95.44789673104302,348,78,0
312,115.57336743358232,507,58,0
313,708.30713437296,463,88,0
313,721.5792089456592,750,57,0
313,742.6913432620289,1353,29,0
313,755.8931199233588,545,13,0
313,771.7560757862681,478,30,0
313,792.0855240510839,259,29,0
313,811.5613203675084,735,43,0
313,828.5344744099274,768,60,0
313,805.5801226867827,554,90,0
313,850.9868208066625,542,14,0
313,850.404825326156,1413,79,0
313,846.7087154061478,899,99,0
313,883.0658623001455,2,21,0
313,928.6679776975992,845,2,0
313,919.4023125428737,11,29,0
313,925.469779219876,1214,78,0
313,927.9718566493152,11,33,0
313,917.9425536264953,1185,46,0
313,967.1313375323233,275,3,0
313,1002.9430919847023,47,11,0
313,943.725141631616,209,4,0
313,1056.6537817635729,394,41,0
313,969.1352037173217,206,8,0
313,1059.9291749274844,13,98,0
313,1073.780306396801,1394,89,0
313,1022.1649040609817,1071,67,0
313,1063.8199646772766,1300,67,0
313,1100.6143363879714,664,38,0
313,1113.5304673671653,478,12,0
313,1076.7539189340068,323,4,0
313,1073.5443326823392,669,3,0
313,1176.4011725476996,75,69,0
313,1127.8530266423923,127,68,0
313,1198.021419288043,67,45,0
314,509.58252317503513,156,15,0
314,524.9633655539003,1200,93,0
314,547.513245873876,39,97,0
314,555.3615952178192,993,95,0
314,566.6673241652272,245,4,0
314,583.8398158718123,166,46,0
314,602.9926654946098,714,52,0
314,627.2125983508909,219,85,0
314,638.8530457510305,144,12,0
314,660.6490878158504,893,42,0
314,676.0965738474556,412,84,0
314,661.1165929121128,974,46,0
314,719.2724171980326,752,73,0
314,684.8922656253147,574,64,0
314,710.6276958926983,436,32,0
314,792.6982943122229,1399,25,0
314,733.9073563267846,225,97,0
314,816.8074185819339,495,85,0
314,830.0648924110303,299,23,0
314,841.5047486773582,1422,96,0
314,895.1676564790498,875,85,0
314,848.6952662598877,657,98,0
314,919.2825924487023,109,37,0
314,892.3687308291892,419,29,0
314,943.9640109651257,996,55,0
314,875.3180467992048,291,18,0
314,1004.3584368666911,1045,72,0
314,913.6635969660342,45,3,0
314,887.3365392246224,414,86,0
314,933.8518954463686,1199,34,0
314,917.2437664322466,146,91,0
314,1016.1650359162502,1385,42,0
314,1104.2085022938288,1416,21,0
314,1027.6352002612302,1106,41,0
314,1139.3587742340287,604,84,0
314,993.2088978860047,207,49,0
314,1147.3562523825371,1345,40,0
314,1170.8009683361079,1437,93,0
315,762.9070834414613,828,87,0
315,774.3815389068235,707,21,0
315,793.9535700190406,1015,57,0
315,797.7216510270487,1127,95,0
315,815.7727862962328,610,17,0
315,832.7251431868551,1270,10,0
315,858.5535970688948,633,95,0
315,874.6556123091929,1393,23,0
315,880.2657902104721,1404,17,0
315,893.840787762661,1394,91,0
315,888.8081288889292,1410,74,0
315,906.8204641515797,28,37,0
315,938.023526518818,1047,31,0
315,971.2489887820507,160,71,0
315,967.8397923009444,43,77,0
315,972.5981517117043,201,91,0
315,995.1591773491646,219,65,0
315,1009.2421350374789,284,97,0
315,1034.5663959834428,79,36,0
315,1028.008458576432,1381,9,0
315,1035.498306828625,305,93,0
315,1040.2102016805939,330,69,1
315,1072.801200177602,588,10,0
315,1070.0830405479867,1040,12,0
315,1099.8541745489952,295,72,0
315,1173.0909379786708,576,72,0
315,1095.3927436697713,949,61,0
315,1166.333475325131,166,59,0
315,1133.1916600653988,316,63,0
315,1146.5610781587352,60,18,0
315,1137.5207596421474,1288,46,0
315,1169.7457183853226,537,13,0
315,1119.2501915845514,882,69,0
315,1131.3747772469599,105,45,0
315,1236.5864090212144,360,48,0
315,1186.9645338798716,30,49,0
315,1159.4644915562767,361,2,0
315,1340.9343479345757,1335,81,0
315,1354.2377803214117,936,71,0
315,1325.831200285251,94,76,0
315,1333.1974094382413,1314,47,0
315,1407.393406354525,623,86,0
315,1307.1696623729881,127,24,0
315,1443.4309145485681,908,69,0
315,1314.4529416945466,1,36,0
315,1335.6642687702868,914,42,0
316,855.7530297842331,1207,53,0
316,869.3485200946363,133,80,0
316,887.868138054094,1317,82,0
316,907.7527267910915,254,65,0
316,915.1124344561936,43,28,0
316,938.4817044736151,197,69,0
316,945.4310693529512,625,53,0
316,971.4843268638124,780,51,0
316,960.5055533928826,1375,29,0
316,980.7206923374116,555,75,1
316,1041.3772830117655,1000,27,0
316,1038.4540793871972,631,60,0
316,1049.514953582513,934,65,0
316,1025.0472299754947,336,1,0
316,1043.2404918087566,1221,92,0
316,1063.7716478080883,966,47,0
316,1113.7521547972883,1303,39,0
316,1153.408306422022,1167,72,0
316,1089.5769433095973,365,55,0
316,1096.099151646184,776,40,0
316,1114.4887324737042,560,88,0
316,1225.1791976760287,889,5,0
316,1224.4781911908306,1328,53,0
316,1259.868303174699,918,5,0
316,1182.471561813515,1192,85,0
316,1301.0056311476453,100,89,0
316,1221.497149712426,638,96,0
316,1224.6526348415873,731,64,0
316,1357.2218384457865,373,39,0
317,83.31912057693285,57,52,0
317,104.5303215223228,240,78,0
317,120.6022271209138,89,44,0
317,136.21699062183308,1248,40,0
317,169.29640568717258,1180,45,0
317,163.88131175887764,335,26,0
317,185.9366493328374,781,71,1
317,205.10667997963807,517,86,0
318,554.6324567784516,1399,51,0
318,573.6045968871639,443,20,0
318,594.4684110573339,460,60,0
318,614.6799686830267,305,65,0
318,617.4389406459425,579,22,0
318,637.009079703896,218,52,1
318,652.162150508829,1048,20,0
318,657.0644170753218,77,19,0
318,713.5263687140924,204,3,0
318,689.2247299311417,569,27,0
318,734.0319157130339,1247,98,0
318,769.3129507059136,887,5,0
318,774.1730256109433,776,60,0
318,761.1129366693299,987,20,0
318,749.0931521649686,1139,9,0
318,853.3680263856434,1040,42,0
318,801.7591971794982,1076,35,0
318,822.8952164215495,374,70,0
318,865.8632818459105,1309,28,1
318,864.4495347800834,348,7,0
318,939.1189626060534,497,45,0
318,970.5402510298354,1290,89,0
318,982.9927531284179,753,86,0
318,939.3018773613684,1376,17,0
318,906.158551913046,1270,86,0
318,956.9147164317411,191,81,0
318,1058.138108616895,853,24,0
318,1025.1715746567988,79,33,0
318,1027.4463361717376,243,6,0
318,982.4172485654892,234,41,0
318,964.9410007492436,862,87,0
318,970.0687028971147,846,77,0
318,1053.626924700207,313,23,1
318,1031.2821405470095,1315,28,1
318,1087.1338603589604,760,63,0
318,1230.9921063083957,519,68,0
318,1048.3432092466774,1029,94,0
318,1078.929885059597,479,51,0
318,1234.706751256836,877,64,0
318,1214.4781600355434,784,72,0
318,1271.5308651522305,1018,90,0
319,233.0585069861634,1394,62,0
319,238.34628700358425,1267,40,0
319,241.92536711509058,148,87,0
319,247.9240671574964,156,55,0
319,251.93975783135457,669,84,0
319,256.9504681395941,1252,71,0
319,265.26781565068353,918,52,1
319,270.1474186133804,185,58,0
319,273.4004459407659,842,63,0
319,281.39206823333166,117,36,0
319,281.83384975248265,535,42,0
319,292.09223803826933,1089,42,0
319,281.6562713895901,678,18,0
319,281.64445648601946,1364,22,0
319,307.0047294623904,271,28,0
319,291.345114863927,587,26,0
319,309.93978947708104,1399,84,0
319,309.3425575424638,721,33,0
319,327.90237788578327,1001,62,0
319,330.4417985627956,538,17,0
319,310.22582536693983,247,68,0
319,331.81527636019536,1099,61,1
319,332.605745704274,584,55,0
319,355.3465883245549,456,35,0
319,336.5250132088342,548,6,1
319,334.57492331088145,962,32,0
319,329.01490512499595,1158,51,0
319,363.30781822389554,449,85,0
319,385.0139967735319,1302,40,0
319,347.51416037149926,137,10,0
319,389.91605719562625,838,98,0
319,397.34030464833353,1383,33,0
319,404.3812072047719,262,48,0
319,386.0370122757314,1256,25,0
319,396.87859606071623,637,34,0
319,397.6702254062742,811,66,0
319,426.5493830385732,544,94,0
319,383.68035796366905,17,49,0
319,423.7487062096516,850,46,0
319,411.3197039781244,556,66,0
319,435.47002763701073,263,46,0
319,414.89197362420043,226,9,0
319,442.1608114080948,206,76,0
319,418.96828749396195,274,88,0
319,409.6226982182914,1228,29,0
319,445.706278184956,206,68,0
319,423.4814507260472,1302,38,0
320,278.4594551305487,137,13,0
320,298.67363014789294,1279,82,0
320,324.6852726396124,402,99,0
320,337.82804186720006,456,66,0
320,352.6931639193283,1309,88,0
320,384.1100226497,284,14,0
320,407.8221596132229,1150,24,0
320,424.50904968979296,538,37,0
320,438.1007980940741,525,48,1
320,474.3090284523264,992,76,1
320,474.3125206386074,932,11,0
320,491.6877029870285,566,40,1
320,569.8319562731176,600,19,0
320,494.6378198664911,403,20,0
320,570.2131355880272,575,45,0
320,540.2875616983929,765,81,0
320,572.2359517714698,1246,20,0
320,627.6519168679665,429,42,0
320,715.8655250929771,1045,68,0
321,612.1526760265418,1357,49,0
321,630.7795354622826,250,15,0
321,649.8028958365813,779,52,0
321,662.0249767820009,925,26,0
321,674.191200946951,1099,66,0
321,708.9514091298016,744,75,1
321,713.9966194947232,618,52,0
321,756.1002886845537,572,3,0
321,788.3981745024769,113,11,0
321,781.492341153804,94,83,0
321,785.9945207656998,1416,35,0
321,788.3938049370754,1245,21,0
321,864.4765855826266,582,93,0
321,825.2679359632073,317,18,0
321,839.710058671222,1145,44,0
321,902.1964992521332,1247,65,0
321,962.4575049784858,14,5,0
321,962.2611144213378,921,49,0
321,981.0629915335777,1036,77,0
321,930.8866731500325,38,30,0
321,963.4152941509316,943,66,0
321,1004.051123274384,492,25,0
321,1027.4173487868406,54,71,0
321,1030.4498926668025,454,42,0
321,1038.227415360599,310,5,0
321,1151.4779685120525,347,4,0
321,1170.5989197042513,262,70,0
321,1207.7530587247672,878,61,1
321,1163.3199384607083,1328,16,0
321,1245.1609305137877,192,78,0
321,1254.4691288751792,1100,11,0
321,1086.4848738133485,587,81,0
321,1328.033015642478,216,33,0
321,1185.419495697859,8,85,0
321,1141.2443731724043,494,90,0
321,1340.0704616146995,1356,27,1
321,1239.4210940340693,1208,53,0
321,1424.9401969208325,97,99,0
321,1253.4076126028713,440,47,0
321,1447.283000604559,692,95,0
321,1482.2495906598137,907,95,0
321,1359.0325625895275,1050,70,0
321,1494.0437625389734,1316,41,0
321,1258.16055813905,219,84,0
321,1535.323769889269,308,65,0
321,1322.5062284924657,516,30,0
321,1624.5561658220104,1384,28,0
322,741.3061066489115,384,86,0
322,761.2395270146534,868,96,0
322,786.3571315737462,235,49,0
322,798.6327396969232,582,52,0
322,807.8235787510422,954,91,0
322,830.0723737937924,722,1,0
322,881.3333387497387,452,69,0
322,871.4868345468791,1001,87,0
322,924.3709537702047,1345,89,0
322,918.86609942897,1072,17,0
322,966.5623861473792,824,72,0
322,986.9128412102058,117,34,0
322,1014.9041425203967,595,81,0
322,1046.7571702607636,959,54,0
322,969.0940850852871,1047,68,0
322,1071.7420941940195,164,93,0
322,1102.0200780582488,251,66,0
322,1138.0106672705112,1116,59,0
322,1142.5892158860488,837,50,0
322,1121.8113456554397,1219,21,0
322,1072.6398107333353,882,41,0
322,1127.592063836763,468,86,0
322,1121.5844166852928,302,51,0
322,1267.5120060952045,405,58,0
322,1300.8495518960458,750,36,0
322,1331.8492595600612,806,55,0
322,1278.1574695331503,58,91,0
322,1194.702404837859,1313,66,0
322,1316.5388008880682,516,27,0
322,1329.567221428416,1240,53,0
322,1285.1346932975434,1067,3,0
322,1306.2738988942435,1144,10,0
322,1268.9727615151282,941,62,0
322,1396.4149362848675,1155,11,0
322,1554.9325350650556,577,44,0
322,1462.7895719891171,236,28,0
322,1492.8464050709194,800,42,0
322,1609.5673858841699,961,77,0
322,1453.1362632203345,702,22,0
322,1450.1810827027164,285,33,0
322,1399.8948381080943,1117,5,0
322,1497.7980439019543,1181,41,0
322,1465.6448690536647,1025,39,1
322,1603.6435079083012,1404,23,0
322,1798.7015533742492,379,58,0
322,1661.9223496007496,1202,26,0
323,174.9488304464776,1336,71,0
323,204.8135565377244,569,39,0
323,222.48039895011908,140,17,0
323,257.83538688604756,889,16,0
323,305.00418788252483,1085,13,0
323,340.30989316872973,1093,34,0
323,331.1500815191438,1439,9,0
324,619.2324091708638,897,53,0
324,645.8241705160358,1104,8,0
324,676.6309891404482,180,100,0
324,721.4716909913666,256,83,0
324,774.7914594040499,667,72,0
324,784.7259697825561,366,90,0
324,806.3870340831854,1028,54,0
324,826.1786108085362,786,3,0
324,847.981830134769,443,15,0
324,921.3783204898539,1232,20,0
324,881.8581255183938,566,6,0
324,931.8915646191303,586,51,0
324,1065.9948302805028,31,13,0
324,1033.1294346492568,1032,14,0
324,1033.2231320194992,951,83,0
324,1063.354789597841,750,80,0
324,1083.4948655418182,634,20,0
324,1235.6981575349382,191,59,0
324,1151.9062711602305,1326,71,0
324,1135.9348853927359,292,46,0
324,1282.2472436582443,319,90,0
324,1393.425736621059,411,2,0
325,907.6636878946412,590,24,0
325,941.5748864132134,536,54,0
325,994.0763878002883,594,2,0
325,1020.884069215171,188,66,0
325,1095.5887762497098,150,81,0
325,1093.4515892583572,72,57,0
325,1172.455446055698,684,47,0
325,1222.0878782437856,991,68,0
325,1306.300447026652,707,89,0
325,1340.4308352769722,798,20,0
325,1253.1459757743226,1041,17,0
325,1303.2235272198495,1119,83,0
325,1380.2575759710508,1114,21,0
325,1374.7810881757987,243,26,0
325,1402.2744772717242,19,86,0
325,1449.7724716163175,165,70,0
325,1668.3096394509757,1306,88,0
325,1717.7186662448435,423,59,1
325,1728.377125622203,966,39,0
325,1716.2184048158592,684,51,0
325,1716.9223485054206,444,81,0
325,1665.6004240297716,180,11,0
325,1660.1381169429465,498,80,0
325,1823.7831161953925,115,4,0
325,2034.455393945825,359,19,0
325,2014.3273776034375,180,63,0
325,2063.335790320152,366,1,0
325,2130.841151133956,670,36,0
325,1878.7051318445515,952,41,0
325,2263.0525217052127,1197,1,0
325,2062.951989425489,1135,18,0
325,2304.21019142709,352,83,0
325,2275.8495301880266,364,60,0
325,2167.8838135028645,1113,43,0
325,2430.8963694659424,1066,11,0
326,697.528293766657,381,22,0
326,729.2858154313999,1229,15,0
326,755.9996929554802,721,43,0
326,802.886374945055,871,100,0
326,798.0312028514518,1246,48,0
326,877.3069781101092,930,46,0
326,917.9445822538636,476,25,0
326,892.6359924092701,215,3,0
326,934.0776119090508,114,93,0
326,976.0000665631323,1152,66,0
326,1004.3470442952621,960,54,0
326,1078.7742148316672,296,24,0
326,1087.247208612228,708,55,0
326,1044.43624151387,865,81,0
326,1056.054202710446,823,67,0
326,1137.5193241234635,469,21,0
326,1102.878958606905,638,17,0
326,1133.4439050423046,508,52,0
326,1142.7125654348588,69,67,0
326,1230.7048963727646,1373,52,1
326,1335.829823913522,879,3,0
326,1352.0450018043935,367,65,0
326,1371.537657276291,1417,11,0
326,1352.7376733466879,347,90,0
326,1396.424771854874,683,62,0
326,1523.4195056765675,804,92,0
326,1361.123041862191,1212,75,0
326,1661.7047605113717,1032,73,0
326,1619.674655787181,962,51,0
326,1464.6898502772917,1298,9,0
326,1558.7574162130218,1068,2,0
326,1528.9334858634666,648,84,0
326,1816.8328815821808,534,22,0
326,1798.629036854896,403,2,0
327,339.5426626490294,1383,73,0
327,347.0412670928619,1179,51,0
327,353.2239987449978,1141,59,0
327,354.75231947945065,1068,90,0
327,359.9282879764093,863,59,0
327,374.6819983376159,512,1,0
327,379.55451737682085,697,97,0
327,379.41403394207526,21,68,0
327,392.51936843245835,1031,31,0
327,399.4600083943865,744,34,0
327,415.1716779891267,1148,65,0
327,397.55778979762835,224,63,0
327,419.2040473681559,40,99,1
327,432.99620279879684,1334,55,0
327,417.4420806854753,513,83,0
327,430.71705082247865,1336,5,0
327,459.69397951147755,228,72,0
327,444.4234742244273,347,60,0
327,460.7428636326135,1395,36,0
327,458.2525269315192,406,90,0
327,446.8700499861029,432,33,0
327,474.7810976402734,402,71,0
327,480.4033689367789,1434,47,1
327,473.50812921798615,84,91,0
327,486.3467933749373,350,31,0
327,495.29494448023917,1257,13,0
327,506.9596554440232,1152,66,0
328,773.7851921101707,277,70,0
328,816.1855404159745,204,8,0
328,852.0521108817428,662,87,0
328,891.9309804304381,666,93,0
328,979.3322600429125,791,55,0
328,1005.5836029285297,677,75,0
328,1029.4096956392689,372,13,0
328,1078.9002961609074,1175,100,0
328,1080.7070782246617,805,89,0
328,1286.6829783709136,697,33,0
328,1230.769916424407,1390,26,0
328,1218.7594545373438,1149,1,0
328,1331.8059586314716,1123,73,0
328,1305.2503835233438,130,53,0
328,1465.3169842111724,634,45,0
328,1556.618772502371,729,6,1
328,1579.5548469565242,508,14,0
328,1570.930105721774,1036,95,0
328,1477.3306501480906,248,59,1
329,190.67028219030556,897,84,0
329,208.04943441511472,964,46,0
329,221.77502242084452,305,25,0
329,231.12397455021264,1055,86,0
329,255.17498669901633,86,80,0
329,274.64555131297806,725,64,0
329,295.0995055911799,661,100,0
329,301.31905201189716,1106,66,0
329,344.3081376547118,491,15,0
329,321.6512979471023,1222,62,0
329,375.2118475240188,1288,76,0
329,399.3180828426267,1046,6,1
329,375.73286036762397,352,52,0
329,391.6002240461537,1262,5,0
329,415.5437201412865,1400,44,0
329,420.0427736812018,1400,30,0
329,411.57864818498865,1079,41,0
329,470.7324416315674,621,74,0
329,514.4084140752964,945,71,0
330,962.3758406938796,1017,80,0
330,989.8161449733819,1033,49,0
330,1025.442728010833,120,43,0
330,1063.9368726885898,111,55,0
330,1068.428359075053,586,72,0
330,1114.725272362691,100,98,0
330,1154.094609980858,1195,91,0
330,1149.171094981507,531,4,0
330,1220.16239333877,418,50,0
330,1239.4713960163047,1317,37,0
330,1268.6540130349251,420,28,0
330,1286.2147600557098,921,43,0
330,1358.8506049946523,660,55,0
330,1342.6011929412614,1300,52,0
330,1337.1587494992502,992,2,0
330,1338.4148292210284,283,79,0
330,1400.496512311241,380,78,0
330,1492.2326667487328,734,63,0
330,1548.297162281243,1155,55,0
330,1572.1072500374376,1138,30,0
330,1437.8292780185386,940,18,1
330,1568.5109377358112,863,86,0
330,1655.016943662629,851,95,0
330,1643.249642653787,1222,17,0
330,1547.2042752835118,1132,76,0
330,1590.5164430435684,251,79,1
330,1746.1729908459306,1408,51,0
330,1664.3094771927408,995,68,0
331,296.81716494213737,670,66,0
331,317.58511847333375,1366,42,0
331,331.5146009538991,440,13,1
331,364.2281957728342,606,91,0
331,359.18442979612803,818,75,0
331,397.6430291411008,27,21,0
331,432.6772253784441,84,43,0
331,421.97031191958763,76,63,0
331,441.9818986492771,850,80,0
331,483.3268451737591,933,56,0
331,498.75129083364004,670,80,0
331,523.1403952732358,1286,95,0
331,497.377095889782,450,72,0
331,538.9924655603387,109,60,0
331,546.753312450552,332,86,0
331,545.2830890802662,535,33,0
331,661.6922110447636,1438,25,0
331,631.8435532519948,1067,75,0
331,652.2216946461012,1313,85,0
331,641.7723036121238,1417,65,0
331,708.0466741009095,1124,33,0
331,653.3235850662579,365,81,0
331,732.656035222758,745,48,0
331,807.7345335240041,372,56,0
331,770.3611977927129,586,26,0
331,787.9811136741807,1142,76,0
331,891.5607098377855,8,40,0
331,849.9894451230477,915,40,0
331,896.0009418744987,526,58,0
331,943.6404268884935,321,33,0
331,773.7798488347503,1076,3,0
332,47.423020275391394,888,81,0
332,50.69467748889361,894,9,0
332,54.049835273922454,454,43,0
332,57.029646540062906,30,73,0
332,63.3130323167953,1428,44,0
332,68.23616044865614,320,33,0
332,73.49878866422395,1115,7,0
332,70.11763080620611,675,21,0
332,79.89813071441156,1143,85,1
332,84.80192063955951,441,10,0
332,88.13713251280745,456,24,0
332,85.92988548854595,1042,76,1
332,90.18394630617503,168,60,1
332,98.88003025522613,1095,24,0
332,99.11192874147184,1322,64,0
332,100.61811634661281,285,9,0
332,111.85405984745927,1046,71,0
332,101.6296061680994,119,69,0
332,123.22424674470287,501,63,0
332,115.58146883169253,826,83,0
332,107.0851211528945,74,46,0
332,113.47611031746102,382,51,0
333,490.0269976323638,1434,30,0
333,502.0516823063615,924,91,0
333,510.3420439144982,130,85,0
333,529.115037034565,196,21,0
333,542.9013844288211,876,19,0
333,541.5990771841364,604,100,0
333,551.4094693913968,1312,86,0
333,573.1691246546585,1048,56,0
333,581.8523778747067,204,51,0
333,603.2153630939398,629,7,0
333,592.7672472835661,436,42,0
333,634.1632616460901,456,33,0
333,642.2206604412476,72,19,0
333,649.1727836864858,933,79,0
333,687.6618546439396,1109,2,0
333,654.2271655573395,1158,66,0
333,699.9475712863675,1334,63,0
333,681.9112229865891,1178,22,0
333,726.8409112917079,1145,15,0
333,687.3957851048148,933,57,0
333,728.728474536598,1221,59,0
333,776.7062079837152,892,19,0
333,770.1092062637333,516,89,0
333,796.1702514434289,292,77,0
333,797.0916395584325,182,86,0
333,836.3700518354389,344,28,0
333,754.5681048088753,959,23,0
333,834.6555386564886,374,50,1
333,767.4738083225594,907,83,0
333,871.4344299622326,1065,78,0
333,915.7863215359414,220,81,0
333,827.6771718454738,389,60,0
333,865.4473699637683,132,29,0
333,921.2009096438567,1011,2,1
333,914.126911381557,1291,78,0
333,988.370312024528,450,19,0
333,867.7460566440232,596,87,0
333,983.8290679000258,978,41,0
333,877.8185527566893,908,35,0
333,970.0831247773336,204,57,0
333,978.4262467089002,105,78,0
333,971.8366545439276,235,1,0
333,1047.2632974450776,1095,17,0
333,998.3402453551887,953,20,0
334,703.1981645923381,1281,55,0
334,719.6227673513503,132,56,0
334,741.3983940594608,912,1,0
334,763.8106939538735,144,73,0
334,771.2349969548964,736,24,0
334,795.1841405037326,756,47,0
334,832.4349591001314,1301,60,0
334,852.2331082203613,717,88,0
334,846.5793380230829,385,73,0
334,849.1145629143349,278,95,0
334,907.6034002554054,359,9,0
334,940.0884969061752,474,54,1
334,882.8125581914022,250,63,0
334,943.5516967983756,335,25,0
334,995.100084820828,366,62,1
334,959.4170195165752,298,1,0
334,1010.8827758455213,550,48,0
334,1080.4514125450542,951,78,0
334,1012.4490165193827,1077,79,0
334,1051.0794185457999,1417,59,0
334,1096.300484453264,1256,73,0
334,1135.047253852018,811,4,0
334,1096.3220913708046,937,2,0
334,1092.0396208302918,108,28,0
334,1061.1621302388103,983,23,0
334,1166.3893291191491,25,18,0
334,1215.4911097229738,1024,59,0
334,1277.3991856260373,819,83,1
334,1210.9800976763704,445,53,0
334,1320.824231036572,105,100,1
334,1236.7149713345916,1098,84,0
334,1196.1141257374245,247,6,0
334,1338.5867191126238,101,56,0
334,1345.6781446022765,1118,53,0
334,1230.4349835167736,543,99,0
334,1419.1820662457671,546,19,0
334,1453.0817263167614,495,57,0
334,1444.0963457414384,977,40,0
334,1338.2786932278764,809,27,0
334,1467.8843355867793,212,73,0
334,1501.8523375420357,537,8,1
334,1417.790727382712,1210,40,0
334,1554.780690726341,438,77,1
334,1569.1046312832777,972,7,0
334,1451.102290131792,8,92,0
334,1532.0116392266348,984,73,0
334,1487.5041607780083,956,42,0
335,351.6835867870371,489,13,0
335,370.3149956984015,51,77,0
335,390.9798078142898,93,67,0
335,419.15817067940674,548,79,0
335,429.5270566535967,460,76,0
335,440.96186061462896,833,87,0
335,469.3895285810263,873,8,0
335,490.5084372199334,359,54,0
335,529.6645068290483,554,17,0
335,558.3398045871339,40,81,0
335,516.1087085619039,532,54,0
335,542.4058521106717,99,63,0
335,603.5077355608278,1002,79,0
335,608.9019423727252,791,69,1
335,640.5799442434017,666,86,0
335,653.4426015787963,1029,36,0
335,640.512917174399,764,60,0
335,684.3936836881377,1362,69,0
335,734.3893596744545,879,29,0
335,732.6810768838675,789,71,0
335,699.7498026448621,31,83,0
335,727.8572992391363,731,45,1
335,814.5126884451545,598,57,0
335,834.0249737065267,753,30,0
335,784.7252644215465,462,87,0
335,906.1076738053821,167,61,0
335,987.9691547185776,816,83,0
335,919.487854745953,119,83,0
335,936.0012293731274,506,64,0
335,904.6854869187721,158,44,0
335,1051.1913085260992,20,8,0
335,1055.6465291267052,747,90,0
335,958.5100533306277,941,76,0
336,165.56568686650718,645,93,0
336,170.45205909904163,35,90,0
336,175.73868328594835,1173,64,0
336,178.84480492808936,657,41,0
336,182.30108541503446,1082,65,0
336,193.68168954950426,953,24,0
336,200.96915580434495,1209,4,0
336,204.20711036606608,388,41,0
336,210.92254293745978,1188,19,0
336,206.02341700132723,30,70,0
336,208.9563827573884,145,84,0
336,226.74448594594216,1440,90,0
336,220.0676026073839,920,27,0
336,233.56951575413086,700,5,0
336,236.58371519266103,72,70,0
336,225.9689180195286,420,22,0
336,254.17221251893756,642,56,0
336,257.50007187551176,186,43,0
336,245.4836172987231,1104,38,0
336,268.49092844126847,790,54,0
336,282.8937040372574,1170,75,0
336,259.6328958557702,1402,90,0
336,296.1730194145148,577,79,0
336,272.28527985654483,941,60,0
336,305.66627258172196,1177,57,0
336,277.68677818015357,521,30,0
336,292.374715984059,312,69,0
336,300.7326939875312,1353,98,0
336,281.34467971934185,661,35,0
336,289.39893914995406,403,90,0
336,305.5625887400544,565,28,0
336,322.6859066764287,374,25,1
336,319.46892469051346,246,67,0
336,358.11174891060307,972,33,0
336,335.1190428750017,505,26,0
336,328.0410709389152,1081,34,0
336,378.87461708296735,346,89,0
336,320.1971529286038,1422,30,0
336,375.8227032732402,594,6,0
336,365.74581750457367,1,88,0
336,352.59288958482045,938,5,0
336,346.0748780361349,136,34,0
336,399.78289299400194,1404,97,0
336,368.55421791376676,1320,14,0
336,414.3624545334631,910,81,0
336,349.37828229191484,1213,84,0
336,383.77644124176743,5,61,0
336,377.78851785826714,209,54,0
336,378.1474042742901,725,27,0
337,939.8625825288902,504,27,0
337,1140.687825179687,375,73,0
337,1281.600949110831,384,1,0
337,1412.0755107680739,1178,73,0
337,1756.5659631543294,95,60,0
337,1729.9333123623637,397,83,0
337,2015.9347843627322,675,14,0
337,2080.2868461919516,626,54,0
337,2656.3701158321155,250,23,0
337,2758.994788290739,386,99,0
338,671.1334475654398,947,98,0
338,684.9207581833019,234,54,0
338,707.8340994960918,141,93,0
338,729.8907283557411,706,72,0
338,724.5000345575564,233,95,0
338,756.5650990862129,120,49,0
338,754.7464122044189,100,8,0
338,765.8142166789854,1131,26,0
338,787.2542634730685,575,40,0
338,849.1182858230376,1129,98,0
338,847.9623746179111,691,76,0
338,848.152477587394,796,41,0
338,851.769838458338,883,13,1
338,861.4075193278718,78,100,0
338,859.8755661838376,659,22,0
338,886.5693779549496,1150,13,1
338,952.5219282866142,493,78,1
338,904.2770911323328,170,4,0
338,916.4069742538989,1337,45,0
338,1019.6000506496578,1135,80,0
338,1009.3155661887299,675,27,0
338,1029.3022674082347,278,74,0
338,1001.1527490703096,1345,79,0
338,1052.1805628455704,911,73,0
338,1021.0596701585108,1310,3,0
338,1033.487444214927,393,48,0
338,1106.0201540206692,457,24,0
338,1188.8036860763405,563,32,1
338,1149.999174922813,195,78,0
338,1067.9437708653102,149,32,0
338,1216.6552566476248,87,26,0
338,1253.7552673885764,543,43,0
338,1185.8058338999335,595,1,0
338,1174.8006555947302,933,57,0
338,1263.7880153427027,501,8,0
338,1177.351776883373,616,17,0
338,1387.371016794788,1181,25,0
338,1285.9590002755726,347,81,0
338,1350.709177995053,1309,69,0
338,1208.9653611447866,1310,49,0
338,1286.3877827225501,87,72,0
338,1287.5830606369527,1089,5,0
338,1310.2725447502867,943,41,0
338,1264.5487087181782,1327,57,0
338,1494.157263127136,65,52,0
338,1407.3887880990903,273,41,0
339,219.5269874840438,490,7,0
339,227.0425299783538,1204,63,0
339,236.68537356724175,1272,92,0
339,248.45197884878024,8,42,0
339,261.2330379865709,413,29,0
339,262.77054727099596,562,77,0
339,264.9068569188155,1240,69,0
339,284.8259306761958,1187,84,0
339,285.86764522908084,685,56,0
339,295.6369125114744,807,71,0
339,293.8177227981018,1279,22,0
339,330.23598911212036,608,45,0
339,314.2268323004783,1387,70,0
339,313.9741397005344,1118,15,0
339,361.48490057808135,1190,11,0
339,371.72081401725194,514,25,0
339,372.13309920516105,1405,79,0
339,355.97312255883946,456,8,0
339,372.4409916488179,111,1,0
339,376.0403840773533,1155,37,0
339,375.62781265469016,590,24,0
339,384.82938675584495,1427,85,0
339,435.411200484617,388,29,0
339,424.0991652073154,375,87,0
339,432.696345857294,880,11,0
339,437.8218145295385,1371,23,0
339,419.76733754632744,590,40,0
339,444.54172304661085,281,95,0
339,438.3411569778651,606,100,0
339,430.6617519714507,3,50,0
339,488.7601566865909,525,77,0
339,470.8677086453315,1329,89,0
339,451.80173360368417,56,69,0
339,537.6781184983649,1346,26,1
339,544.3147657884876,198,42,0
339,574.7956005958284,395,80,0
339,583.1332008730402,1330,69,0
339,540.4425092721328,863,5,0
339,494.1627903695974,231,99,0
339,563.6799528582878,580,52,0
339,549.4263309925719,1020,48,0
339,567.0339817790514,1251,65,0
339,617.4036124642976,79,87,0
339,542.964018142623,945,31,0
340,45.24138777214506,301,81,0
340,47.00106460499503,1151,40,0
340,48.506921279139824,96,32,0
340,50.644643057672454,1004,93,0
340,52.67246016913285,197,27,0
340,52.65991511242164,350,55,0
340,55.45613282627166,875,93,0
340,59.19023353322408,1027,92,0
340,56.82322542309483,719,49,0
340,59.88174887492687,27,8,0
340,63.493815480906406,550,74,0
340,66.04998059291178,899,16,0
340,62.41968834523655,1107,46,0
340,67.68491022140407,1041,15,0
340,68.01016302340201,1417,61,0
340,75.10558251778093,126,52,0
340,67.66278380594973,869,27,0
340,73.88591561656004,356,17,0
340,79.54138424238052,1272,28,0
340,81.33328318583659,395,60,0
340,85.97588481448878,496,32,0
340,85.4982142480235,70,62,0
340,91.43494715789919,504,100,0
340,83.44912542089082,762,89,0
340,80.20404299852584,407,50,0
340,86.90273210407685,951,98,0
340,95.81443150593373,74,36,0
340,86.27332389214547,677,94,0
340,100.63934910274203,1210,23,0
341,667.3606290546588,1242,51,0
341,680.8309823256342,1092,44,0
341,698.5534837394595,355,98,0
341,707.8322001539972,841,63,0
341,738.3295353815902,741,43,0
341,754.0994876313157,413,19,0
341,764.6339855708914,1418,89,0
341,765.4983974493646,1197,29,1
341,788.1512400437539,1387,24,0
341,824.4217568776203,151,41,1
341,825.2555911079276,994,61,0
341,864.2958103882067,917,63,0
341,864.1183858247132,1238,59,0
341,927.529828718215,732,29,0
341,881.0220300470527,591,9,0
341,964.9778758152028,1056,54,0
341,982.5060347898501,1232,29,0
341,970.8164841271234,464,49,0
341,954.9588203551592,730,26,0
341,928.0412566198247,612,65,0
341,968.8134840005058,241,43,0
341,1001.1216184951936,12,90,0
341,965.8918210206866,836,93,0
341,1049.3394303591629,565,5,0
341,1139.8294233743459,838,36,0
341,1023.2340534269531,985,21,0
341,1094.3375605040403,1035,64,0
341,1208.0482682428787,239,18,0
341,1188.2934228248337,486,19,0
341,1177.1731157398092,1345,76,0
341,1221.401027551974,25,77,0
341,1197.868804276749,1341,9,0
341,1239.1917551073652,863,78,0
341,1324.5089120562998,1182,34,0
341,1176.5432803275398,680,25,0
341,1205.5288552464751,1239,91,0
341,1318.2870178765234,7,58,0
342,137.93734399400176,1154,77,0
342,145.32535666988574,790,12,0
342,151.883808721342,943,9,0
342,161.23837423570757,90,10,0
342,161.4602149769335,170,3,0
342,171.1779587896184,749,31,0
342,180.28882713275777,142,54,0
342,186.64178297233295,732,75,1
342,192.53596237604373,1420,73,0
342,205.60263065584735,1137,34,0
342,206.37729247538377,1263,37,1
342,217.17349358075134,899,46,0
342,228.12146120176996,1058,69,0
342,221.92581423109618,481,16,0
342,240.52103944594018,573,17,0
342,256.2913068935533,1173,10,0
342,248.5815741037792,825,67,0
342,254.91899145171234,538,50,0
342,245.55180020303834,791,99,0
342,275.19549537415605,461,93,0
342,265.3198326056242,428,15,0
342,287.66615259186426,564,8,0
342,305.59492401293164,137,77,0
342,294.05706600126285,758,38,0
342,314.93508115911186,5,96,0
342,324.84886200124345,552,66,0
342,345.17057801645774,237,27,0
342,348.23258555913736,540,44,0
342,351.60686349384184,1065,67,0
343,222.92016736101405,1198,6,0
343,230.83549719136658,82,77,0
343,236.41818416884385,1190,6,0
343,241.14580774031683,345,73,0
343,245.6013728535023,692,82,0
343,263.34827494946137,1341,80,0
343,269.61811219584814,877,9,0
343,267.4966285613461,208,47,0
343,269.6623611388956,59,7,0
343,295.7120554699508,274,49,0
343,305.1060536497979,1048,54,0
343,299.27457688705283,1358,13,0
343,312.48840825488617,536,41,0
343,297.63643249659555,1389,21,0
343,329.9162765496939,1172,8,0
343,338.78471995757485,681,21,0
343,338.5644841241698,473,43,0
343,319.4977120350255,1264,50,0
343,332.9036690187701,1192,71,1
343,337.22211613245526,426,16,0
343,341.54756061879164,1192,72,0
343,375.00340236691784,497,57,0
343,402.6559381709115,1329,53,0
343,402.20679298881436,963,36,0
343,402.97724489313396,1037,70,0
343,384.56991544792663,928,65,0
343,424.93361023073345,11,1,0
343,377.74517405047663,721,5,0
343,412.5154708209643,183,57,1
343,436.9282331432163,393,41,0
343,391.62708500282736,743,65,0
343,425.04057877400646,375,68,0
343,428.5945124584123,952,14,0
343,441.475972004505,1397,41,0
343,415.7439384392185,875,64,0
343,422.26726774619084,1132,73,0
343,444.27337817394823,509,92,0
343,486.92609400287483,356,83,0
343,460.229581328956,1327,90,0
344,931.9047497422047,255,87,0
344,969.2289074928829,1101,15,0
344,1001.7652177693352,828,2,0
344,1044.0955940232113,847,17,0
344,1077.8020257497687,1313,42,0
344,1153.1476460645815,1015,89,0
344,1156.8109483589888,1070,74,0
344,1247.8651562955758,350,33,0
344,1215.2537059143222,1390,37,0
344,1271.712166166002,1032,4,0
344,1400.711624126626,1361,47,0
344,1446.963128585583,896,62,0
344,1506.1733320710364,207,62,0
344,1378.155320470499,662,56,0
344,1409.2724733581504,1024,96,0
344,1628.4397602428353,115,44,0
344,1502.2932037217547,439,30,1
344,1669.1281562828071,1347,94,0
344,1651.7254460276215,729,76,0
344,1826.697574858968,1234,66,0
344,1744.6228637358886,230,27,0
344,1635.222981788703,1016,41,0
344,1725.3094349845069,359,48,0
344,1712.1509209982898,1408,25,0
344,2065.4180149629146,404,85,0
344,1984.2228350868786,1296,98,0
344,2083.2476210183636,1259,19,0
344,2131.595514692887,647,19,0
344,2163.3885986925297,903,85,0
344,2277.7426549147913,462,58,0
344,2269.2162571943536,80,89,0
345,594.8949268709139,886,8,0
345,621.3047030787038,907,1,0
345,640.8291042722286,511,6,0
345,685.7092745243359,961,67,0
345,700.7773786561432,1341,62,0
345,737.3468674098581,890,58,0
345,727.7338364883831,518,15,0
345,784.6825914067413,406,96,0
345,778.4443582124828,343,4,0
345,816.6286614794858,1344,60,0
345,902.8879274166666,1213,38,0
345,914.0645579776927,1307,4,0
345,910.1266316383924,458,100,0
345,1012.1135037219171,201,95,0
345,981.3736268495713,658,68,0
345,982.5545627094139,1249,72,0
345,953.912995621736,925,72,0
345,1081.0732989999087,930,51,0
345,1052.739540874254,142,89,0
345,1044.164908652862,727,54,0
345,1027.5506713388113,1251,91,0
345,1230.5723375734406,600,76,0
345,1136.049560446337,1340,68,0
345,1207.025287621921,216,76,0
345,1354.3015742817465,1328,67,0
346,340.8392970596124,380,51,0
346,352.5798488905589,1,51,0
346,358.39682570952226,219,5,0
346,376.825538350713,121,55,0
346,381.12557676807813,60,68,0
346,400.66132099653686,651,95,0
346,397.62015843460523,435,8,0
346,399.3828692891419,659,14,0
346,424.3351959041492,1067,69,0
346,418.8063645111092,261,36,0
346,436.27927854706707,426,89,0
346,460.62598780417574,939,31,0
346,441.61665437976995,725,26,0
346,472.5965547433124,772,96,0
346,460.686434687491,1427,1,0
346,523.6131455803188,465,90,0
346,505.8526351749143,864,23,0
346,533.136942358565,1041,79,0
346,517.8330959728848,1196,23,0
346,530.9538150103974,514,76,0
346,562.7363029560247,1124,34,0
346,531.9219991117261,1422,44,0
346,584.2530106988613,390,82,0
346,559.7822924336402,56,83,0
346,626.6278224736436,222,60,0
346,606.3853611052929,180,74,0
346,649.779745810597,1215,89,0
346,613.5461538592212,854,63,0
346,672.7030407851671,1071,24,0
346,659.0698582973062,591,14,0
346,644.9205255031436,413,45,0
346,621.9057645534904,363,72,0
346,724.0294942570613,582,66,1
346,633.6551322712457,1389,29,0
346,735.5368285484118,115,47,0
346,715.7466049492621,612,40,0
346,678.6697448818023,913,75,0
346,765.1716851010781,827,5,0
346,662.1719323562318,10,45,0
346,692.5918548135953,410,17,0
346,822.6319329224166,44,44,0
346,805.4080024702782,1147,17,0
346,764.3463911196295,118,97,0
346,799.4979091138314,1386,27,0
346,813.8115029081964,472,57,0
346,829.9072753418637,654,29,0
347,102.73067047260362,14,23,0
347,106.01121272841732,1223,76,0
347,110.80823020591524,608,96,0
347,114.78892650058312,43,76,0
347,119.42085846987078,772,66,0
347,120.06967631740869,1207,63,0
347,127.77502008258446,809,52,0
347,125.09641805054412,690,29,0
347,136.4472436013009,867,77,0
347,135.9545390250909,1247,46,0
347,141.5239022178347,394,58,0
347,138.2522296687243,125,82,0
347,154.09349723764709,639,48,0
347,161.1245637770392,278,49,0
347,147.44654089540046,617,92,0
347,160.1582980789657,782,36,0
347,152.0265601990351,1049,60,0
347,165.39730109657484,1008,7,0
347,181.74707282601184,496,28,0
347,163.70474330076485,1434,55,0
347,168.9044810756261,1016,11,0
347,191.88645013750556,662,37,0
347,187.1718886059669,1420,90,0
347,174.59887075844233,378,45,0
347,203.86687251461606,535,57,0
347,197.6291429101548,1299,94,1
347,219.65429285266785,21,65,0
347,193.20123516637875,1435,56,0
347,188.80226708747597,56,25,1
347,201.43498448901457,935,19,0
347,203.7765874952934,983,30,0
347,208.71658853842314,1378,96,0
347,236.55762817957782,9,55,0
347,210.39924600047462,1330,55,0
347,246.49486128131474,443,21,0
347,254.219985630932,1351,15,0
347,259.9840760101495,697,14,0
347,255.70187233474013,816,87,0
347,233.60529779004287,1029,92,0
347,277.35974855490764,880,48,0
348,897.078471189732,1089,76,0
348,912.9991003773156,1335,93,0
348,923.735952835709,1275,98,0
348,938.2696549845039,469,30,0
348,946.7208739360084,135,22,0
348,970.5771094802848,760,27,0
348,993.3192933184357,1021,49,0
348,976.2608407995447,1031,26,0
348,1018.0693692478824,553,49,0
348,997.8251150687187,771,41,0
348,1018.8876266104036,501,78,0
348,1065.2581207663488,791,78,0
348,1038.4225073374057,849,72,0
348,1105.695114430836,843,69,0
348,1067.4608171720513,705,88,0
348,1127.2066877700079,124,91,0
348,1080.8095098373828,1106,87,0
348,1152.4375524286609,901,25,0
348,1134.2345390884454,1343,31,0
348,1187.0219477181981,566,15,0
348,1143.9884181733487,1219,42,0
348,1202.9879996309485,1035,76,0
348,1178.554193758811,194,59,0
348,1193.5380771516557,287,85,0
348,1211.6945797760013,1271,20,0
348,1296.1688283788608,280,36,0
348,1218.2905284200808,1340,22,0
348,1259.745085350644,234,98,0
348,1243.7342285729412,1368,85,0
348,1255.9118878129839,1164,39,0
348,1226.337899075282,58,24,0
348,1387.4315825134688,523,78,0
348,1284.0009192534828,1227,98,0
348,1420.1857018031806,69,17,0
348,1261.0970229797183,690,58,0
348,1335.5361563731487,839,26,0
348,1450.1325006678658,1072,21,0
348,1349.5585684689331,947,43,0
348,1383.7033356627742,535,66,0
348,1459.9774861170463,1311,93,0
348,1449.8214725741532,412,56,0
348,1390.08603216492,1294,7,0
348,1536.4428902267969,575,91,0
348,1435.7859372014113,745,26,0
348,1494.2705664906343,547,61,0
348,1537.1460432891408,197,73,0
349,660.874621510194,947,99,0
349,696.0496905263064,725,82,0
349,734.2543403423861,216,1,0
349,775.8751441757147,1394,90,0
349,777.4201561847158,1099,77,0
349,819.674603687877,56,57,1
349,838.0739615139146,1328,20,0
349,931.5804062955208,670,51,0
349,981.6110571456409,1417,82,0
349,916.611483893478,1116,52,0
349,1024.7297616569574,952,99,0
349,976.6769074554641,724,69,0
349,1039.8467279030192,508,61,0
349,1068.7225278879164,539,78,0
349,1147.61063591,264,14,0
349,1114.4232184765751,1370,38,0
349,1165.4223206687363,11,66,0
349,1227.8800017789952,93,31,1
349,1293.770772253809,871,41,0
349,1221.5395889206743,1438,93,0
349,1444.140895785095,709,48,0
349,1321.979602589856,1032,54,0
349,1285.6095631387393,480,79,0
349,1549.368642372589,1244,57,0
349,1510.7462136056365,13,50,0
349,1408.9669943747622,1209,90,0
349,1705.2020434160263,22,10,1
349,1507.4308563723505,763,77,0
349,1778.8320692636173,619,66,0
349,1607.9385661167416,35,3,0
349,1849.5191383038507,116,5,0
349,1647.155600853545,1287,41,0
349,1713.0566640002774,384,98,0
349,1882.404652049632,353,66,0
349,1818.2065323295924,843,10,0
349,1902.9233126044483,620,47,0
350,746.0041027357144,1292,92,0
350,766.5906935227871,1226,72,0
350,788.5762974056587,1376,42,0
350,808.6202366044204,891,35,0
350,860.0198250484547,63,11,0
350,864.3624769819921,927,6,0
350,897.2928424734555,849,16,0
350,948.3570669183501,1385,87,0
350,911.20507738022,251,65,0
350,1010.9196012338234,1178,97,1
350,961.706313294889,1393,31,0
350,983.3122548383715,26,36,0
350,997.0792954916061,1120,4,0
350,1129.4916049693522,505,13,0
350,1043.3803612740119,1162,43,0
350,1132.852281603677,499,85,0
350,1199.838225461323,1045,16,0
350,1218.7567320647497,981,65,0
350,1263.0425534303154,522,11,0
350,1303.0649655998013,236,85,0
350,1274.5744466081533,1314,27,0
350,1348.980958139407,622,45,0
350,1199.9485659914476,907,100,0
350,1267.2082897745943,979,69,0
350,1348.9820947820413,546,59,0
350,1286.9413846158382,216,54,0
350,1349.7039878501955,78,74,0
350,1439.3742830091974,1125,11,0
350,1527.4783068629104,481,1,0
350,1350.3767056460802,1315,91,1
350,1598.5349187285487,1129,54,0
350,1590.3476566393292,1069,67,0
350,1658.3142070420874,882,90,0
350,1684.8012669796253,1207,62,0
350,1705.4722434323085,105,91,0
350,1649.4044525168688,14,42,0
350,1554.7884294152027,732,31,0
350,1553.5643592696915,817,89,0
350,1723.8482324424012,499,94,0
350,1596.9762633839987,131,56,0
351,821.7946314413346,986,94,0
351,852.9121847089251,149,54,0
351,892.8684758662017,79,58,0
351,927.0289723130572,1352,58,0
351,959.1650081581853,62,34,0
351,1002.0892921036814,1078,65,0
351,1024.9706579987674,1379,19,0
351,1029.4180967333739,120,96,0
351,1046.7979911516736,1039,17,0
351,1159.4156474313431,114,100,0
351,1078.1641755800076,352,47,0
351,1158.4100064753975,512,100,0
351,1139.7030332935678,1081,72,0
351,1188.79371412119,578,44,0
352,494.54513240578535,129,2,0
352,516.2061658514858,227,92,0
352,536.3078932063762,627,19,0
352,574.2463524113183,439,64,0
352,589.982759731109,420,15,1
352,617.6327072784545,14,11,0
352,618.8341969345593,392,84,0
352,674.9361160362994,841,8,0
352,640.9168937351834,1415,81,0
352,709.6492598854854,995,51,0
352,750.1866207745753,10,36,0
352,743.8968244598352,891,45,0
352,761.6179302578564,647,77,0
352,804.0143909088772,592,56,0
352,800.0362203664126,314,69,0
352,904.0281104580974,571,83,0
353,609.9935534182414,912,11,0
353,645.1032872444152,401,7,0
353,672.7599024190813,739,83,0
353,717.8699810457258,1003,97,0
353,734.632318692255,725,16,0
353,791.6128858439699,571,24,0
353,775.1612538629413,147,60,0
353,798.4341951833717,391,69,0
353,834.2902626526915,736,82,0
353,855.2625291840834,174,89,0
353,929.4587329641096,353,31,0
353,936.9833834106179,202,1,0
353,1031.2756448069,1332,97,0
353,952.2876091309888,661,23,0
353,996.1377084528267,408,80,0
353,1148.723569460176,850,66,1
354,766.8382686061162,661,61,0
354,781.3798722507076,179,55,0
354,790.5692445833758,648,26,0
354,801.7187450496768,329,4,0
354,825.420840816951,166,50,0
354,826.7262273635519,482,68,0
354,841.5146720283224,765,30,0
354,862.5794826438622,1381,50,0
354,856.6654044805279,436,81,0
354,865.775050523225,1073,11,0
354,919.0459717597337,1365,77,0
354,904.0409759697513,1423,9,0
354,936.6776326102809,1176,32,0
354,964.4314793928544,1136,48,0
354,963.1270775575224,440,44,0
354,995.5713814736288,905,19,0
354,986.7260147415824,1038,25,0
354,1009.746135308632,950,37,0
354,964.7018753624436,917,97,0
354,983.1615241187367,1069,26,0
354,1064.3132703102865,405,23,0
354,1035.385535724619,739,20,0
354,1008.2878791665636,1099,18,0
354,1064.9691830565325,1190,81,0
354,1029.4287330953186,1271,73,0
354,1073.6937482972346,579,57,0
354,1085.334405334839,1041,94,1
354,1136.169758551883,705,61,0
354,1119.984089470257,1064,1,0
354,1106.6048784700943,1161,87,0
354,1080.0875403761977,762,32,0
354,1177.6821340576796,1220,65,0
354,1201.5087000691408,991,54,0
354,1256.5471931325426,301,61,0
354,1264.2065016646948,381,92,0
354,1184.4840526455846,1076,5,0
354,1301.1602913678244,1137,47,0
355,448.6779164071667,270,10,0
355,470.95642565938897,1418,95,1
355,491.3480931330638,1009,73,0
355,508.875223325281,69,7,0
355,550.5102556430845,782,7,0
355,557.2940436364026,1204,90,0
355,568.1296286464523,1018,21,0
355,583.9178868590317,111,32,0
355,650.4495968285729,1437,29,1
355,698.4619126331947,972,78,0
355,681.8092528312477,1340,61,0
355,739.5202941105867,1119,88,1
355,768.5114889842241,1288,99,0
355,720.8613528157023,608,29,0
355,821.0992671489795,369,22,0
355,818.330403579903,964,66,0
355,797.0661962890478,1197,8,0
355,841.1192578606702,1006,37,0
355,821.593132355456,176,29,0
355,901.4813821980396,224,51,0
355,866.9408511832074,63,47,0
355,1007.8495929032667,1046,38,0
355,882.028003861559,674,57,0
355,948.2077587219678,448,66,0
355,1093.6663057847245,556,7,0
356,37.81211453959219,67,48,0
356,43.52572219097748,585,41,0
356,48.1101575306902,1026,39,0
356,54.8929093390403,1346,80,0
356,67.50810617377184,231,95,0
356,73.85110539505497,320,99,0
356,70.92164000819443,647,3,0
356,85.27400970405927,416,41,0
356,95.81387907024032,1122,25,0
357,156.11433626930972,1039,20,0
357,170.97098299539832,291,49,0
357,183.86919919926407,1223,25,0
357,207.71865595343718,486,68,0
357,212.63342367441538,160,12,0
357,251.88017141076358,841,27,0
357,241.09956328195761,59,98,0
357,283.20560807176633,551,41,0
357,292.1870180745482,693,48,0
357,292.34715578744,872,14,0
357,357.1853476305811,551,82,0
357,326.6517898364475,198,22,0
357,333.4787648900886,58,49,0
358,801.3664437892597,1340,96,0
358,839.6721662421472,1304,86,0
358,906.5530681541599,1112,99,0
358,933.3536300492904,426,92,0
358,966.1148439385288,212,59,0
358,1044.7873385407927,614,44,0
358,1032.5549411786537,1048,17,0
358,1178.9439785121667,1359,13,1
358,1123.6291622557012,607,15,0
358,1197.3143214213962,1305,65,0
358,1174.1637822212194,1308,57,0
358,1212.1539131408224,577,61,0
358,1445.312473046342,988,13,0
358,1313.2048955366904,148,53,0
358,1499.070375456098,815,84,0
358,1618.1040250652757,6,75,0
358,1609.5925355873633,208,69,0
358,1656.7034811832136,499,81,0
358,1723.467773542835,1296,71,1
358,1704.97321298826,1031,14,0
358,1789.911396789897,89,71,0
358,1874.4229941782114,1379,1,0
358,1921.269175279977,1201,61,0
358,1965.3562256963983,330,77,0
358,1844.083033040224,378,99,0
358,1984.5147597490068,284,51,0
358,1849.7926154226298,862,39,0
358,2024.4581451726149,47,33,0
358,2251.9865520838307,1076,95,0
359,195.38150874992476,546,38,0
359,201.51272902327685,1160,54,0
359,210.27620325331074,401,95,0
359,215.9514890924732,568,22,0
359,219.95083556595597,557,95,0
359,222.39963088594493,223,71,0
359,238.36989161961253,730,99,0
359,245.66955933083332,291,44,0
359,242.116498815194,483,48,0
359,258.101346176973,397,88,0
359,265.8486047000431,1106,62,0
359,265.3214216622255,40,30,1
359,274.28147350860377,84,73,0
359,265.66155003716267,1027,16,0
359,276.52557926043426,850,12,0
359,280.6050415884024,244,100,0
359,302.6854052947338,827,4,0
359,305.6663921617682,807,19,0
359,288.8121741086493,1108,44,0
359,291.80381781364264,1068,8,0
359,324.81285264168713,723,77,0
359,302.7888449599054,886,83,1
359,356.36726769226595,485,61,0
359,364.7376812219434,1413,57,0
359,356.1761674752622,65,30,0
360,558.232833706375,561,95,0
360,581.8962842934191,1325,38,0
360,591.0421876642324,987,5,0
360,624.5192774926356,1357,96,0
360,651.150067631238,1346,42,0
360,659.594681367774,1405,92,0
360,695.8160105502881,1150,36,0
360,672.6791147686757,870,13,0
360,701.8726055868135,466,70,0
360,725.1632075900432,1082,65,0
360,720.8389670575255,105,59,0
360,744.7288720162343,1402,80,0
360,829.1316333450052,1005,36,0
360,844.573275816615,417,63,0
360,884.9008388755612,961,51,0
360,817.887488567199,793,86,0
360,860.5111819554674,1081,20,0
360,856.6329963680796,991,94,0
360,911.4659880861957,979,71,0
360,893.022971148253,417,94,0
360,959.7716355568361,1278,92,0
360,954.2488942595232,282,3,0
360,964.0643949422574,1356,5,0
360,1087.45372471841,837,16,0
360,1055.7395325043888,585,55,0
360,1074.754811307373,1284,33,0
360,1161.2120680356443,945,65,0
360,1109.239822497345,607,2,1
360,1162.5989911154934,273,24,0
360,1056.2522823057107,95,26,0
360,1100.591301901509,1437,69,0
360,1105.0727734819575,568,16,0
360,1124.0402299318566,556,57,0
360,1263.3302432714045,337,41,0
360,1345.0558729088111,524,11,0
360,1161.082734970617,1306,54,0
360,1137.9083904208117,631,86,0
360,1306.5157212620325,746,37,0
360,1218.9722275933218,542,12,0
360,1361.3584493540247,569,76,1
360,1509.7529290903092,344,96,0
360,1447.3337949074394,1152,10,0
361,71.6161814225122,46,85,0
361,74.21682347297246,1324,34,0
361,76.08140729703582,999,24,0
361,77.9261978731503,826,71,0
361,79.36120790986318,773,4,0
361,84.68325571348274,1268,39,0
361,84.77176414836549,1109,99,0
361,86.81677987898439,463,50,0
361,86.9129661570553,1372,19,0
361,92.80236671548127,25,71,0
361,89.76807311762585,623,55,0
361,92.73160505332974,1340,97,0
361,94.96904467506258,1344,34,0
361,98.94484774283012,152,59,0
361,104.33576363364742,514,39,0
361,106.8110792147845,717,98,1
361,108.00644788493389,582,26,0
361,101.88740158483938,1031,38,0
361,105.4294386774629,715,94,0
361,111.5247379489573,517,64,0
361,116.72606760770194,614,27,0
361,115.77666924072982,1018,82,0
361,121.26898500309696,784,28,0
361,129.38601904820007,451,51,0
361,115.87977188513767,39,77,0
361,129.5684400383546,771,71,0
361,127.27191127872103,77,28,0
361,125.7541940509717,1158,97,0
361,136.47003406645027,738,9,0
361,145.5174309621784,55,66,0
361,149.46436901792907,166,51,0
361,132.84407504944667,270,23,0
361,130.50966628047078,422,93,0
361,147.34523517080748,1319,11,0
361,148.3559943773414,966,22,1
361,156.69171228851621,1283,13,0
361,165.66578855812747,410,14,0
362,776.0569208365592,1,93,0
362,970.232985881098,905,16,0
362,1164.8404768007179,750,33,0
362,1201.6830241837383,64,27,0
362,1336.5089986377516,1065,50,0
363,398.2591820687871,63,73,0
363,410.68951456235527,933,91,0
363,415.8308276520782,496,40,0
363,430.0171940596027,804,83,0
363,442.2702671475039,533,70,0
363,442.60531989135995,107,8,0
363,457.3151631219593,767,30,0
363,473.3962832247514,644,68,0
363,471.0970082799954,1031,44,0
363,502.4258580805418,1058,50,0
363,519.7725516369609,79,34,0
363,493.712337864726,554,62,0
363,548.4984917846875,1277,4,0
363,536.4698033619914,192,80,0
363,528.847127715039,203,98,0
363,524.7289499955305,1276,67,0
363,586.9811448564907,683,18,0
363,585.7719359623618,903,32,0
363,612.2266782599314,567,12,0
363,631.4275434426357,1212,10,0
363,589.949875884621,874,51,0
363,628.8089770737652,921,78,0
363,671.658205373021,17,52,0
363,598.0775421946399,308,16,0
363,618.325072108836,601,51,0
363,657.3006407998901,1204,95,0
363,701.0127969742348,703,54,0
363,637.8400079978882,389,95,0
363,718.2857408672626,22,99,0
363,641.9977663989702,722,56,0
363,683.9211866219575,1175,72,0
364,146.6144714135445,389,11,0
364,154.320531735681,940,6,0
364,159.47486262724485,90,94,0
364,165.784941806976,537,2,0
364,181.37091626285823,1307,1,0
364,179.70451362236625,730,93,0
364,196.29230939346778,1370,91,0
364,204.1859243822295,1103,66,0
364,216.54735065395545,1198,21,0
364,205.79571258000374,273,68,0
364,221.89452467545675,851,15,0
364,222.99387601234992,1078,45,0
364,233.8731979132462,825,90,0
364,233.1010085591896,32,63,0
364,238.18069645273863,1265,16,0
364,248.35876521114517,974,62,0
364,256.6501995696645,710,34,0
364,264.0189613699383,722,24,0
364,287.93551351444034,1222,24,0
364,273.5437877899369,1010,41,0
364,287.8480710480753,64,100,0
364,330.5751403603366,440,53,0
364,303.84067327572484,570,61,0
364,350.7744350847669,718,52,0
364,340.45730711167187,758,33,0
364,366.2017233498016,1087,98,0
365,395.6475241676093,661,95,0
365,411.3149101741061,401,16,0
365,420.72737820803854,974,100,0
365,431.34578616114027,1404,65,0
365,466.1358121312852,1123,44,0
365,466.8588172061218,150,14,0
365,489.13595948801793,340,62,0
365,496.2136721095233,455,19,0
365,500.583881726282,4,47,0
365,527.1278014293873,1071,9,0
365,523.1982936327128,787,45,0
365,589.792396543085,1357,6,0
365,562.3551440846104,1102,39,0
365,614.1070419198063,598,83,0
365,605.1218058896029,983,7,0
365,636.4562869008621,576,62,0
365,638.0733526812023,412,45,0
365,599.3681305718328,73,9,0
365,708.9927494548441,558,97,0
365,635.1188193893336,420,54,0
365,735.7903977103508,606,58,0
365,688.5546585031375,639,31,0
365,771.8605215717935,87,53,0
365,692.3732257275126,3,5,0
365,819.7405430803778,657,23,0
365,798.9653306591181,868,52,0
365,841.0432384495094,1326,16,0
365,755.8253529804638,399,93,0
365,887.3260911297562,27,1,0
365,758.3446477835505,70,51,0
365,807.1682276956183,54,32,0
365,894.6673366927564,920,20,0
365,801.3176862535192,216,41,0
365,864.3025133692136,1313,71,0
365,955.1032697586216,99,78,0
366,58.85022043036764,1282,24,0
366,61.93166827736235,1394,29,0
366,64.6594315586837,1433,40,0
366,67.0975694202843,320,30,0
366,69.30171801013003,1102,31,0
366,76.96445489825592,1374,55,0
366,77.81570798339163,34,66,0
366,82.41584596965627,1119,49,0
366,79.91883409717285,933,46,0
366,85.2748981715816,73,25,0
366,83.27039685001179,522,17,0
366,91.24467059928745,790,100,0
366,94.03282586891592,33,49,0
366,101.5098177632449,799,85,0
366,108.8988579144262,1172,48,0
366,103.85107022994472,1219,96,0
366,107.2362559951255,124,20,0
366,108.7467602685231,598,73,0
366,117.35989599537398,1144,67,0
366,112.43064904965101,983,61,0
366,117.7844472231264,1306,71,0
366,128.00730182581484,667,6,0
366,116.3601162040747,570,31,0
366,131.11543424856333,75,71,0
366,139.02904948066316,656,1,0
366,134.55886009935878,773,14,0
366,124.46222416561335,1281,3,0
366,152.84885279947375,1303,30,0
366,153.39801729141448,910,69,0
366,141.9544216183104,223,23,0
366,153.38742742529215,685,50,0
366,168.82125903787653,636,83,0
366,157.21476768202132,774,83,0
367,821.8286203276343,420,57,0
367,848.4598073301233,1370,25,1
367,873.3725194987054,830,35,0
367,904.1734599102417,1149,11,1
367,955.3609222076716,954,3,0
367,965.039941844575,1354,14,0
367,1031.1351753720646,604,51,0
367,1022.118512743182,446,12,0
367,1086.2085799579772,666,79,0
367,1059.001922801636,968,60,0
367,1144.751442440797,953,11,0
367,1201.4896668808415,665,54,0
367,1157.4338403760373,319,76,0
367,1183.3429999726316,269,61,0
367,1188.963777822066,579,22,0
367,1313.3993712255422,1113,4,0
367,1262.7925660358924,74,40,0
367,1373.887414637325,16,44,0
367,1414.970975870679,1165,44,0
367,1461.776945435828,156,97,0
367,1327.4684665247307,301,11,0
367,1553.4081402148274,957,65,0
367,1542.0221286151761,148,70,0
367,1569.858978972341,827,77,1
367,1620.8660564222107,507,67,0
367,1456.2586760246268,347,98,0
367,1567.0443049498122,1034,70,0
367,1497.2131368713253,1167,62,0
367,1779.224530227944,416,85,0
367,1675.5800893742196,1028,59,0
367,1548.8065789016075,884,24,0
367,1702.2355642538932,450,68,0
368,726.9662031188636,1027,63,0
368,745.0721019724513,1203,64,1
368,769.3852661996616,8,87,0
368,781.7835722846912,1341,96,0
368,788.4807871893515,115,95,0
368,823.7441460390502,405,19,0
368,851.299284638427,416,30,0
368,863.9727614730839,877,61,0
368,883.5644989353467,333,45,0
368,869.2626741806432,1026,42,0
368,878.9388411092457,703,71,0
368,953.7044828576801,763,62,0
368,957.3995372599786,1273,55,0
368,1000.8249628217477,406,92,0
368,993.7047242129545,1239,35,0
368,974.8514829167054,745,6,0
368,972.8712916284125,1256,21,0
368,985.1164418416051,1382,38,0
368,1033.615512898393,842,69,0
368,1066.2405064594584,894,55,0
368,1095.6956355617576,1079,15,0
368,1131.9216747915164,1406,53,0
368,1224.7720174712708,927,64,0
368,1237.4611132141367,576,31,0
368,1101.812805817097,138,98,0
368,1204.657415060438,1089,23,0
369,870.9098371220082,1050,52,0
369,886.9455041550324,1167,24,0
369,905.5465287340934,281,98,0
369,921.0531528526784,191,85,1
369,952.4761516725291,412,70,0
369,947.7643070319444,148,25,0
369,977.5425857575327,1344,59,0
369,1027.3803381462621,215,82,0
369,1005.7388551436878,630,54,0
369,1065.3190650182223,297,39,0
369,1066.0930539855187,1077,5,0
369,1073.0424477513122,1025,53,0
369,1094.7049548244636,558,21,0
369,1141.12294076319,376,53,0
369,1128.6144594702423,481,80,0
369,1200.1950752268351,1307,80,0
369,1216.4116915480192,773,54,0
369,1126.8526602306913,1401,65,0
369,1230.4213182656445,349,29,0
369,1197.8468581058794,249,10,0
369,1206.5851635703946,184,16,0
369,1201.1760225166536,905,20,0
369,1300.5539612598106,285,78,0
369,1314.4430909031264,1005,56,0
369,1274.3726876779667,65,45,0
369,1287.6529451897204,503,26,0
369,1383.1983090995382,1281,46,0
370,59.312529021043005,652,88,0
370,67.86171424739175,1394,96,0
370,77.65098203144873,259,52,0
370,84.17491392248351,370,44,0
370,88.31517204251148,1229,21,0
370,94.9978061234015,111,59,0
370,108.09707104390591,219,74,0
370,108.15379321561346,4,89,0
370,109.7610651307644,1344,60,0
370,116.90999361124165,54,13,0
370,138.76479647511132,138,67,0
370,133.04794625849013,1204,33,0
371,741.9839657324269,678,60,0
371,972.2139054645859,1062,90,0
371,1139.1412319450915,1424,44,0
371,1407.5736756362185,454,63,0
371,1429.6158555004804,1254,48,0
371,1766.328428385058,1200,58,0
372,979.0158937544013,958,92,0
372,1004.3039984951704,543,54,0
372,1034.989394199771,1136,59,0
372,1059.0297486864213,1378,85,0
372,1092.629773978572,882,86,0
372,1107.8073601981296,858,97,0
372,1140.7290554251974,666,90,0
372,1159.2264211622573,548,53,0
372,1160.9593387187072,958,59,0
372,1245.4181865507528,649,61,0
372,1231.2217957278763,440,51,0
372,1207.4855764533916,1076,54,0
372,1302.7014298219328,850,39,0
372,1304.184759268478,1115,83,0
372,1372.4693077073593,648,39,0
372,1361.4639099043768,34,49,0
372,1420.6129531221522,73,96,0
372,1482.2891129173236,480,74,0
372,1489.7104659870365,1108,47,1
372,1542.1397289930637,738,60,0
373,680.0525921226808,1201,76,0
373,690.9451044923903,802,68,0
373,701.1121136014426,73,16,0
373,715.2879727482433,273,96,0
373,731.7441053078494,581,58,0
373,751.7603702924571,43,73,0
373,771.2570134735765,324,71,0
373,767.8497003099498,729,46,0
373,776.9290972037479,84,12,0
373,795.1839074208849,643,54,0
373,832.0122312476262,1161,42,0
373,808.1400378065688,214,35,0
373,835.3588363545737,104,47,0
373,848.1746890902659,1234,48,0
373,856.869449622144,1021,63,1
373,858.4612364640531,1189,66,0
373,913.7194559439029,1365,96,0
373,874.4513018925779,567,90,0
373,919.8284573209273,1162,56,0
373,927.096195090014,1224,17,0
373,900.396262763591,918,49,0
373,928.8512683887527,60,34,0
373,980.7139726513001,1223,6,0
373,961.3871954313131,730,78,0
373,932.0830799513963,974,58,0
373,1047.930100034631,198,53,0
373,978.9335816798267,854,31,0
373,1049.2308431877184,1419,79,0
373,1016.0814772506754,1123,32,0
373,1008.0712187984705,187,35,0
373,1080.590878923713,1066,55,0
373,1137.9914328037719,638,9,0
373,1098.1275184306323,535,55,0
373,1168.1278809871317,992,29,0
373,1036.9018744251898,406,89,0
373,1183.8404469539767,411,11,0
373,1111.2512076236396,34,47,0
373,1224.7937376840441,791,37,0
373,1125.7263806332448,302,30,1
373,1118.7333979611756,925,31,0
373,1182.8965277420941,308,19,0
373,1293.780450914689,1305,79,0
373,1204.8981914626277,1300,100,0
373,1326.8960973993217,929,89,0
373,1152.280096070456,1130,81,0
373,1231.2686973846075,1185,29,0
373,1226.1512266030222,1170,92,0
373,1192.0485322028176,24,68,0
374,228.9718341628201,825,2,0
374,240.55484669885334,619,79,0
374,251.58799902542236,267,72,0
374,260.02306709763593,236,95,0
374,266.59515415153743,1234,36,0
374,286.35913283862976,1123,99,0
374,288.86484936949586,690,29,0
374,293.9692795060899,742,6,0
374,325.5340967808261,1095,46,0
374,319.2143377667503,201,23,0
374,332.21027468070474,1102,27,0
374,357.95050139472505,541,18,0
374,351.94838111723925,1116,22,0
374,357.426235107519,1147,16,0
374,372.1160747859326,487,45,0
374,401.2385629151182,1108,33,0
374,396.3055063355776,1080,88,0
374,441.43268697474514,1103,94,0
374,397.16729220410457,119,26,1
374,433.3006756190848,329,29,0
374,448.2352305170427,577,80,0
374,485.15742164740186,1239,16,0
374,427.0841286839267,905,53,0
375,794.1681523304333,1165,96,0
375,888.1939228350813,394,43,0
375,1015.8705549869719,134,62,0
375,1101.6710419962487,481,45,0
375,1141.2041696512656,360,80,0
375,1311.6030696158764,320,20,0
375,1397.6207983590177,360,86,0
375,1578.8079644048803,405,46,0
375,1715.971672224321,982,98,0
375,1810.4149715211945,211,70,0
375,1638.9162313682523,964,92,0
375,1910.6320027653028,130,18,0
375,2117.8211439953047,147,72,0
375,2045.247705073446,926,51,0
375,2180.6425250613333,42,77,1
376,265.1298672060236,1187,72,0
376,278.5197038067266,23,96,0
376,290.85429845157734,1272,81,0
376,312.0570845680172,595,3,0
376,312.48670976502683,1358,85,0
376,340.50121914128863,393,61,0
376,360.2209038640163,916,30,0
376,353.3356267856657,1390,99,0
376,384.59138327285376,1056,77,1
376,378.97770703181436,88,26,0
376,374.6000774188294,1317,26,0
376,410.81828027204233,794,95,0
376,436.9732058761281,1244,18,0
376,418.2816314580641,1030,13,0
376,450.8872481583256,1054,21,0
376,496.71695023456596,518,7,0
376,479.7794976231451,253,6,0
376,471.10774296528183,694,49,0
376,495.2783582468784,135,73,0
376,571.8076690279704,761,36,1
376,501.27445791007017,484,56,0
376,548.289577093217,440,23,0
376,557.4133471618352,564,18,1
376,616.1003159420211,960,70,0
376,564.9120004769974,1138,6,0
376,625.5875316335055,1063,89,0
376,566.8368920575783,1347,75,0
376,697.2572293380852,316,92,0
376,696.9024785555023,232,33,0
376,652.422898183584,801,14,0
376,730.7034151965368,1311,5,0
376,632.277227714826,349,64,0
376,700.4070146379568,252,3,0
376,666.8963175715545,1439,53,0
376,648.2948319404741,1244,28,0
376,704.3528906387548,516,56,0
376,745.3056729473512,754,59,0
377,285.6002032593817,125,74,0
377,295.3407700065101,229,46,0
377,305.846103025542,358,91,0
377,325.365224419263,964,5,0
377,334.9527674192565,677,12,0
377,335.2167724119419,548,53,0
377,354.5368829965843,911,91,0
377,361.72227591299634,835,59,0
377,392.445703865776,296,38,0
377,382.31407962852467,426,12,0
377,418.03080281028906,454,6,0
377,436.13930896696314,559,21,0
377,438.7549661803065,580,57,0
377,466.8680928246091,727,27,0
377,458.9084531303644,745,44,0
377,452.83900487705773,869,24,0
377,484.50204313280676,943,53,0
377,493.3798817071986,1041,57,0
377,489.2663537053048,156,69,0
377,475.6136293401522,312,65,0
377,547.6258689520866,823,78,0
377,568.4267408507358,897,84,0
377,523.5617855141429,964,82,0
377,546.3063458376671,595,21,0
377,515.9893309522184,896,62,0
377,590.5862084431408,1101,64,0
377,540.5771751925979,1147,66,0
377,604.0137577305097,349,28,0
377,583.6623035274017,115,12,0
377,636.801306293116,810,83,0
377,584.2956605381934,861,75,0
377,606.5765422025975,1313,82,0
377,620.4669899829669,415,19,0
377,715.5177114733024,421,51,0
377,672.9420352212192,77,67,0
377,640.3256181116469,269,98,1
378,153.59834434899082,819,78,0
378,156.47611006689507,1096,87,0
378,158.46848995212923,851,32,0
378,163.4910116490879,510,91,0
378,165.8167031469288,429,62,0
378,166.20323426165828,214,96,0
378,170.58954818528537,1385,53,0
378,173.61816778468832,1244,39,0
378,177.43672456573358,307,27,0
378,176.9924915374931,384,51,0
378,186.60289764437,1001,14,0
378,183.281524641952,847,45,0
378,192.84715220640277,1172,97,0
378,188.76440270414201,951,94,0
378,191.54902738268507,715,1,0
378,196.2591057531472,1193,18,0
378,195.47928668998014,1027,42,0
378,208.18995424649222,1102,17,0
378,205.1204456661393,1095,96,0
378,204.18056576167007,1082,60,0
378,206.09326297143838,641,58,0
378,208.4198095584277,822,16,0
378,222.6792894404961,287,33,0
378,226.12574515437137,1043,14,0
378,225.61586592503272,219,43,0
378,231.1827712627275,383,36,0
378,229.74110521614222,77,87,0
378,227.54640060562872,1032,84,0
378,234.063691293075,373,13,0
379,810.78332720296,1254,55,0
379,924.950906750997,435,81,0
379,1020.7369281022523,1276,77,0
379,1198.7108680638241,146,99,0
379,1401.57057728988,1222,91,0
379,1429.2990037790496,1150,15,0
379,1636.16818207972,920,69,0
380,500.2071069630124,1321,3,0
380,542.7518027809498,345,65,0
380,567.2007432219204,1303,76,0
380,602.1069842877372,863,84,0
380,680.6183880892711,903,52,0
380,739.1263071761557,454,92,1
380,717.3236874917135,700,11,0
380,773.764991868329,1069,13,0
380,835.9463124578417,786,82,0
380,793.8160468215717,1381,52,0
380,918.6029436145623,1091,59,0
380,907.3097991122756,119,52,0
380,906.6137985868336,715,73,0
380,1010.241288598327,117,61,0
380,1052.1495811585664,169,94,0
380,1023.1640921873545,1247,87,0
380,1123.6035232094732,719,49,0
380,1070.493161642534,1271,100,0
380,1081.8324573982509,521,46,0
380,1354.8763918559903,132,1,0
380,1355.7194265696962,391,30,0
380,1183.9125155241768,27,45,0
380,1288.578016073818,1393,100,0
380,1244.7690814756274,936,10,0
380,1520.484410077992,1112,40,0
381,348.47409083609347,385,47,0
381,381.2824211969415,1171,91,0
381,416.65509967003413,975,22,0
381,451.2540971711357,1225,60,0
381,503.6308393179836,298,3,0
381,504.095765389385,891,11,0
381,570.7281696844834,1174,34,0
381,606.6281492778503,1168,2,0
381,569.7775796294677,733,8,0
381,699.0128273108776,682,3,0
381,618.6966213903368,1204,88,0
381,642.8936109305635,758,75,0
381,743.6884500625063,442,19,0
382,409.2529270100342,157,25,0
382,424.6227047118899,1437,42,0
382,444.8951469048915,405,53,0
382,462.754418867957,1306,42,0
382,485.15324275162766,174,28,0
382,494.4890951474401,861,79,1
382,526.1540585357307,1316,81,0
382,526.9240645154272,738,84,0
382,520.7074710061048,1436,27,0
382,547.3831265346237,478,63,0
382,575.9095030673501,552,34,0
382,609.028551514201,1281,81,0
382,587.214445491014,256,17,0
382,646.3249321768687,1080,49,0
382,607.2079360081934,332,46,0
382,679.2431815793708,46,26,0
382,729.278407262803,284,61,0
382,697.1456263836308,726,76,0
382,742.3796951868537,1381,70,0
382,742.1978006294888,634,36,0
382,739.8832974544144,663,90,0
382,738.050647499138,287,71,0
382,835.5651417951719,753,53,1
382,744.5541824621464,152,95,0
382,804.5994971272974,1286,47,0
382,809.8829000747185,635,55,0
382,902.4524201980405,516,70,0
382,934.3022786145922,109,28,0
382,945.725326380808,893,80,0
382,967.5559567404555,405,83,1
382,927.3993059322232,531,71,0
382,879.6016693581183,534,98,0
382,932.5907300918902,191,42,0
382,1020.6527390366529,666,67,0
382,983.5789940161459,922,7,0
382,950.2000497977306,463,48,0
382,919.5545933893962,936,70,0
382,1146.9054399899942,1055,68,0
382,1102.253343346587,119,29,0
382,1171.063936011015,827,8,0
382,1168.7664288910937,768,47,1
382,1080.1286934394439,1009,42,0
382,1060.8379615538825,504,61,0
382,1137.3387001868177,374,68,0
382,1116.3348391563643,338,86,0
383,667.0651727655384,699,40,0
383,681.5460589758143,201,2,0
383,705.0215974949533,1185,78,0
383,719.1728197772183,177,93,0
383,741.261670430793,884,54,0
383,756.9846840252636,689,87,0
383,760.7828289097178,393,18,0
383,795.3818198515531,484,46,0
383,825.348239072655,1279,44,0
383,814.7356071698291,749,78,0
383,840.0276283267322,245,17,0
383,823.6160402622008,814,40,0
383,863.5741010154195,394,99,0
383,906.1622501016022,1098,34,0
383,944.4790348085795,224,58,0
383,913.4769614666768,663,74,0
383,970.1170323742649,50,39,0
383,954.1446402924494,540,39,0
383,942.7699700675638,210,48,0
383,1028.9309218079857,856,37,0
383,983.1658890944482,795,72,0
383,1080.2129847784145,1411,35,0
383,1017.2981060904424,714,57,0
383,1144.225681451699,14,22,0
383,1147.4878584347528,777,7,0
383,1085.111589263248,814,2,0
383,1113.4516459222705,1369,32,0
383,1113.3534964436494,1328,55,0
383,1177.4482023694645,639,16,0
383,1216.266977058946,347,28,0
383,1172.333258670201,480,69,0
383,1232.9146059977488,712,30,0
383,1172.6468729926648,653,8,0
383,1178.15202879437,43,52,0
383,1266.654907022622,435,49,0
383,1350.2700112441976,872,68,0
384,408.18601885443945,526,72,0
384,426.28028831157076,432,72,0
384,439.5514117896564,1057,88,0
384,455.88466254541987,558,34,0
384,483.2842354460223,759,65,1
384,476.8779963726625,984,31,0
384,501.66762137048704,1240,85,0
384,503.61717488829606,1160,6,0
384,516.4873705106418,1088,55,0
384,578.6247387403481,552,42,0
384,561.8736799488945,1145,77,0
384,568.6760050325812,1422,84,0
384,634.4224063954925,843,4,0
384,632.4919499381022,886,30,0
384,607.6272501165574,1268,49,0
384,665.9340732338906,831,38,0
384,649.220775095642,383,11,0
384,641.8536913910339,1319,13,0
384,640.3698779067006,998,23,0
384,747.8118804364491,389,75,0
384,784.8747504208743,201,26,1
384,749.4566859853185,171,37,0
384,756.3580602484267,940,5,0
384,751.9791268657519,75,85,0
384,784.4773284182777,1128,68,0
384,758.700566852796,639,79,0
384,787.0326484442353,553,100,0
384,906.1521082659915,23,81,0
384,843.0265440006978,137,3,0
384,890.2531846703371,758,37,0
385,441.553564366039,1183,26,0
385,449.0118960868728,183,49,0
385,457.39832774797566,197,55,0
385,463.63254657801826,350,31,0
385,467.4860897422708,87,30,0
385,482.95317779776417,110,7,1
385,496.802817728164,236,37,0
385,498.8530221936993,727,11,0
385,509.3874306542587,980,47,0
385,522.0107396321074,202,74,0
385,534.2602475756556,221,78,0
385,540.3864832562792,188,97,0
385,535.9178896087059,535,2,0
385,558.0469173346372,142,53,0
385,558.912166438311,491,99,0
385,538.9878033532668,207,11,0
385,578.9728096179147,949,20,0
385,572.5957109719142,273,59,1
385,572.6569287512577,565,14,0
385,615.311838904264,916,91,0
385,604.1216442501546,601,36,0
385,604.5816559193264,76,57,0
385,608.3519088308001,237,42,0
385,592.2652103190701,207,52,0
385,643.8623629067048,1179,71,0
385,607.2291121395072,553,50,0
385,650.1229956398603,1366,51,0
385,694.0899897308773,893,10,0
385,633.1459839920593,768,98,0
385,672.2954181946005,937,24,0
385,647.5438545666534,650,75,0
385,657.5703404906145,58,67,0
385,724.829256017195,168,39,0
385,680.2034509818666,537,64,0
385,732.9960462241504,271,8,0
385,699.7588476791447,373,37,0
385,747.952021304591,914,89,0
386,301.50388068326555,1369,20,0
386,322.1028757249956,1006,30,0
386,333.1197157777943,1034,3,0
386,365.59809186748197,614,67,0
386,377.9580098597089,349,35,0
386,393.3381795164262,325,68,0
386,416.8390208112542,359,12,0
386,415.49658354063945,333,3,0
386,432.3678732213672,308,36,0
386,507.3120066181849,183,14,0
386,505.8436154590062,732,40,0
386,481.868379123098,338,27,0
386,491.71206673693723,264,97,1
386,509.65540485663973,116,97,0
386,596.5068244865023,976,71,0
386,647.1396822354536,843,9,0
386,648.1523874338874,1417,92,0
386,700.7708057428808,1383,17,0
386,718.8463309215626,68,48,0
386,663.2011571862408,408,55,0
386,675.5606267172122,1325,65,0
386,763.8868386933065,299,39,0
386,675.2212029349046,999,32,0
386,787.4662789118863,681,97,0
386,822.8937944978882,102,37,0
386,776.785637875256,285,43,0
387,407.51309124381277,618,100,0
387,416.71210244727234,900,25,0
387,427.4025596876764,299,93,0
387,438.79037550294015,1072,63,0
387,443.04301401432554,32,18,0
387,457.43126806060775,337,97,0
387,460.1337935073643,1037,84,0
387,466.11616071783664,1000,81,0
387,473.446224204144,296,66,0
387,502.97886000654347,123,54,0
387,517.4931032828138,890,70,0
387,530.282534593437,564,11,0
387,527.5700014297275,1263,1,0
387,541.4595628399172,28,52,0
387,550.6116311093198,80,25,0
387,561.7084942327131,948,95,0
387,592.3210999214278,970,58,0
387,553.1228974065041,1009,60,0
387,602.3169269821576,1274,47,0
387,572.4004136911129,990,33,0
387,640.5089504012021,1366,38,0
387,582.4315282789065,1426,77,0
387,627.2684081169962,623,60,1
387,590.9334479307547,1083,97,0
387,660.73703205219,1431,41,0
387,686.1913699948324,1149,92,0
387,665.9044199595671,855,70,0
387,621.0028556217255,863,79,0
387,686.8761148639028,105,48,0
387,716.6432493570808,527,69,0
387,716.2601056779042,334,94,0
387,650.9290126307609,1150,93,0
387,775.5611630722917,375,68,0
387,717.4590831550173,324,27,0
387,714.8985782219675,1295,77,0
387,684.7480480631262,192,39,0
387,703.4595804488965,1099,48,0
387,788.6851874514373,761,65,0
387,720.6340598811804,264,23,0
387,750.8748534075253,204,8,0
387,753.0357282675457,873,33,0
387,810.799739874944,1269,19,0
387,759.2696802712941,751,34,0
387,792.2852589924403,1187,69,0
387,828.9538684669565,552,93,0
388,733.1460386637328,654,33,0
388,771.1280783280602,693,31,0
388,791.155685636259,993,100,0
388,858.0342453099471,369,35,0
388,894.034222302048,586,49,1
388,937.1209359154402,805,84,0
388,919.3230392589596,1213,90,1
388,994.706022090495,874,29,0
388,1014.6483525577893,762,90,0
388,995.6792022142889,231,24,0
388,1118.1933860983822,931,99,0
388,1051.9020318721384,1219,33,0
388,1094.4009126347503,1398,94,0
388,1113.5818590878116,722,28,0
388,1272.2825501521768,1261,31,0
388,1332.7437022573013,996,54,0
388,1192.6756055606675,802,57,0
388,1419.0361365951835,527,52,0
388,1455.477843691583,406,27,0
388,1292.5572109064085,509,11,0
388,1571.954942842262,6,59,1
388,1597.0892069447737,178,59,0
388,1610.6128823059385,157,21,0
388,1646.208657886141,973,80,0
388,1750.739264789078,626,83,0
388,1750.1109195659335,256,43,0
388,1500.5599168770889,1410,2,0
388,1830.118520006863,212,88,0
388,1681.7164482092437,1017,87,0
388,1824.8302408332852,102,57,0
388,1817.4839054330769,801,6,0
388,1678.5433904630545,745,1,0
388,1838.6079255218888,647,61,0
388,1974.9109530475257,1022,59,0
388,1700.4088697405505,944,79,0
388,2187.795575184038,813,82,0
388,1937.0735052252912,243,61,0
388,1807.9742678903517,295,90,1
388,2305.4694139942308,297,33,0
389,671.6379434212071,112,30,0
389,682.9522702341361,1278,28,0
389,701.8680313520747,946,11,0
389,711.3381739228021,291,67,0
389,714.6752258775898,1102,99,0
389,751.6471259237328,521,19,0
389,765.7560982520229,751,3,0
389,754.2462804003197,41,40,0
389,788.9741649703774,626,11,0
389,799.9554680637623,90,77,0
389,798.4707345763373,1340,70,0
389,805.8683098477698,798,57,0
389,842.9477447232927,204,37,0
389,853.910905188397,223,64,0
389,831.3944183035205,906,14,0
389,908.0377304913276,121,77,0
389,921.7902330412688,293,58,0
389,882.4257348238843,1059,37,0
389,900.7879343838362,1112,68,0
389,967.826715033169,14,47,0
389,905.5188786302499,1437,49,0
389,928.7996139068948,148,10,0
389,906.9644416593446,833,34,0
389,1034.6221835699907,597,61,0
389,949.204677780433,1209,91,0
389,1025.6586895326625,383,78,0
389,972.7178912430838,377,88,0
389,977.0148371963464,32,49,0
389,1077.8459512586078,1073,88,0
389,1027.0009704176734,72,13,1
389,1075.237250787937,608,14,0
389,1060.2333553361327,888,13,0
389,1147.7180384436751,315,6,0
389,1079.2097224219954,863,95,0
389,1097.0131421730598,107,18,0
389,1113.84390644016,61,3,0
389,1082.7406304593003,384,99,0
389,1235.9822728927772,1434,82,1
389,1188.0226895077753,132,93,0
389,1105.1640663973571,613,50,0
389,1255.524014911336,1221,6,0
389,1324.767424762535,672,19,0
389,1337.7345419047956,397,65,0
389,1276.6790435716348,1133,49,0
389,1206.3566608922615,806,37,0
389,1308.4190264487513,1335,69,0
389,1304.1046547201154,969,57,0
389,1310.140724761441,197,32,0
389,1249.31032186713,1328,43,0
390,506.4338441389305,97,26,0
390,531.0383565147537,247,31,0
390,551.9821685012613,376,55,0
390,577.3135633106646,929,73,0
390,607.7838226946468,274,32,0
390,650.4031491762601,1013,39,0
390,663.1746440029012,141,89,0
390,659.6042354369985,1338,14,0
390,729.0405957067667,22,4,0
390,757.7062557650362,402,7,0
390,755.1109365950313,321,49,0
390,754.037246100184,706,31,0
390,854.1991508962597,845,23,0
390,836.2492662154691,1080,89,0
390,891.867229733519,32,81,1
390,860.415920338615,529,97,0
390,871.0254872757137,358,32,0
390,849.3832464627262,1420,68,0
390,1026.060176950696,188,70,0
390,1039.963777193941,112,14,0
390,1050.5007671980918,883,49,0
390,983.4236425413055,1067,71,0
390,1030.2066603452258,757,54,0
390,1094.0860995912792,253,13,0
390,1157.2056832003066,1403,29,0
390,1026.9507860214612,791,96,0
390,1251.4692338640532,711,83,0
390,1164.5592150538773,1002,8,0
390,1194.8580534995851,847,13,0
390,1308.7164014623745,544,100,0
390,1166.0523333622918,1002,15,0
390,1199.1865470042276,46,6,0
390,1183.4276464577038,653,57,1
390,1245.9343578709215,311,57,0
391,584.736191503298,1081,6,0
391,689.0772765300817,893,40,0
391,809.0249948292748,1295,89,0
391,925.9491134153653,775,17,0
391,1076.9008170536656,152,39,0
391,1072.436875717384,1298,26,0
392,131.25418563280118,362,40,0
392,149.86275094395018,785,25,0
392,166.30200046957987,1167,69,0
392,187.60384399247255,934,47,0
392,200.81689207232398,1325,5,0
392,250.8635942493135,780,98,0
392,234.41578378788077,210,13,0
392,270.6340842774672,984,90,0
392,318.19852149968114,778,42,0
393,552.0141290652584,1120,88,0
393,559.850629985321,861,16,0
393,567.3573060377108,52,97,0
393,577.9906254650967,1005,56,0
393,579.6638631545419,608,34,0
393,592.4727206129,179,77,0
393,591.1021804755607,878,60,0
393,607.3575082320328,945,7,1
393,610.4846411394201,761,40,0
393,616.2524438778174,1250,69,0
393,618.4589296305894,1009,87,0
393,622.77185098488,256,99,1
393,637.4676541159969,632,96,0
393,653.7110461619303,963,87,0
393,657.7997242215703,54,24,0
393,653.0959683499967,997,55,0
393,690.7471266422489,727,80,0
393,670.7585932060148,623,53,0
393,676.228348275908,1427,81,0
393,709.8502020344439,818,4,0
393,700.1294626580122,1397,12,1
393,712.7530753705153,1060,54,0
393,691.9744373395872,1124,45,0
393,689.8965144161302,270,12,0
393,734.8068462327649,323,50,0
393,741.9473981826659,873,63,0
393,716.6497624805893,389,43,0
393,749.6114488088407,259,76,0
393,716.8266324519857,298,58,1
393,730.0694438385422,595,3,0
393,745.6498638601329,413,12,0
393,790.5259080626076,444,30,0
393,781.2548696977021,47,28,0
393,813.356488418337,1116,66,0
393,772.6141242426261,105,52,1
393,834.3361113140354,439,98,0
393,857.0171464178659,910,52,0
393,804.3606568349372,360,91,0
393,864.8375833286324,842,20,1
393,821.6198325435946,29,72,0
393,858.7780164137008,1137,92,0
393,868.0837778886879,168,81,0
393,858.8126003368649,867,75,0
393,895.6013225917211,355,41,0
394,324.3263794455616,208,81,0
394,332.35392347333635,838,26,0
394,337.804727568254,94,32,0
394,349.2016426669958,747,72,1
394,358.1405056712547,930,78,0
394,367.0676155961559,180,74,0
394,362.7422703585231,161,100,0
394,384.5058051515694,1003,6,0
394,389.19397581084706,1191,6,0
394,379.8604113227932,673,63,0
394,410.6995842259067,692,30,0
394,390.28384414862774,612,57,0
394,422.5900693176892,159,10,0
394,426.1290280301311,382,16,0
394,444.7469940188498,1246,88,0
394,432.57382508725846,843,75,0
394,433.6443071281036,1430,70,0
394,467.530981490954,1155,9,0
394,458.66965168471114,129,83,0
394,488.39562391491233,318,51,0
394,480.8104158904071,991,90,0
394,497.6388035825022,240,26,0
394,469.9330761715371,551,79,0
394,490.38680504226477,631,9,0
394,476.60100889874946,1424,11,0
394,532.0266136117524,672,73,0
394,489.16521763237483,190,77,0
394,536.5550890677216,475,6,0
394,511.02269122360076,71,66,0
394,523.1231245019118,892,26,0
394,586.2531152851961,890,70,0
394,562.907466154037,1251,79,0
394,532.9344203941841,680,36,0
394,519.2175619005318,207,92,0
394,551.7717137167808,969,6,0
394,533.5602655327704,1296,3,0
394,549.3614546666657,295,33,0
394,632.1419330831354,269,20,0
394,586.704836909292,378,18,0
394,586.4263734941879,772,25,0
394,659.9270745728089,45,27,0
394,679.73078265287,903,76,0
394,599.1962158231592,1252,98,0
394,640.9929561614875,105,71,0
394,624.8493660121424,1399,26,0
394,702.712630301469,725,83,1
394,616.7781159692919,1326,83,0
394,675.2260114201977,483,94,1
394,673.3213518822726,176,49,0
394,681.7302604725057,237,75,0
395,234.24411566527047,448,75,0
395,244.4037253363781,1385,52,0
395,253.02710369547407,33,78,0
395,266.54564120086434,486,97,0
395,267.1914514293607,891,5,0
395,286.89297608343094,446,62,0
395,301.3654508256224,1065,22,0
395,310.6278033417806,907,29,1
395,310.25060835773183,757,51,0
395,319.62493223888526,770,64,0
395,321.0917675964671,339,20,0
395,347.1611595123149,185,33,0
395,340.51193456866287,1142,39,0
396,746.8564119250444,527,79,0
396,757.3726308959143,611,8,0
396,776.5246179510417,326,79,0
396,790.9147803472954,213,80,0
396,803.3954305933863,1157,12,0
396,812.7878866812821,713,45,0
396,834.2420002283473,488,27,0
396,848.826999145463,182,70,0
396,833.8116557061321,884,5,0
396,843.1135214692621,1439,13,0
396,879.7217764358942,1388,72,0
396,865.9861648177912,1428,18,0
396,892.6146843313982,975,80,0
396,921.4795074168937,1283,69,0
396,925.3301854228177,77,40,0
396,948.9441054399903,1063,76,0
396,905.5459589994923,637,9,0
396,938.6459362379073,817,5,0
396,1013.5576547233932,558,68,0
396,1017.04365937745,458,61,0
396,1008.3616340969131,854,22,0
396,975.9504803288349,763,89,0
396,1024.4692227215885,1200,52,0
396,1008.1302827160339,730,16,0
396,1088.2879892640774,1282,85,0
396,1103.520463984174,1005,78,0
396,1127.9815046516046,842,56,0
396,1097.3989321167865,673,24,0
396,1137.224747859319,63,9,0
396,1122.4576542267125,1267,19,0
396,1155.3629650439614,1141,43,0
396,1186.628103309805,1354,7,0
396,1076.3239398980054,570,37,0
396,1124.6815247437744,94,82,1
396,1175.5073059235942,175,45,0
396,1186.711230253479,1235,71,0
396,1274.387877707414,52,7,0
396,1232.1810390760736,299,66,0
396,1227.0159484116493,688,90,0
396,1319.8396321177443,1306,81,0
396,1153.3192770271398,1283,13,0
396,1252.2158555821097,664,56,0
396,1163.843978003801,78,80,0
396,1198.281271559737,710,95,0
396,1242.0569633728571,718,94,0
396,1286.8533891114898,392,29,0
397,636.5449588921404,1075,80,0
397,655.0499437869915,1009,20,0
397,673.1085188668942,234,89,0
397,674.0982754691856,679,97,0
397,710.3193037934963,193,56,0
397,713.1074280835978,1294,23,0
397,723.0025489777539,449,77,0
397,766.3736109107299,453,87,0
397,779.354355174222,84,17,0
397,775.3088953310943,343,44,0
397,762.7397548241217,57,89,0
397,796.1764710017428,1085,55,0
397,799.1198377727209,1153,58,0
397,847.6036955234632,1388,75,0
397,873.240206992773,971,86,0
397,907.242319464338,90,45,0
397,908.7836199789947,135,94,0
397,903.296933262347,929,26,0
397,880.0929226356706,709,42,0
397,938.3833188117262,194,63,0
397,934.6100581424034,1348,66,0
397,1023.590262903559,1135,67,0
397,942.5981707259687,179,32,0
397,1061.4854775003694,405,57,0
397,975.7283573152047,255,7,0
397,1077.258635102655,129,46,0
397,1046.869464028326,566,93,0
397,1023.3904561656236,932,89,0
397,1011.4815484287882,1055,79,0
397,1158.8786102196837,1192,49,0
397,1147.789464318606,569,46,0
397,1126.2232685144581,331,79,0
397,1083.329007460391,735,36,0
397,1168.4813967462164,1040,91,0
397,1245.6124157810273,505,67,0
397,1270.0222684576431,446,63,0
397,1248.4791481742284,398,70,0
397,1246.7532606499394,100,69,0
397,1203.5706197581649,195,97,0
397,1121.523666682264,721,11,0
398,321.45253077862554,1035,43,0
398,361.9356778151765,1033,53,0
398,389.6462662966665,1361,73,0
398,413.7593409535524,1112,99,0
398,491.7342849662589,1111,6,0
398,529.0959153936969,997,69,0
398,571.9209070286706,918,37,0
398,559.1185846538446,42,43,0
398,592.9570778115219,777,74,0
398,664.5520196816533,768,57,0
398,696.1068748336377,112,91,0
398,675.7757464985309,299,77,0
398,694.9104584039491,186,52,0
398,879.4386022520462,451,40,0
398,766.7645572651146,514,25,0
399,890.3355021308238,961,96,0
399,914.6728174369142,1429,71,0
399,954.009178207315,1015,100,0
399,979.5546920016006,1374,35,0
399,1029.2411007755122,1255,15,0
399,1040.912455151372,338,40,0
399,1093.2714328998507,925,92,0
399,1061.2534488470249,592,99,0
399,1106.598686000984,407,57,0
399,1158.7935188395054,1008,65,0
399,1232.4026343225037,1194,89,0
399,1250.0099357819458,546,85,0
399,1182.3703892995666,995,22,0
399,1215.452762740189,1098,77,0
399,1351.0235006443247,562,79,0
399,1266.873537228809,140,2,0
399,1361.6400395430774,77,7,0
399,1478.9386652364065,370,50,0
399,1387.1649109638652,499,99,0
399,1529.5905806309247,805,66,0
399,1509.9750309242813,1393,11,0
399,1558.587031935186,1118,81,0
399,1410.3809073417679,759,76,0
399,1516.1397305735459,659,70,0
399,1685.2784600969285,1127,63,0
399,1481.254119861861,4,58,0
399,1706.116048983591,1204,84,0
399,1617.3280095224209,648,23,0
399,1727.8307926195193,1266,21,0
399,1664.2725929406315,644,83,0
399,1653.0265458670274,1033,90,0
399,1634.299579020008,328,2,0
399,1713.8230515877688,130,51,0
399,1971.8538589510558,759,91,0
399,1808.056639535046,1116,51,0
399,2050.5032994735802,1383,72,0
399,2112.725241707338,347,77,0
399,1957.6137977892222,1330,63,0
399,2082.8951131637173,657,29,0
399,1901.3523632138945,1149,11,0
399,2196.2290689605993,1344,14,0
399,2183.5309276961743,368,96,0
399,2312.4473943213075,1231,61,0
399,2198.574655501237,821,7,0
399,2379.2391042691147,941,8,0
399,2238.187164010551,252,27,0
399,2000.973811898536,1131,69,0
399,2316.495804438062,1144,61,0
399,2459.2321624737096,1404,94,0
399,2434.769345958545,84,18,0
400,843.0216909496866,290,41,0
400,869.512447949796,843,77,0
400,897.4197044455876,501,62,0
400,915.115522157605,1242,13,0
400,949.6514243872654,784,53,0
400,977.4086122986296,171,29,0
400,1001.359903042957,203,20,0
400,1076.4497925264643,636,60,0
400,1077.3426766404866,1393,53,0
400,1130.3725100015527,1174,99,0
400,1114.5871184425928,970,34,0
400,1147.484847645218,1254,73,0
400,1168.3404539324017,1134,62,0
400,1238.4093665151804,628,90,0
400,1220.7730963512329,640,28,0
400,1321.9205417727526,693,42,0
400,1252.3063267733296,835,74,0
400,1325.496975180566,1076,93,0
400,1268.4257249232053,335,61,0
400,1459.9358132949733,122,17,0
400,1319.3933376410441,607,82,0
400,1331.805549829711,395,38,0
400,1497.4563194916561,682,85,0
400,1500.236866768833,683,61,0
400,1635.912318565805,608,84,0
400,1467.506865632592,513,43,0
400,1612.4972506682004,978,37,0
401,538.20665180891,191,62,0
401,571.3033590746927,636,21,0
401,608.3012165620966,1258,62,0
401,655.2042425962871,172,92,0
401,680.1860441138247,1001,76,0
401,704.5202871561878,608,52,0
401,768.9213652650873,181,49,0
401,754.2522011259139,576,57,0
401,789.2685136491599,14,11,0
401,824.2562100049386,415,54,0
401,852.1498710176621,290,11,0
401,831.9319671998429,136,53,0
401,926.6729804172829,696,57,0
401,916.0458600652555,886,8,0
401,981.796977938169,1135,19,0
401,977.5983983542153,1236,2,0
401,1167.2393393292414,284,43,0
401,1069.9000797410993,542,56,0
401,1211.022743264447,55,45,0
401,1208.6013940598489,977,31,0
401,1216.147820946646,563,9,0
401,1131.4638386118509,661,90,0
401,1213.6957853223607,394,29,0
401,1345.0954065657534,1312,19,0
401,1359.6660805672393,1121,64,0
401,1441.7512614124707,1065,19,1
401,1482.6860088690398,1152,4,0
401,1297.6168740381136,1154,79,0
401,1453.0715029886921,748,34,0
401,1482.7986772854601,378,16,0
401,1430.7404905525868,983,66,0
402,522.2070239802342,445,18,0
402,546.1033561641486,767,100,0
402,568.4279550987126,378,53,0
402,585.7639216411611,463,93,0
402,623.430042060271,394,79,0
402,649.807311714136,1083,47,0
402,632.6684961639052,706,88,0
402,687.9211209426134,608,23,0
402,725.353103200853,1098,80,1
402,728.5840091387619,1165,93,1
402,724.5961826364384,259,51,0
402,807.9844956045343,1216,98,0
402,826.6457684744225,636,76,0
402,802.5337320462095,1169,42,0
402,831.1268179578616,579,25,0
402,891.0229434086452,1424,79,0
402,833.290542931501,705,94,0
402,868.4346780012318,179,15,0
402,895.2899278361288,1056,30,0
402,894.4677327651955,649,96,0
402,889.1754241543895,251,3,0
402,947.8743876786435,1368,54,0
402,1000.4488230558363,488,52,0
402,980.1546561113375,439,44,0
402,994.9854725316782,516,45,0
402,1025.3837275548024,261,61,0
402,1018.1883427676185,1196,80,0
402,1032.022562579948,1371,8,0
402,1258.7120722116226,1438,53,0
402,1251.1778748339748,896,12,0
402,1182.647311455879,156,15,0
402,1264.2047996329916,974,53,0
402,1312.292987076266,556,86,0
402,1114.2308150277704,9,46,0
402,1182.0195372786795,1076,24,0
402,1325.342801324824,482,3,1
402,1425.4859123949868,1115,49,0
402,1364.2888567787409,326,9,0
402,1338.0784570136013,1278,44,0
402,1372.7648090606642,149,3,0
402,1527.5112677297034,357,33,1
403,685.3869264565242,1251,45,0
403,713.7271722836612,74,19,0
403,763.6041289180616,600,73,0
403,803.9927558412065,277,93,0
403,809.7127233694641,1004,43,0
403,885.8143965718539,669,68,0
403,852.2685023497987,55,63,0
403,926.1409318726154,302,100,0
403,968.0691433276544,761,80,0
403,1005.9412817413879,499,54,0
403,1047.7789182302927,450,14,0
403,1051.4645736851091,35,40,0
403,1111.3810388984393,1318,60,0
403,1159.0227648809814,640,74,1
403,1082.6894163704942,1091,63,0
403,1145.9073962248146,753,84,0
403,1321.392774372663,764,62,0
403,1174.7737963448146,1160,47,0
403,1349.645796742668,1172,17,0
403,1406.5140034954225,485,65,0
403,1249.7994665288447,282,25,0
403,1331.3265862585417,509,19,0
403,1286.5184178143302,156,4,0
403,1558.2679842008738,699,8,0
403,1447.3219934731674,1218,65,0
403,1637.2816972690878,641,30,0
403,1493.9839044339997,19,69,0
403,1505.1146994191813,1126,47,0
403,1771.2198975182034,1024,43,0
404,638.3216709496777,72,86,1
404,645.3111637382005,1376,12,0
404,653.6169394941436,601,50,0
404,659.0672617623959,674,10,0
404,666.6752614207761,161,66,0
404,675.9680111194457,413,70,0
404,680.2198970155519,1311,59,0
404,699.7641316248116,985,87,0
404,714.2213947588207,581,45,0
404,725.8399643246445,250,6,0
404,708.331769631665,355,70,0
404,722.4865599940214,498,43,0
404,741.9378220850117,630,97,0
404,727.2050484487527,825,78,0
404,774.6777189048353,75,25,0
404,749.6360893893626,313,45,0
404,745.4963301979409,194,86,0
404,790.3556993616228,1013,71,0
404,802.5587472540973,238,92,0
404,814.6091156403877,67,25,0
404,792.7746952179054,1353,37,0
404,835.758420053686,276,6,0
404,828.084828499608,163,21,0
404,835.530601220009,540,41,0
404,853.5904907271339,263,11,0
404,865.9345498111405,634,91,0
404,883.6485200613541,576,39,0
404,897.7909913686749,675,38,0
404,826.4657491420373,257,5,0
404,844.7465341016795,1310,79,0
404,838.1245675033351,414,64,0
404,908.4758184871475,731,66,0
404,866.5657963427409,1130,21,0
404,878.7501182333356,791,29,0
404,872.9189698541197,250,9,0
404,932.2465578705235,239,76,0
404,965.6347330677656,966,9,1
404,900.9588853240416,717,2,0
404,996.6064038499167,431,77,0
404,919.8319073382836,1185,75,0
404,947.705678397618,203,20,0
404,1001.991144438148,688,88,0
404,931.7646185378276,1370,14,0
404,925.35422855918,255,18,0
404,967.9770028100877,1014,62,0
404,1046.248713721789,695,16,0
405,654.9435764536913,1163,42,1
405,685.7877741686011,840,18,0
405,732.5654404670454,1110,85,0
405,770.2408993996477,1224,24,0
405,818.0503699251452,1307,72,0
405,861.690725174861,120,76,0
405,885.9583707788616,735,91,0
405,873.5448706037781,485,85,1
405,926.6987040010996,264,84,0
405,993.9133954963853,945,32,0
405,1011.5824574251749,639,31,0
405,1115.287597976752,571,91,0
405,1023.2664431602575,926,95,0
405,1205.7123300374674,1298,53,0
405,1186.5668051096823,190,22,0
405,1260.4314573563495,1414,91,0
405,1288.8310950971813,635,26,0
405,1337.9304134570439,1108,69,0
405,1383.9808590888351,501,27,0
405,1488.0361202701188,546,28,0
405,1484.0264288117323,861,16,0
405,1447.2959664342166,546,72,0
405,1399.9362049238657,406,20,0
405,1665.100636141622,129,39,0
405,1534.9061001392765,645,34,0
405,1577.6502432026732,1131,86,0
405,1425.0616050466197,12,51,0
405,1688.719062934002,1212,6,0
405,1748.8903191280635,1381,4,0
405,1786.6129775076547,307,97,0
405,1738.8677515134746,986,90,0
406,220.05042197707672,1,49,0
406,222.61420580437056,993,68,0
406,226.48164067969992,58,74,0
406,228.94139348345112,915,35,0
406,234.47409572586542,57,1,0
406,236.51412367364128,1108,40,0
406,238.64924967793291,536,92,0
406,239.3537175198686,1123,63,0
406,247.50704318745534,617,31,0
406,246.78334703908496,1030,94,0
406,250.52698352715808,1255,5,0
406,259.8123078668541,712,33,0
406,263.1499468802806,4,66,0
406,252.76264496158404,1075,8,0
406,266.40098702166046,443,58,0
406,271.3333034153399,17,80,1
406,276.0540572961269,421,23,0
406,274.86505025386066,1308,32,0
406,270.5171153245543,8,40,0
406,283.8575500301339,1364,67,0
406,274.96093109458457,1424,100,0
406,284.924287277979,753,52,0
406,282.9129814940928,882,12,0
406,303.0179990996428,257,48,0
406,300.90825984207277,1184,40,0
406,305.6575781848766,1214,71,0
406,303.12867370828087,1259,68,0
406,306.823358345568,187,54,0
406,308.36859512428384,525,100,0
406,307.1894391064828,1345,64,0
406,317.1441031105,61,66,0
406,312.52898925495424,305,44,0
406,320.1790511821448,1149,2,0
406,333.9943348014493,1144,89,0
406,316.7068850971722,937,95,0
406,320.0898787010951,1350,1,0
406,312.43470261052414,936,37,0
406,339.1103490370865,1213,49,0
406,334.85558027588434,745,76,0
406,339.43335619338046,346,80,0
406,327.86685736377063,1038,95,0
406,328.1227357728243,1035,29,0
406,331.31027127712144,603,71,0
406,347.36187467319644,225,85,1
407,793.314386157133,399,35,1
407,822.9106300810624,194,2,0
407,855.5171462205146,494,75,0
407,902.2300227808919,1379,45,0
407,928.4212728378396,1026,66,0
407,941.5670989808875,548,99,0
407,1019.8835282334172,1365,62,0
407,1022.6105204165862,605,25,0
407,1067.7767835568015,478,59,0
407,1172.115521363247,1315,63,0
407,1107.0983329027342,118,58,0
407,1256.8298332967026,199,38,0
407,1230.6036252876497,260,29,0
407,1332.4071342874254,1140,66,0
407,1228.495981524814,926,80,0
407,1437.5094087776256,844,57,0
407,1450.3274535222445,289,50,0
407,1399.9658931377483,989,82,0
407,1439.7513715060536,490,89,0
407,1543.1536157042879,797,12,0
407,1567.2372425237372,1169,58,0
407,1612.5362053930367,852,100,0
407,1577.4384998087246,1364,53,0
407,1574.9160985052106,127,79,0
407,1537.9017907913658,767,76,0
407,1683.5186850693976,421,97,0
407,1592.3493402769136,62,42,0
407,1638.2660023885142,1439,62,0
407,1978.2363033265353,1174,94,0
407,1938.4834634508968,5,10,0
407,1719.5031465417126,189,68,0
407,1730.513507652189,294,96,1
407,2051.528597446088,1390,36,0
408,947.9901685393377,670,31,0
408,1020.4455269658839,524,96,0
408,1067.978057000497,805,84,0
408,1168.5077873963298,974,7,0
408,1178.6076631602907,634,15,0
408,1320.8337966322922,930,65,0
408,1410.6816858260472,121,84,0
408,1415.9089815036393,1381,35,0
409,948.8677290606981,932,87,0
409,975.975493674586,228,23,0
409,1019.3838496455979,109,63,0
409,1022.3213680851765,1176,33,0
409,1053.2602254328267,328,14,0
409,1075.0262337925226,162,4,0
409,1096.6681288398852,879,63,0
409,1200.0207043490623,1345,58,0
409,1185.498178139874,49,72,0
409,1261.2774634477744,1180,4,0
409,1197.2493619602499,873,28,0
409,1237.4950410309357,799,69,0
409,1297.568494060541,229,42,0
409,1419.0463297967935,1215,50,0
409,1415.043082778519,1166,86,0
409,1358.2313088617643,353,88,0
409,1518.3212099981956,972,26,0
409,1435.6724148365242,1239,59,0
409,1540.8024607074885,832,70,0
409,1415.5331054100022,1363,38,0
409,1523.877475485818,861,79,0
409,1686.9249332366057,1331,44,0
409,1523.240178871733,73,14,0
409,1632.0306945741045,900,21,0
409,1653.5217850508802,490,9,0
409,1636.1131631638668,936,26,0
409,1669.1240042072345,1197,83,0
409,1619.710431508191,1091,76,0
409,1687.514776086777,1211,2,0
409,1837.5165542355587,638,61,0
409,1859.7201953203794,353,26,0
409,1768.4894730596172,502,53,0
410,636.1924041022331,830,99,0
410,699.2567789146913,636,99,0
410,788.2600558316269,831,93,0
410,889.884580157531,360,25,0
410,869.9607155895364,933,38,0
410,934.5451977062803,1382,14,0
410,1095.922854950029,1197,27,0
410,1148.2023515025003,48,58,0
410,1115.4885583287603,24,15,0
410,1295.3479022136248,575,33,0
410,1287.3383366056346,212,54,0
410,1437.4538028121383,31,98,0
410,1647.7147791916505,46,92,1
411,314.71616998549564,392,75,0
411,325.1552836282324,1422,37,0
411,335.51079992706565,414,98,0
411,341.8679714226468,853,53,0
411,347.444113787444,463,14,0
411,364.4716208354224,989,17,0
411,373.0903664544169,719,61,0
411,379.05196853915584,981,30,0
411,390.9460178085016,464,66,0
411,400.984108573369,648,66,0
411,408.3270387132731,998,54,0
411,425.18045048240725,277,95,0
411,437.9537009864136,1423,57,0
411,432.9030043852531,767,24,0
411,427.03573070211155,347,67,0
411,428.4066302433369,103,72,0
411,435.2580069146452,1324,33,0
411,443.0475601222163,526,51,0
411,476.2238689953364,1373,82,0
411,512.7255265201735,1295,83,0
411,520.5052239281499,362,37,0
411,536.181211204507,79,4,0
411,538.6180338463946,391,15,0
411,515.4453923220882,108,40,0
411,576.1399561423716,1428,37,0
411,560.2596622050079,324,21,0
411,549.4782549768183,976,37,0
411,605.1126212384196,1163,99,0
411,608.4900863810428,649,43,0
411,618.8766448102323,641,80,0
412,974.2328036633869,1218,57,0
412,1004.7125911955414,84,56,0
412,1043.8235820021055,791,63,0
412,1064.8052229303012,1122,59,0
412,1125.3366570189517,530,85,0
412,1163.5436346549545,388,40,0
412,1192.4944784875697,1216,56,0
412,1245.196824926388,1183,7,0
412,1274.1681670803512,1339,91,0
412,1214.832804713957,1378,18,1
412,1331.1322357868048,1044,41,1
412,1358.047136863619,1357,13,0
412,1341.9740472583387,136,46,0
412,1452.6773699926698,1290,42,0
412,1486.794146428288,762,76,0
412,1518.2686134827516,76,63,0
412,1441.031922872115,1365,25,0
412,1476.3976875833882,32,3,0
412,1505.9452910408877,29,87,1
412,1658.449912637152,521,10,0
412,1744.0780282750352,632,69,0
412,1560.5186433171486,870,14,0
412,1775.7277053002706,1301,76,0
412,1790.9161275864349,192,10,0
412,1609.521156222639,905,49,0
412,1810.6108654484701,124,54,0
412,1896.484608971099,457,33,0
412,1801.979138526829,693,72,1
412,2071.776454648387,419,62,0
412,1950.5628162260086,807,42,0
412,1990.729467277119,907,89,0
412,1868.1540920082857,669,47,0
412,1876.2705388658092,1182,83,0
413,613.7405074962219,1294,56,0
413,643.0084247746078,359,48,0
413,675.9590977134786,976,89,0
413,691.4903739195272,397,12,0
413,725.6712181205155,636,57,0
413,784.6337972869017,496,79,0
413,776.0108844431447,896,26,0
413,831.1420340872347,1193,41,0
413,899.8374037718772,110,39,0
413,860.8286249226203,251,75,0
413,895.9538758660344,386,35,0
413,959.2885407844528,203,55,0
413,905.1320376002986,895,68,0
413,926.76267560284,120,84,0
413,996.9930579639583,722,61,0
413,1036.2283221304547,1201,46,0
413,1116.2349718170008,1293,16,0
413,1033.8218703157306,1177,75,0
413,1086.5804192133378,1195,8,0
413,1158.5532519249139,1120,16,0
414,573.0156147401725,828,60,0
414,714.8460707684567,583,21,0
414,846.0532768358798,791,8,0
414,949.3409408303446,488,16,0
414,1220.6433132606364,592,47,0
414,1370.4987762666287,706,18,0
415,87.84338401602413,1160,24,0
415,91.03111517279416,1424,17,0
415,94.33208906350482,1331,25,0
415,98.68707326903731,1193,50,0
415,103.83846775673511,703,40,0
415,104.54883181744394,1027,25,0
415,107.57535762751381,1258,47,0
415,112.04598085729609,1184,64,0
415,120.9741525245406,1426,3,0
415,118.96485761262713,1014,34,1
415,127.53335829035179,642,15,0
415,122.81421946360715,674,36,0
415,135.54853100670067,729,82,0
415,128.43303980315292,1129,78,0
415,145.8761500231015,1228,9,1
415,148.380539234367,58,89,0
415,146.9134431038025,899,54,0
415,163.59497539053112,148,85,0
415,155.62681287157193,393,6,0
415,161.71570879148146,1203,19,0
415,158.39581155970524,382,92,0
415,164.56178950322533,220,94,1
415,181.86222550368376,1039,25,0
415,170.6839677773075,692,38,0
415,192.94906826308926,687,17,0
415,190.6998603656426,1294,25,0
415,188.28241010807795,43,76,0
416,144.88232173033538,728,54,0
416,150.1244401345187,1293,35,0
416,154.03388895728415,602,66,0
416,158.46990286594348,914,44,0
416,166.03853395124332,1281,4,0
416,163.03195202182332,816,5,0
416,170.37689466205194,59,16,0
416,181.32270872064507,992,22,0
416,184.3762771589432,1175,75,0
416,188.20608445465203,787,100,0
416,196.57593471932188,1107,57,0
416,191.9781355339813,188,4,0
416,196.5157358748719,526,54,0
416,207.2860546329595,1140,87,0
416,216.1437353662264,1045,55,0
416,221.02525366619494,1036,10,0
416,205.5069377005059,1239,30,0
416,213.54963903006706,892,15,0
416,214.51161427223713,423,54,0
416,228.26176557683104,633,10,0
416,218.3484212916394,548,24,0
416,243.51835501230175,1172,72,0
416,262.044946604551,1146,28,0
416,229.87074348516552,530,83,0
416,232.6213452868023,1052,55,0
416,273.35017292099894,214,99,0
416,271.43793281329283,1281,38,1
416,269.0575805978454,203,71,0
416,248.48490902639557,1250,83,0
416,268.8697679183603,1051,55,0
416,286.7163379940472,94,27,0
416,306.5967146141515,293,14,0
416,309.57498501858987,78,86,0
416,314.6598053008227,742,2,0
416,288.5157884911531,1088,67,0
416,317.7009894853043,1031,98,0
416,316.71869751514214,1291,14,0
416,309.5162413033438,40,11,0
416,333.19544317656414,778,61,0
416,305.2412960103736,1290,12,0
416,319.61454868795124,1218,93,0
416,323.5683950355485,1146,54,0
416,322.5547159659501,1332,38,0
416,338.93734593716476,962,8,0
416,368.0173658436041,344,42,0
417,215.57572715273452,257,44,0
417,222.15962335934142,1250,51,0
417,229.81798040827178,1172,61,0
417,232.84503442725025,178,20,0
417,242.24278323790762,189,67,0
417,247.10378670960617,1135,89,0
417,249.10966636174035,762,88,0
417,262.3693361639961,404,8,0
417,263.2569598449494,1223,12,0
417,270.0178308374641,1086,17,0
417,272.7955086805405,413,96,0
417,286.32567875626347,862,51,0
417,289.1890531882034,1308,74,0
417,297.1448956531286,254,82,0
417,293.6653781301592,733,56,0
417,318.6547367058456,1002,16,0
417,320.628703192378,741,38,0
417,335.00491491633056,887,42,0
417,307.9869838795961,837,61,0
417,315.9378893018213,813,31,1
417,330.3841002172895,1386,38,0
417,340.005649883893,982,54,0
417,330.9796381046136,668,33,0
417,334.7728580056589,796,52,0
417,343.9015281230108,988,74,0
417,344.664596739556,335,36,0
417,377.04980217897315,552,50,0
417,357.1082636231372,1066,51,0
417,404.0464267248965,825,18,0
417,389.3305174878974,31,34,0
417,429.6354795353217,1055,4,0
417,396.78600898524337,1276,17,0
417,382.30321453882857,679,41,0
417,382.5835210105938,192,74,0
417,409.95777848773474,239,97,0
417,408.1763821098313,1279,57,0
417,426.0164753199126,1369,70,0
417,452.5422155160224,1438,18,0
417,483.17244566567,1156,73,0
417,475.80908920769355,494,4,0
417,470.6048828851429,746,43,0
417,450.98521353469164,655,50,0
417,486.75466768934973,351,51,0
417,492.8240336534051,958,25,0
417,474.8215132413302,1363,97,0
417,441.9640577367421,938,88,0
417,540.3023030074294,514,40,0
418,927.1032360751337,1105,82,0
418,986.1964615100158,998,38,0
418,1028.8410455429112,225,35,0
418,1109.2011759965187,985,97,0
418,1121.915356041013,1038,7,0
418,1153.6321754945054,1124,52,0
418,1211.7684568241853,746,37,0
418,1351.8523082880681,297,31,0
418,1441.091888596291,86,95,0
418,1347.2639313226343,172,82,0
418,1369.6212002790778,450,10,0
418,1585.6350722098318,1318,96,0
418,1563.747646408262,440,80,0
418,1498.386143178695,1052,49,0
418,1543.602616576768,96,63,0
418,1781.4090915062643,626,47,0
418,1940.5719343230433,1413,59,1
418,1999.2470650125122,1180,22,0
418,2073.5482549316675,517,3,0
419,709.1763732893319,1187,38,0
419,731.9457758418102,1089,46,0
419,752.1756597883888,347,88,0
419,777.4344004860636,1170,49,0
419,813.4418872856145,1078,18,0
419,841.8368248726224,396,71,0
419,857.1556031731081,326,65,0
419,887.403523317272,634,62,0
419,953.8377626867917,277,64,0
419,915.2450722573119,1119,19,0
419,931.8583469602507,215,65,0
419,990.5105508993948,797,45,0
419,1066.7983566125279,32,10,0
419,1052.7829997559243,164,37,0
419,1009.9294150324021,565,27,0
419,1148.038804193328,847,27,0
419,1129.3193619726765,504,96,0
419,1121.1754653566013,434,28,0
419,1084.9998956793547,454,7,0
419,1183.4949915195828,724,38,0
419,1301.8354018324192,1244,46,0
419,1188.942769289369,737,15,0
419,1208.6052324925488,1338,5,0
419,1356.195267248881,123,86,0
419,1326.0011029242849,674,32,0
419,1488.1599081339368,365,45,0
419,1400.854074527667,477,49,0
419,1339.7049479598563,492,58,0
420,844.4219204830506,794,68,0
420,866.8658972853793,807,76,0
420,896.9077236074243,1412,45,0
420,925.8490050107175,383,92,0
420,934.0971441872516,1227,14,0
420,963.0071654381128,820,63,0
420,988.3989084782801,491,60,0
420,1045.2565411338053,1178,29,0
420,1048.6069274655795,1174,23,0
420,1055.9993265733133,786,1,0
420,1047.767441430631,299,76,0
420,1097.9530732137418,695,68,0
420,1194.4648290151927,659,2,0
420,1200.5249831328174,428,99,0
420,1161.9320900560915,454,30,0
420,1275.17490304882,1430,86,0
420,1309.420779879139,1162,11,0
420,1236.6990229089922,153,51,0
420,1207.3667201541145,1113,6,0
420,1367.8862871971653,1325,22,1
420,1363.2890411697808,353,44,0
420,1409.9520466142478,81,97,0
420,1481.4382745075054,219,62,0
420,1485.2457600082348,778,14,0
420,1510.5029023634925,798,72,0
420,1559.9497026246506,1033,75,0
420,1566.2434354438221,1325,86,0
420,1373.2552119549182,712,11,0
420,1510.4540038495245,826,94,0
420,1683.8288992698915,15,12,0
420,1524.024602515166,63,36,0
420,1589.962138735061,1233,65,0
420,1467.6885037969362,1086,17,0
421,973.840154612072,722,3,0
421,1029.5235004905483,587,77,0
421,1118.8847437596933,1172,33,0
421,1203.5662003333623,1142,95,1
421,1232.6111604136204,1287,59,0
421,1350.2733775084291,354,77,0
421,1343.47684499171,257,66,0
421,1394.9359023637207,737,39,0
421,1415.7715892937213,1168,33,0
421,1610.1711148110762,712,58,0
421,1543.7949580949967,513,88,0
421,1781.7501189520092,499,34,0
422,815.3524739295297,979,21,0
422,882.9829851970502,239,71,0
422,927.8347474710872,658,76,0
422,1007.3376805188929,987,40,0
422,1031.5941461002894,508,81,0
422,1148.7521335938927,54,32,0
422,1096.4432626900698,98,96,0
422,1274.7099668635985,914,36,0
422,1181.8050248921713,341,82,0
422,1265.5786851622777,437,14,0
422,1272.9616378802752,296,22,0
422,1482.868921298398,1133,66,0
422,1589.807891469935,1340,30,0
422,1698.1533767025492,995,30,0
422,1532.6455397414106,833,73,1
422,1816.1939528010812,1021,82,0
423,474.3404902175997,1239,12,0
423,486.7246481034096,281,46,0
423,495.45425709912143,719,45,0
423,512.1805319702548,1424,61,0
423,520.8847679982003,1119,67,0
423,542.0620742004015,233,33,0
423,548.6982699909889,1431,38,0
423,544.8843367161419,1056,31,1
423,582.4110352289106,975,74,0
423,593.8408997944213,1263,25,0
423,597.449092262495,430,22,0
423,611.1240245761585,793,40,0
423,602.7239681366766,28,4,0
423,654.9027581293532,845,5,0
423,614.254511611433,391,67,0
423,629.0481051731444,399,28,0
423,660.6647881241232,93,12,1
423,633.5356364387299,80,55,0
423,653.2603022247281,548,24,0
423,678.3755890587054,741,69,0
423,732.1524223081435,183,16,0
423,702.077270926315,592,17,1
423,721.3152016037318,1427,95,0
423,769.2900513439768,599,72,0
423,781.4741076657936,271,17,0
423,778.0770051652971,832,49,0
423,770.9326085776966,372,85,0
423,737.9583821815322,641,18,0
423,740.8226241708112,1419,33,0
423,866.0103537776489,492,83,0
423,798.823166678037,1283,96,0
423,797.422045337607,910,38,0
423,864.4893357992783,1244,55,0
423,914.5128234468706,794,47,0
423,940.2258874879622,893,66,0
423,926.9739767155886,663,98,0
423,930.4364305591262,27,77,1
423,826.944357460605,685,68,0
423,913.8660109299346,1172,32,0
423,1005.1231810525269,617,70,0
423,977.2146822104748,716,93,0
423,933.8234225076048,418,62,0
423,1042.9029701459579,1249,99,0
423,910.0317164060268,957,23,0
423,906.9368751639676,1282,80,0
423,1083.630013318938,464,46,0
423,1056.8557708325104,194,49,0
423,970.0401573885108,427,26,0
423,1073.9370955497143,1167,49,0
423,1082.3854110206598,138,9,0
424,275.63775326535773,578,10,0
424,283.2141640171197,1440,64,0
424,290.69113519726875,589,13,0
424,293.70126721439823,132,76,0
424,301.3704910226921,1357,74,0
424,317.7268213510719,1044,54,0
424,318.89979116488314,175,24,0
424,321.74253288469504,783,69,0
424,330.6454364098902,1221,21,0
424,337.2282705461005,967,79,0
424,342.2517093503901,1299,62,0
424,352.70527729534297,699,35,0
424,356.3243013650477,837,34,0
424,360.6405497095089,774,48,0
424,380.65044041702356,974,98,0
424,365.6537440782892,258,95,0
424,411.29395296303335,436,81,0
424,399.08783876033317,1239,22,0
424,408.53131924127706,876,85,0
424,424.3625734458392,557,61,0
424,391.0837644723145,129,87,0
424,403.52740678683244,1243,4,0
424,409.97327627903667,836,60,0
424,453.694252756765,1099,10,0
424,430.1153901232343,572,16,1
424,482.42698757937126,615,55,0
424,433.98423536782667,1061,4,0
424,441.9915762702735,1216,61,0
424,464.84121056911675,1332,12,0
424,510.2206222103074,715,47,0
424,523.4268679095549,182,71,0
424,467.86544224309375,567,42,0
424,503.39601835828256,1312,76,0
424,519.3696383675209,551,17,0
424,506.77806769550807,49,14,0
424,570.3333741093579,1434,75,0
424,529.7937538099841,334,79,1
424,582.091395501699,714,42,0
424,537.9850159807603,1361,99,0
424,597.9987580387104,808,75,0
424,529.7176014055825,1324,75,0
424,589.1269091278735,30,7,0
424,562.0339323694288,335,55,0
424,531.5909228828624,1031,46,0
424,578.0080591626703,1259,15,0
424,659.9956192682743,544,100,0
424,540.4778684854662,484,35,0
424,630.8508974994161,1019,69,0
425,305.4361564518382,545,47,0
425,319.0776090805728,952,45,0
425,332.1042820865728,1030,90,0
425,349.3893129396224,285,23,0
425,355.40398664603754,1347,2,0
425,377.09483669553447,420,93,0
425,371.5407837294289,166,15,0
425,395.5959353164447,803,45,0
425,414.26496578394784,899,28,0
425,424.21948228163706,272,26,1
425,451.63511049749246,791,2,0
425,460.2373923826298,492,87,0
425,484.57364288440044,940,59,0
425,499.10858367382446,696,69,0
425,513.2998987698448,233,7,0
425,489.5731790352799,558,94,0
425,522.8193726604088,611,6,0
425,537.6888742492764,807,52,0
425,533.0915709824089,198,94,0
425,534.2988481747126,249,22,0
425,547.7211878606211,1375,88,0
425,519.1711602460207,1236,91,0
425,619.0794964820687,15,11,0
425,592.7372880745879,393,95,0
425,565.684646385555,301,33,0
425,584.9794898581766,50,59,0
425,574.397896582826,1174,22,0
425,676.6608232001388,271,31,0
425,714.9428410335231,967,53,0
425,736.0715743155808,673,90,0
425,722.9153452619223,957,89,0
425,736.5780600952465,354,73,0
425,692.9418303487271,367,68,0
425,739.9458646473196,1262,9,1
425,788.8430404812617,249,40,0
425,709.8830843906435,1395,16,0
425,810.3301808703907,304,65,0
426,300.87696108888713,1045,73,0
426,309.0713886696474,534,36,0
426,320.47968779995216,450,61,0
426,324.41852165680973,44,12,0
426,337.379295338136,926,7,0
426,335.91244949014396,635,7,0
426,341.93545108965867,1414,38,0
426,353.93028280946334,561,10,0
426,372.3498878768522,773,90,0
426,366.6458023671209,1177,62,1
426,391.90520281075095,1208,32,0
426,377.74438269756945,655,99,0
426,400.89330758069474,997,28,0
426,420.6506397662442,688,48,0
426,435.40329209044387,113,37,0
426,441.41640942157835,382,55,0
426,428.3724516344188,10,38,0
426,445.59264027767574,856,29,0
426,454.5860156524317,481,9,0
426,441.5783972614704,490,20,0
426,435.6866180739431,367,47,0
426,508.1699310494056,345,62,0
426,467.45588129362625,263,53,0
426,475.00537970575635,1395,65,0
426,498.5515592531913,453,70,0
426,550.6153692982566,870,88,0
426,513.8503237585364,33,90,0
426,528.9185665272031,42,34,1
426,557.1887244268812,649,50,0
426,579.6852837763277,537,26,0
426,503.70581993725193,814,68,0
426,586.9034284101031,1147,98,0
426,614.8549737189455,533,67,0
426,627.5679745654049,1004,92,0
426,578.9339382894199,636,92,0
426,629.6860237135511,398,100,0
426,646.7582467589225,130,10,0
426,561.9781711559897,209,89,0
427,527.730971706515,247,83,0
427,580.4148129103002,62,40,0
427,618.2604869703812,189,20,0
427,652.516644183831,1435,16,0
427,677.2661808887406,1135,27,0
427,784.7802909125753,317,36,0
427,776.5218837397765,717,61,0
427,859.9810781687394,1299,62,1
427,854.5181882369685,1409,29,0
427,1013.3349058278308,877,15,0
427,1043.6015754901503,1269,39,0
427,1043.779278386819,149,48,0
427,1105.6043617944565,635,18,0
427,1118.435868772186,770,20,0
427,1092.518153774788,672,67,0
427,1266.0025269344221,1305,41,0
427,1392.7065147170626,1101,1,0
427,1150.2022016077603,454,91,0
427,1407.2264329955588,1306,11,0
427,1420.9132438981678,71,28,0
427,1582.5542344108915,153,4,0
427,1433.170849634217,26,8,0
427,1602.6012384312553,780,55,0
428,273.6137230132564,1406,44,0
428,319.0383223524113,596,76,0
428,367.5949572979623,26,36,0
428,439.7203123798263,345,11,0
428,514.9016635091084,1212,96,0
428,582.2853754250568,398,19,0
428,625.5745408935574,1366,42,0
428,691.4903595624894,885,100,0
429,160.57946380658922,1434,78,0
429,166.1282592127324,1085,74,0
429,169.5338739933764,1142,88,0
429,173.73680396261344,627,34,0
429,180.26456689108434,1408,93,0
429,187.1897707987076,1400,39,1
429,186.39232067487225,479,29,0
429,194.66727670653023,705,91,0
429,205.77030653157533,355,66,0
429,213.20008206372898,357,42,0
429,209.46823061411968,176,68,0
429,211.50957800115066,729,63,0
429,213.04696088089145,279,52,0
429,229.50836569534212,223,99,0
429,242.47535430270406,504,26,0
429,238.79228931208604,1035,35,0
429,249.93351146765963,1061,59,0
429,234.57599016512933,244,1,0
429,236.91920721696306,1116,24,1
429,257.4245680161754,11,49,0
429,266.9432251542481,296,70,0
430,383.26523310156546,537,73,0
430,393.2554919208325,648,43,0
430,409.7675410838131,593,79,0
430,422.57084458716133,1406,68,1
430,431.36093661645634,1320,10,0
430,432.56051825182567,484,97,0
430,457.8044929541072,670,73,0
430,475.1308984494268,239,52,0
430,481.99470510849955,226,13,0
430,478.4330803425813,253,46,0
430,500.5614237669987,935,38,0
430,522.4446341622955,224,75,0
430,508.3441499282073,1325,90,0
430,546.088630824912,548,17,0
430,570.5114845774294,1391,37,0
430,551.865384652885,453,99,0
430,550.975228727593,405,96,0
430,588.8696663362554,1431,48,0
430,614.0719006697964,443,79,0
430,645.0742056762762,590,43,0
430,588.8974254264555,295,27,0
430,594.1251451782625,606,72,0
430,654.2710827719761,231,46,0
430,655.4914470478762,383,52,0
430,714.0692213540251,1173,24,0
430,673.208594043967,1254,50,0
430,689.9142320199043,510,8,0
430,664.4128740640489,924,91,0
430,647.0936424748861,1068,91,0
430,710.1413183715499,341,48,0
430,728.2490822961538,294,88,0
430,782.820060145449,819,82,0
430,783.4384518884931,1187,88,0
430,787.9006624781856,262,74,0
430,777.0101340430681,188,49,0
431,973.7144976339829,787,66,0
431,1022.8896878976315,29,46,0
431,1052.90135483109,253,17,0
431,1079.197357258315,833,3,1
431,1146.872251314633,1331,52,0
431,1187.9391818914273,424,69,0
431,1261.048741307251,1278,48,0
431,1264.1263076526118,254,25,0
431,1320.0119253388139,1371,60,0
431,1418.9614798920989,101,89,0
431,1332.0893054493622,540,2,0
431,1360.0846096717412,494,96,0
431,1431.9436460977731,1155,9,0
431,1457.3961975433817,1005,77,0
431,1652.88147916772,112,55,0
431,1754.0616608774098,1431,54,0
431,1786.7447207900661,1029,84,1
431,1571.9973207452201,1326,85,0
431,1680.684515488338,984,41,0
431,1941.015542518215,448,81,0
431,1823.138776524017,732,5,0
431,1765.9386271625435,189,85,0
431,1987.7214013861799,585,37,0
431,2094.8873568003637,833,16,0
431,1987.0775442254405,1097,6,0
431,1971.8722894346502,1307,41,0
432,970.2282524326409,351,1,0
432,1004.5469303310368,881,56,0
432,1036.1410624621333,706,31,0
432,1067.8545632101436,104,19,0
432,1118.3559754288576,665,27,0
432,1135.7777121315867,459,100,0
432,1186.5834397039953,1256,5,0
432,1206.842272135512,494,76,0
432,1225.6066081660117,824,59,0
432,1311.5835836828142,929,6,0
432,1355.917500112313,1041,29,0
432,1348.926208744293,1163,67,0
432,1293.135031043226,451,7,0
432,1353.4297753777037,1241,42,0
432,1367.6186761829933,124,58,0
432,1442.1559661477345,985,24,0
432,1572.0284843914565,123,93,0
432,1416.441599344694,441,64,0
432,1545.0657260593352,567,14,0
432,1517.9126334377447,517,45,0
432,1512.245419562414,794,26,0
432,1733.0054328389947,375,37,0
432,1817.406983690641,191,100,0
432,1729.0244725887974,496,14,0
432,1613.967185471417,499,63,0
432,1771.1695424424915,1010,29,0
432,1816.0657331035984,156,75,0
432,1731.9294330066573,963,67,0
432,1910.437445707731,293,77,0
432,1867.6633702385348,194,32,1
432,2050.287231983684,306,94,1
432,2086.0123881175505,214,86,0
432,1978.022678802284,419,40,0
432,1930.5102939566739,938,67,0
432,1994.0741702101323,380,54,0
432,2187.93244122861,147,55,0
432,2057.143237418736,1044,96,0
432,2172.1019444841945,150,48,0
432,2393.938970449841,812,81,0
432,2298.400921991438,804,99,0
432,2246.029856418528,181,94,0
432,2347.639427117645,100,21,0
432,2494.2410068541744,152,25,0
433,548.7933631048396,1307,75,0
433,582.8097541579813,123,98,0
433,629.4378182466803,925,25,0
433,667.7644813392017,1139,26,0
433,681.36360790989,1065,6,0
433,698.2168643709181,1165,40,0
433,794.4837088490327,1368,61,0
433,797.6573955843497,1054,29,0
433,869.657231116523,432,25,0
434,296.01546310123604,164,88,0
434,307.82157498113577,158,42,0
434,321.8422918207945,684,23,0
434,325.6396092858563,1305,11,0
434,342.9493078143212,46,15,0
434,358.2662151248444,1398,78,1
434,381.1685445024757,36,22,0
434,366.2697130843955,557,3,0
434,385.4592545922796,894,70,0
434,388.6019812457498,618,47,0
434,405.0751554690395,426,78,0
434,402.0521689342761,481,98,1
434,428.49768360649944,1124,30,0
434,437.9409015442202,1356,29,0
434,496.87306799299415,81,88,0
434,488.97540447553655,1160,78,0
434,456.5552878482561,572,27,0
434,519.0670521655635,907,6,0
434,509.63724716845786,413,73,0
434,509.88082176089085,651,71,0
434,506.11378084400235,446,33,0
434,500.4544451271629,1435,79,0
434,605.5669907173585,530,26,0
434,604.5774082820113,1249,34,0
434,604.1851046442691,106,79,0
434,610.6783527145649,1000,69,0
434,545.4917938487054,326,39,0
434,646.9442825529811,985,5,0
434,662.3713531519793,703,92,0
434,693.4475880786017,1222,17,0
434,691.1603687121307,1349,46,0
435,906.7303543433534,1183,92,0
435,1159.1739500572141,46,70,0
435,1363.1409877830056,637,58,0
435,1568.428819829083,888,93,0
435,1918.1653023949116,1310,10,0
435,2162.2526396184217,521,98,0
436,710.4527339730449,421,29,0
436,736.0742234665424,469,70,0
436,759.1606623314163,756,27,0
436,810.5376149545666,136,63,0
436,829.7839428661345,240,45,0
436,836.342728952446,364,83,0
436,898.294024943823,337,29,0
436,886.6875464374772,436,13,0
436,938.5135438096454,947,85,0
436,999.1875745662517,1140,46,1
436,1060.7529579430743,638,61,0
436,1051.1421168466593,71,76,0
436,1074.325711761232,1223,58,0
436,1177.4373140625078,74,93,0
436,1164.4573113804727,646,66,1
436,1227.703358010066,777,86,0
436,1270.8143994777058,946,34,0
436,1291.6766688789396,209,8,0
436,1291.8765293623865,651,2,0
436,1236.9638153890553,522,100,0
436,1200.4821085692797,355,61,0
436,1363.2313892355946,724,29,0
436,1430.6964333640574,1215,22,0
436,1292.7580854973314,79,87,0
436,1413.7227152941255,1151,100,0
436,1522.1830171195752,1190,85,0
436,1552.2151557876014,386,87,0
437,90.49169696911208,31,13,0
437,105.65533692520543,546,4,0
437,129.01216975108647,1216,22,0
437,135.39328303904705,1127,95,0
437,158.71464670761378,538,64,0
437,158.98659290534522,533,69,0
437,174.64669102585844,1427,75,0
437,207.13435910012726,1291,96,0
437,244.56339787079582,700,77,0
437,225.7799620031533,27,4,0
437,223.5673620045232,585,40,0
438,759.8104669708687,486,71,0
438,803.5518131731121,55,25,0
438,831.6576214436956,738,26,0
438,866.6185789046846,704,35,0
438,914.9171735024925,730,26,0
438,958.8603429412576,547,46,0
438,1017.4199447893968,648,89,0
438,1015.9784189300728,307,78,0
438,1019.2509505127882,283,1,0
438,1073.4202517842932,470,29,0
438,1137.2081232300616,781,68,1
438,1154.6665990491704,61,72,0
438,1131.6315364246307,210,84,0
438,1276.0737189339795,1294,4,0
439,492.8921514085472,144,28,0
439,513.1809921059205,370,63,0
439,548.7805509169339,1158,47,0
439,574.9915348083562,737,77,0
439,581.5973469554758,274,52,0
439,596.7486190970176,972,91,0
439,642.6318497899329,622,25,0
439,651.3957897281201,1102,17,0
439,678.4483647387893,519,51,0
439,704.291174792856,1427,71,0
439,696.5973960100307,152,42,0
439,742.7733310450064,989,64,0
439,763.7048381256186,723,58,0
439,758.4206308786061,370,79,0
439,808.0238188775234,768,8,0
439,863.3295336184083,1125,30,0
439,819.4646351041572,1285,68,0
439,854.1818145511668,1186,97,0
439,870.8613113576527,1432,18,0
439,885.7612321493118,1227,4,0
439,975.113298565482,814,70,0
439,953.8264576644635,844,94,0
439,1072.3060431473377,896,79,0
439,945.351829956483,1151,96,0
439,1027.9678438218593,880,77,0
439,1100.4290227913034,436,50,0
439,1056.4397002125324,878,61,0
439,1026.1057846239873,1283,19,0
439,1252.3780914772574,1272,85,0
439,1196.949857067972,95,60,0
439,1219.2747878910027,212,94,0
439,1163.3529858214497,591,2,0
439,1252.6534246554268,587,22,0
440,232.41147713508155,265,2,0
440,262.88829482926843,198,68,0
440,291.5251213717204,1284,100,0
440,311.20205281936495,225,22,0
440,387.93245392468907,719,51,0
440,378.91693219598267,61,1,0
441,466.9171498863807,519,86,0
441,491.632708047311,293,10,0
441,513.7431803890365,285,3,1
441,538.7723297717476,1007,10,0
441,539.9925141061449,1265,30,0
441,589.322611334717,1387,45,1
441,581.6577598209527,387,36,0
441,612.49343389593,85,44,0
441,616.2652431873132,985,13,0
441,674.6803809504323,681,26,0
441,706.946854598824,792,8,0
441,734.0937547300223,1434,87,0
441,764.8564005505485,23,34,0
441,736.3585237962618,355,48,0
441,714.7037276260407,1220,76,0
441,739.7154209885589,957,50,0
441,850.3757830564841,1083,96,0
441,808.5064186543977,465,90,0
441,908.4679015893405,340,8,0
441,912.7013847774904,517,90,0
441,963.8929052168659,367,48,0
441,872.9269224206865,103,24,0
441,934.4299069286943,241,52,0
441,993.5433569136932,388,34,0
441,941.4440675474891,1018,77,0
441,1041.710946569266,606,40,0
441,1013.4166413781223,318,39,0
441,1084.693983694608,141,14,0
441,955.6492968677105,1336,32,0
441,1104.9799828608711,644,76,0
441,1083.426723401838,1311,14,0
441,1157.487519638974,269,66,0
441,1197.0925644845686,1153,51,0
441,1087.3139251864677,532,26,0
441,1288.063038638908,174,23,0
441,1226.9315279989034,887,31,0
441,1076.2129643935482,409,87,0
442,295.6846686983763,622,62,0
442,303.81351579983686,149,26,0
442,312.5777412808273,636,90,0
442,323.17243488023956,22,83,0
442,329.4940554731675,769,36,0
442,329.8214409873039,346,16,1
442,348.89597696622667,1277,72,1
442,340.94754254731504,1048,16,0
442,361.9069569043591,209,12,0
442,361.77383586519613,327,2,0
442,376.36906167011637,1130,16,0
442,387.56787288694625,1306,44,0
442,397.1502962233351,344,21,0
442,412.07213278249856,869,46,0
442,415.49058246605614,1039,59,0
442,420.9456634908239,944,7,0
442,418.7325922487046,803,32,1
442,411.89764610428284,1088,99,0
442,438.6434128990255,716,16,0
442,436.3602315399642,527,54,0
442,486.5892883835855,264,46,0
442,462.32684435565614,537,74,0
442,476.44645089983806,137,84,0
442,513.6256896227399,599,89,0
442,455.87131258493105,1429,54,0
442,475.6674273211745,331,100,0
442,520.6254568145174,141,39,0
442,489.70345829196503,1370,64,0
442,552.9000202646305,918,72,0
442,562.7706193582567,607,37,0
442,515.6877733276573,278,9,0
442,548.3870480005241,800,22,0
443,96.90751723132524,1041,10,0
443,97.9670749139745,1334,6,0
443,99.32692140882091,1417,87,0
443,100.28945752052208,1212,33,0
443,100.87819597746015,505,21,0
443,102.29008494612508,1238,11,0
443,103.72852336052853,577,21,0
443,104.49901319877617,846,96,0
443,107.88756668505933,471,10,0
443,109.22136870006233,47,13,0
443,110.90691480183051,1437,68,0
443,110.5067443633302,1269,38,0
443,110.99346791067092,182,32,0
443,111.6293945829524,14,75,0
443,112.03089595206953,1309,52,0
443,114.46091684079212,959,58,0
443,118.53540230628471,1031,44,0
443,117.72014993665856,144,88,0
443,116.3510142431272,1328,23,0
443,122.92677606469195,545,25,0
443,117.39697750391798,682,89,0
443,119.61546748058282,10,94,1
443,126.73990841159173,1090,69,0
443,120.1645142557461,1056,85,0
443,128.03432264712143,1138,70,0
443,129.03659910722226,1407,93,0
443,121.46276579566384,545,50,0
443,123.71935588235155,327,49,0
443,123.49413829296377,845,73,0
443,129.25988445403604,210,24,0
443,135.66723718805224,305,73,0
443,138.9696870753668,273,83,0
443,140.13426303536198,694,16,0
443,138.51416381915718,895,60,0
443,133.8118998304825,167,41,1
443,133.93176323235787,922,86,0
443,144.90253548920634,1340,52,0
443,147.5054884425849,1279,27,0
443,146.72685967226508,594,67,0
443,140.15969306880146,711,86,0
443,150.3641421787339,992,66,1
443,146.67831123839107,1180,78,0
444,407.41914132033816,1258,78,0
444,417.031631895115,1385,52,0
444,427.99014357879184,83,93,0
444,444.7279337677535,383,84,0
444,452.46244301771094,908,37,0
444,452.96118210600486,633,42,0
444,482.9075547902872,1029,8,0
444,480.92627162136245,736,40,0
444,477.9411132750257,1116,28,0
444,485.6698166996191,364,9,0
444,501.54281929678234,303,3,0
444,520.5762042252543,395,85,0
444,510.55562981469984,418,57,0
444,572.1345132267073,206,59,0
444,586.8124619994787,457,64,1
444,588.4632556933561,1185,97,0
444,607.4122791317628,1202,63,0
444,589.381037501721,964,76,0
444,580.1084840959171,391,44,0
444,593.2020324338976,1382,8,0
444,606.9043137573576,463,71,0
444,657.564953457359,639,55,0
444,632.7743667718928,247,60,0
444,678.8604242571005,665,9,0
444,701.5700767207336,1227,15,0
444,670.360587655319,1003,30,0
444,640.4133928168218,332,4,0
444,679.9466037082384,534,60,0
444,700.1481721134242,1182,61,0
444,720.630967016125,491,63,0
444,699.990674089561,1069,53,0
444,800.2751692817883,342,57,0
444,771.7686568727673,767,69,0
444,731.2928389760283,979,39,0
444,810.7042647151029,103,99,0
444,713.1354897484719,174,51,0
444,751.0021885990693,207,77,1
444,847.0325250728167,631,41,0
444,858.034173041693,1409,73,0
444,834.5052108570164,631,89,0
444,761.676874829014,1215,49,0
444,840.9982658702363,480,25,0
444,847.3008863377904,151,40,0
444,934.4678839979122,519,99,0
444,786.1759802747611,236,34,0
444,943.9925154163698,1275,51,0
445,746.670645298459,7,27,0
445,769.726249391318,1116,24,0
445,782.0942370377796,620,54,0
445,808.8867117257371,190,72,0
445,821.1123745258046,1103,55,0
445,871.71733004835,599,4,0
445,894.441281229259,1166,68,0
445,916.1803137278185,1236,12,0
445,908.3882402151662,1143,47,0
445,913.4563956151078,548,63,0
445,929.1355075702069,580,55,0
445,975.4965571406046,1332,63,0
445,972.0098899633042,566,94,0
445,1032.0783247552909,1020,46,0
445,989.4363774018389,663,35,0
445,1048.509261060817,1056,65,0
445,1024.94447385304,1424,69,0
445,1177.2585263226576,1328,29,0
445,1084.0874463867422,1256,64,0
445,1118.1444916809896,1318,7,0
445,1187.8107544428804,197,38,0
445,1237.5152487654486,98,87,0
445,1242.20585985056,732,24,0
445,1218.0213963960027,1273,38,0
445,1244.5850259785157,1096,84,0
445,1377.5569367102412,40,93,0
445,1390.732490628448,1116,58,0
445,1325.6481256700856,1409,27,0
445,1275.286904043439,781,11,0
445,1260.657643714807,459,28,0
445,1356.5424648251312,343,81,0
445,1384.1910018584194,707,52,0
445,1534.341370775916,338,80,0
445,1452.8853519208005,944,81,0
445,1584.2062957132289,1328,54,0
445,1649.4449649154753,90,70,0
445,1398.0210724550916,1055,26,0
445,1704.472056889702,56,15,0
445,1710.1734546463613,175,58,0
446,281.34527857383114,288,35,0
446,307.99538464920215,1109,5,0
446,337.5992827849919,1208,14,0
446,352.2300222028025,129,81,0
446,386.16597540683654,177,27,0
446,416.65971952941857,490,71,0
446,449.7730331656637,1283,40,0
446,468.63016762025404,297,31,0
446,481.8454750990014,788,70,0
446,496.08750545276416,589,46,0
446,483.85632575005184,109,53,0
446,551.9922411996633,1209,20,0
446,544.9048885448886,1317,2,0
446,557.8512349567129,273,67,0
446,624.603859688815,755,31,0
446,697.5165541146364,319,71,0
446,635.0086742383698,774,23,0
446,623.8516785739657,432,21,0
446,725.5715715956266,611,37,0
447,213.81828719545985,284,52,0
447,229.38915465223477,1041,18,0
447,239.1290657605241,958,91,0
447,251.6821153291507,1178,90,0
447,271.3944822572367,704,75,0
447,278.2431893385575,1185,32,0
447,305.8914452925527,1020,16,1
447,296.4777941087722,151,30,0
447,340.8003662615891,528,96,0
447,327.97712188822675,331,96,0
447,375.6461160934489,739,92,1
447,374.0197869707895,256,53,0
447,368.63689374659975,1105,39,0
447,396.78520359339655,32,55,0
447,437.9483847678446,929,92,0
447,441.03710419858214,187,6,0
447,414.9919249775021,177,21,0
447,490.08419987863505,337,7,0
447,523.3589570514164,320,92,0
448,682.7781323233617,81,56,0
448,708.8247106802797,1287,16,0
448,732.5948007306182,496,55,0
448,767.007494423782,552,76,1
448,775.7385809206719,1117,4,0
448,827.0567926103198,105,61,0
448,862.8020258919727,519,23,0
448,859.710854078275,764,14,0
448,883.2290318778156,1101,51,0
448,952.7486579962658,718,24,0
448,970.444222151303,352,57,0
448,965.5212042653142,1235,3,0
448,992.6846332202076,570,77,1
448,1048.1686082652168,1337,75,0
448,1101.9426570714352,940,96,1
448,1016.3411235106789,218,95,0
448,1042.6189644613055,949,53,0
448,1152.8634358712293,863,100,1
448,1074.8672852395878,785,87,1
448,1095.7600240573938,717,11,0
448,1132.8695890603644,1061,48,0
448,1310.0336632809463,385,92,0
448,1315.6301046940862,718,84,0
448,1322.4194057684838,673,73,0
448,1424.4065944042222,654,71,0
448,1236.5540200345365,986,49,0
448,1471.2165310170008,176,39,0
448,1349.261998207996,295,95,0
448,1361.950815893387,1340,72,0
448,1536.9793573513825,1224,51,0
448,1647.932176589962,1146,4,0
448,1644.0499335765942,876,9,0
448,1370.1282648354245,661,50,0
448,1644.5678857779321,459,30,0
448,1667.7578538689727,1006,68,0
448,1537.501598390053,236,99,0
448,1706.965412130194,210,24,0
448,1641.8402790886516,147,87,0
448,1584.4015208269943,770,90,0
448,1656.3026900456873,1364,41,0
448,1855.901787208737,145,33,1
448,1587.1241644451788,1212,55,0
449,457.9570840355781,1184,16,0
449,496.3244377552187,1006,46,0
449,516.6320921012123,1335,45,0
449,580.4472455570204,276,35,0
449,598.6569040991353,1153,72,0
449,618.1701803947378,1395,30,0
449,628.2736647608257,1340,62,0
449,680.2664276750753,1187,15,0
449,710.3208173520705,571,56,0
449,740.5549000174673,46,82,0
449,878.4623907783853,554,68,1
449,851.8591532692008,1306,10,0
449,872.1899689011191,103,21,0
449,926.3889160207959,548,10,1
449,966.4151898587797,386,40,0
449,1047.024263457175,471,34,0
449,1037.1718211868365,897,58,0
450,361.45736613006994,948,30,0
450,423.5555814119709,231,12,1
450,504.73430553071603,1318,100,0
450,630.1636887494393,838,10,0
450,648.0485722191354,989,64,0
450,756.9127091827525,360,3,0
450,886.3140497362792,756,100,0
451,755.2933159379277,1243,10,1
451,778.9506053814589,1189,82,1
451,818.3565664345491,783,99,0
451,856.4324519426493,930,43,0
451,893.4286373468717,1408,76,0
451,879.2154025030836,959,82,0
451,930.7003866065444,1356,12,0
451,978.8318844568191,475,68,0
451,1019.7122969144178,525,27,0
451,1061.984221623054,206,37,0
451,1014.1524719424103,1163,29,0
451,1048.9228601316188,472,7,0
451,1100.2876863864085,1187,24,0
451,1204.3696416245195,1003,34,0
451,1163.162843962237,427,46,0
451,1231.4699686835133,1117,79,0
451,1188.8552571040036,765,23,0
451,1265.798526720395,1014,80,0
451,1342.8593622414105,959,88,0
451,1244.0563497982428,317,34,0
451,1294.8494570291398,323,30,0
451,1411.1353867372577,11,97,0
451,1406.836208777871,1430,83,0
451,1532.6296267533967,1,30,0
451,1342.2532382226477,1418,54,0
451,1541.4088308358046,222,100,0
451,1464.878444686204,1147,25,0
451,1654.7262888541882,216,13,0
451,1633.7525895128722,1413,83,0
451,1595.3167239042425,169,10,0
451,1678.5108111207803,614,42,0
451,1583.940599856005,276,10,0
451,1636.4450136922446,1143,39,0
451,1777.6456589494583,1266,74,0
451,1918.042384502301,527,62,0
451,1862.0557036887474,1105,64,0
451,1912.370240276196,1313,23,0
451,1694.5699152569637,1047,70,0
451,1782.0035262162078,483,60,0
451,1970.2384801692356,416,97,0
451,1877.0090231522927,293,93,0
451,2099.6455399945035,947,44,0
451,2023.3192681162814,1105,44,0
451,2272.784289566819,1417,35,0
451,2016.0857118365861,131,31,0
451,1948.0780473856942,1291,28,0
451,2139.100179397066,298,19,0
451,2212.1996101617087,1027,79,0
452,821.2779252417688,988,55,0
452,875.5518214958745,516,16,0
452,938.4216622968717,424,28,0
452,1016.719937094342,342,3,0
452,1059.474843849066,1170,86,0
452,1075.649831577267,1155,5,0
452,1217.6997000078786,306,13,0
452,1239.7885830824694,594,88,0
452,1247.633095899894,234,62,0
452,1280.6144643141768,1377,43,0
452,1398.684002480696,1371,87,0
452,1443.6517574706636,711,62,0
452,1357.7487444695764,792,15,0
452,1458.4071208721941,581,7,0
452,1590.9464861190213,832,74,0
452,1738.4234661345477,1121,2,0
452,1714.771529478949,248,83,0
452,1663.4956676514428,1298,64,0
452,1777.3563654431773,576,10,0
452,1845.9572910601482,1160,74,0
452,2053.336558593592,843,3,0
453,990.386632973952,493,16,0
453,1031.525131462441,1127,3,0
453,1064.3686115740306,397,10,0
453,1103.6976391099588,1280,69,0
453,1162.1481178601123,110,30,0
453,1203.67085842754,399,17,0
453,1242.1637176364886,564,11,0
453,1222.3697069046746,264,59,0
453,1338.9863821477318,160,55,0
453,1380.0724273913927,815,10,0
453,1424.003022026866,1208,95,0
453,1372.3724839753543,1106,4,0
453,1341.0494633878443,1048,91,0
453,1441.8327507731722,1005,5,0
453,1542.215606399333,1159,96,0
453,1627.4821071488254,985,82,0
453,1479.2482254357947,1421,5,0
453,1510.6038604097505,1416,52,0
453,1725.900631395159,1437,85,0
453,1692.7231898350328,852,10,0
453,1836.991815769587,788,12,0
453,1662.69778179915,921,25,0
453,1726.9230949201178,305,16,0
453,1838.2200190193194,459,78,0
453,1703.5040524539927,195,52,0
453,1955.898555989685,512,19,0
453,1778.6347865514842,743,94,0
453,2075.5293700162015,796,7,0
453,1915.2847769775428,1086,52,0
454,412.35387932066715,307,94,0
454,419.0800175127662,353,47,0
454,424.50648432046626,1298,1,0
454,429.9514884653952,1341,54,0
454,436.7528853496389,231,55,0
454,443.7911051785764,464,64,0
454,458.22098884455005,243,12,0
454,454.7957506926589,436,98,0
454,461.49745559536603,443,46,0
454,463.07328283270397,689,25,0
454,464.46625067638513,2,40,0
454,488.68590224301784,1002,81,0
454,478.42078739015386,526,13,0
454,503.10240456571205,441,81,0
454,492.3470890768757,835,70,0
454,511.4522549572109,62,78,0
454,530.5485970476456,1167,91,0
454,517.2890428024363,972,26,0
454,534.0329231169501,999,50,0
454,526.6423779263253,219,53,0
454,562.9525622507546,692,73,0
454,525.94119102861,1413,11,0
454,575.0337088232629,857,83,0
454,531.5219199233358,874,10,0
454,548.2485513104095,450,86,0
454,546.6749702295964,383,16,0
454,581.6320600578321,35,3,0
454,565.6716419378686,935,6,0
454,615.1135956915704,114,46,0
454,612.1406672810026,637,50,0
454,609.3602987701966,1211,36,0
454,648.1251345261393,1421,78,0
454,655.0727622913874,745,86,0
454,599.8743640455764,1214,16,0
454,629.5199586640501,1378,21,0
454,640.5834929786456,375,36,0
454,633.2189351512109,650,85,0
454,685.6546228387782,663,97,0
454,692.830516257116,296,100,0
454,641.9282809457193,1020,68,0
454,693.7292906526512,1268,62,0
454,661.1081018934394,409,96,0
454,664.1347520460096,820,93,0
455,85.14218391001248,466,59,0
455,93.39418824595323,43,48,1
455,102.81810259353514,126,18,0
455,105.6823897119536,1044,82,0
455,122.85711104509241,65,28,0
455,120.65243650700918,104,73,0
456,35.0970478324852,581,32,1
456,39.81130622546216,966,26,0
456,44.40362752074909,286,45,0
456,48.9713447309701,1035,30,1
456,52.817352933616874,1145,17,0
456,57.90519830251915,1405,82,0
456,66.6355348057028,1102,57,0
456,64.66851805979935,928,48,0
456,73.5544258013966,224,79,0
456,68.7688829365351,788,20,0
456,82.99962376306374,768,31,0
456,94.81849750970326,155,34,0
456,99.56744213645725,902,1,0
456,100.58334852551744,1338,26,1
456,99.18022273556251,124,14,0
457,70.25676008462764,507,1,0
457,89.25691733471217,656,5,1
457,112.02404370457668,381,60,1
457,132.61272963532437,735,95,0
457,147.8414618822482,257,81,0
458,740.9802186468423,21,21,0
458,814.1720382044767,1232,54,0
458,851.7437337204894,124,35,0
458,931.9355295888583,760,27,0
458,1033.562280946607,1187,8,1
458,1089.700668049022,399,28,0
458,1130.3129064457303,536,40,0
458,1109.65425881273,876,86,0
458,1191.2254310224098,745,28,0
458,1416.0316389764016,365,82,0
458,1458.5604521812807,691,12,0
458,1425.8010270507175,1133,64,0
458,1577.3353054076815,246,12,0
458,1597.778596407109,215,85,0
458,1472.4326308520122,158,2,0
458,1782.7812605893462,170,3,0
458,1686.3570121941725,1395,57,0
458,1663.6043133959806,436,40,0
459,279.93005673943054,1386,24,0
459,291.65807566097527,1275,99,0
459,313.43774120276953,1073,93,0
459,317.1837203174397,876,94,0
459,331.20089446347185,712,73,0
459,348.97794508227054,764,88,0
459,352.03168908054033,1270,49,0
459,393.52558180431004,729,2,0
459,417.31612808085094,55,89,0
459,432.93796809648865,1393,36,0
459,449.54391551597234,1022,98,0
459,456.37696898103377,362,2,0
459,438.4511419453686,120,60,0
459,469.3016969881988,1070,24,0
459,484.7770923832639,330,77,0
459,490.92267255594373,167,97,0
459,468.0902486204324,900,92,0
459,478.1517160785751,1360,5,0
459,516.2010450514301,1372,22,1
459,581.605144422777,510,80,1
459,609.4990347233238,608,51,0
459,579.6035440071316,622,14,0
459,585.2120659384389,899,7,0
459,671.9851401335163,776,39,0
459,643.1671065776819,319,39,0
459,588.7510679393123,1156,11,0
459,706.2545990186308,880,19,0
459,672.7188732307993,1066,92,0
459,650.6028952721468,269,37,0
459,676.1333913482763,51,8,0
460,659.6673248086165,930,7,0
460,731.384606768411,1085,96,1
460,798.151893200631,424,16,0
460,832.2014844609889,12,54,0
460,943.9924167210922,1226,26,0
460,946.1595976768708,564,59,0
460,1119.8857438388113,147,55,0
460,1108.8253360925787,1120,43,0
460,1135.4431635860276,1103,99,0
460,1326.389328287165,1019,58,0
460,1432.6778388046705,1181,11,0
460,1314.6966658150327,1434,60,0
460,1297.6905306964036,448,25,0
460,1513.1242839630959,946,3,0
460,1452.7360709726856,1303,57,0
460,1508.2223806498778,64,26,0
460,1599.6634166877734,855,96,0
460,1590.0388589230197,158,91,0
460,1811.2795250502559,1269,74,0
461,567.5948971250249,1362,1,0
461,602.3048754909297,212,76,0
461,622.2911981485245,1369,29,0
461,681.2905284918722,778,2,0
461,687.8812316827232,1198,4,0
461,710.2373443958768,1381,76,0
461,746.742067893161,1250,1,0
461,836.4115601320711,1283,57,0
461,863.2584926596438,934,65,0
461,864.5348334090281,1040,72,0
461,970.6265415546154,1327,26,0
461,905.8793183007613,995,26,0
461,1012.8575630218179,430,73,0
461,998.8888916269945,366,69,0
461,1015.2666271543693,313,5,0
461,1159.6681311705363,5,48,0
461,1012.8491520204299,43,58,1
461,1152.5099907472513,1139,83,0
461,1277.3952307032732,475,66,0
461,1336.761930464057,106,57,0
461,1257.9009629478182,1399,24,0
461,1154.1678885677975,1081,28,0
461,1328.156504307066,917,4,0
461,1411.7520020765837,1371,90,0
461,1322.9352931601907,467,60,0
461,1269.195367737169,183,50,0
461,1453.109163674965,212,95,1
461,1315.5208785211796,769,44,1
461,1532.0410183784193,1403,85,0
461,1599.6835397908826,1048,86,0
462,419.3586116488656,535,70,1
462,450.7758591534655,523,7,0
462,493.9815018154043,55,27,0
462,531.6274754807807,241,42,0
462,546.9619444297491,869,17,0
462,582.2453496794892,1278,30,1
462,630.1126777546364,142,100,0
462,612.2679336051226,815,70,0
462,622.0158837566869,237,8,0
462,710.9330790789581,407,75,0
462,737.5295117536843,1297,22,0
462,757.2603311364635,974,63,0
462,815.9454962118617,1318,76,0
462,786.1597801062751,593,16,0
463,53.629384517341535,1095,77,0
463,54.70456043272658,866,93,0
463,55.8271993010428,1080,40,0
463,57.01504849724516,1081,34,0
463,57.25860949370984,362,96,0
463,58.20249674527215,1099,37,0
463,58.92507713853617,867,71,0
463,59.56068828468854,596,4,0
463,60.712874603344666,374,52,0
463,60.82746781120209,1380,86,0
463,64.29310469098618,248,9,0
463,66.47068153254253,364,2,0
463,63.98954634399382,375,38,0
463,67.44864086889694,844,8,0
463,67.11836670343406,594,17,0
463,66.81990599857762,1007,34,0
463,71.28255455416303,1404,53,0
463,69.01658788416069,682,70,0
463,71.87686396405914,29,31,0
463,74.83277807044331,1224,76,0
463,73.2197862816415,1113,28,1
463,75.95067542672652,864,41,0
463,76.74349275274656,334,70,0
463,72.85221061618067,1313,78,0
463,72.62930874024494,1085,52,0
463,77.2211951590973,461,99,0
463,76.31708551572676,671,7,0
463,84.29364473559475,1328,59,0
463,77.16609785758483,549,20,0
463,81.51441480463365,1126,56,0
463,77.14098047760864,891,32,0
463,86.81947477157222,41,96,0
463,80.7378600090666,1431,34,0
463,81.03046169459518,625,7,0
463,80.72132421527932,25,46,0
463,83.13133572076583,616,85,0
463,82.02276941145473,478,93,0
463,91.69107283664594,1332,52,0
463,85.6561949876019,373,36,0
463,93.09266559196635,473,48,0
463,96.12907208811716,486,78,0
464,112.36268807917044,937,5,0
464,116.20337176724463,1046,15,0
464,119.64561932403075,422,77,0
464,124.69246775480806,900,27,0
464,129.50123912964486,982,31,0
464,130.57216387110464,275,75,0
464,132.00395068760932,910,77,0
464,137.5168502012764,678,15,0
464,140.3131260380724,1133,70,0
464,154.53830221726255,532,10,0
464,160.77498223138187,847,97,0
464,152.90578263650565,172,15,0
464,168.11408987362438,320,99,0
464,154.6134044627849,279,96,0
464,175.1067575016479,1086,4,0
464,172.038727433551,852,2,0
464,186.11137619032735,146,33,0
464,185.39748761615593,686,57,0
464,175.40634126085507,1128,71,0
464,179.99633403474567,753,85,0
464,184.94580333918168,242,12,0
464,210.71390355761892,264,25,0
464,192.10949418662403,21,84,0
464,189.85286735906402,11,84,0
464,210.3440956388987,691,15,0
464,208.44608068068675,1051,13,0
465,589.8987385465118,1238,89,0
465,625.6132211957105,75,31,0
465,670.0944639409032,977,71,0
465,702.6150760534549,656,17,1
465,765.2990956736691,941,39,1
465,766.1249852645249,674,29,0
465,769.9212076027819,1228,15,0
465,809.2544210066433,210,50,0
465,912.6650182593282,119,70,0
465,885.1379691444004,1120,61,0
465,942.276426849779,415,34,0
465,1000.0308745291416,982,99,0
465,1103.5903087329402,207,75,0
465,1019.2220531513113,1420,26,0
465,1150.1224347255043,56,14,0
465,1187.434972489244,96,27,0
465,1116.446242846998,55,47,0
465,1133.5822543917789,169,87,0
465,1291.4888924485358,198,91,0
465,1180.2759729087647,607,18,1
465,1446.7303196703017,601,56,0
465,1307.883503494583,573,40,0
465,1245.9111495556213,1116,33,0
465,1428.1033331823994,17,100,0
465,1560.0742698214985,1225,47,0
466,426.860461902289,1356,85,0
466,444.5710239406722,735,99,0
466,466.0897379925058,834,30,0
466,488.2320076058849,991,58,0
466,483.5890379837295,269,31,0
466,510.9885101768364,711,89,0
466,543.9713397815848,674,41,0
466,533.6468155946486,283,36,0
466,577.0809807711227,502,48,0
466,590.8441852439762,944,98,0
466,571.6070736283241,321,85,0
466,626.0494266755712,1149,77,0
466,634.5254168029039,590,85,0
466,650.5679242335673,552,32,0
466,666.6084465448195,1006,70,0
466,661.2565995401046,948,5,0
466,708.2882832475948,47,28,0
466,722.0418022325723,592,32,0
466,776.4981842196256,1435,93,0
466,782.3417827405801,760,56,0
466,772.6301988850607,1247,13,0
466,858.2037160185264,1006,61,0
466,782.363017079334,374,52,0
466,756.8438535011518,1409,23,0
466,780.9523936646065,559,78,0
466,804.700802928701,824,1,0
466,808.7701837919662,308,72,0
466,815.0458816321786,967,65,0
466,888.0500425682462,690,81,0
466,954.7726786112385,1270,85,0
466,947.6700364650409,1066,97,0
466,963.8944416142872,155,77,0
466,1057.7233828785784,1217,21,0
466,939.9436326877836,425,11,0
466,994.2001262614535,935,51,0
466,972.9549343977407,1298,50,0
466,1169.387021699566,1244,21,0
466,1123.6210421744938,293,31,0
466,1148.6195198188448,1409,29,1
466,1118.7253550423366,792,73,0
466,1217.1396897469701,369,26,0
466,1222.0958728975338,479,61,0
466,1171.9426724174743,238,99,0
466,1282.062905676421,1374,53,1
467,63.140639608061655,317,73,0
467,65.94442551912752,1080,35,0
467,69.45274296878895,1026,34,0
467,72.8681004069996,129,36,0
467,77.83895498588655,1040,17,0
467,80.54200670341902,783,67,0
467,83.65821961996085,945,98,0
467,82.33778885636367,853,53,0
467,86.96915303788339,300,1,0
467,87.54068025092809,1029,33,0
467,94.07771601049686,1285,74,0
467,101.30184495169648,206,48,0
467,109.29670042227829,301,9,0
467,110.21719259876676,1197,46,0
467,111.40711619569387,244,62,0
467,106.6668104375496,87,54,1
467,120.40030083378727,364,39,0
467,115.25749865590167,1267,96,0
467,126.14657553622533,933,65,0
467,133.44606449944598,819,75,0
467,131.45120810703003,624,23,0
467,119.19231171299674,338,27,0
467,140.72771841450862,1091,23,0
467,148.92635258277915,416,92,0
467,146.20120731811255,833,18,0
467,155.69410677738662,240,78,1
467,150.79887934885096,1414,24,0
467,145.61511143275345,172,60,0
468,795.7841400550523,904,83,0
468,812.3000503650884,246,94,0
468,827.2520649922646,550,33,0
468,854.8403287438605,307,88,0
468,881.7288163367222,1312,22,0
468,896.0194130418049,108,96,0
468,923.3625089766815,697,88,0
468,911.9682337195591,1383,24,0
468,969.1611185747894,934,95,0
468,978.6290313443949,316,24,0
468,953.2238715018765,225,89,0
468,978.5616625013612,1123,99,0
468,1020.6279039745112,1295,11,0
468,1066.76326060013,1150,1,0
468,1046.448475214238,586,27,0
468,1058.2934572795807,734,96,0
468,1094.0046955611406,1187,81,0
468,1091.9526540819713,783,59,0
468,1178.9285181275804,366,51,0
468,1194.3888470259278,1183,53,0
468,1181.610722374219,869,53,0
468,1265.5790856135995,983,12,0
468,1221.2929907044577,610,10,0
468,1250.6609476415124,449,90,0
468,1200.285494653861,866,1,0
468,1363.4326637874678,694,49,0
468,1268.353188089744,468,97,0
468,1287.7174673730472,893,46,0
468,1339.819273416379,97,80,0
468,1283.120442418364,1435,18,0
468,1383.2412194747042,120,23,0
468,1434.1647758837357,365,97,0
468,1529.0815710806464,354,89,1
469,905.2074386561258,1308,78,0
469,965.2149169565026,1218,34,0
469,1005.5627559967943,1217,36,0
469,1058.7124474262664,963,51,0
469,1120.9701170544126,422,80,0
469,1155.8198525565313,737,66,0
469,1246.5854936622736,1392,42,0
469,1279.5186637470501,1204,91,0
469,1338.795545760912,140,63,0
469,1302.5341776242828,921,56,0
469,1345.9881836280433,1206,63,0
469,1411.860381354825,685,43,0
470,616.9231268913345,1028,99,0
470,640.4150002361215,447,15,0
470,654.7578897130103,1006,39,0
470,681.8854156516187,890,13,0
470,680.9438354448534,687,98,0
470,699.062715322541,984,9,0
470,755.5776435567989,1283,66,0
470,731.5418185156813,805,1,0
470,785.4748192220466,866,79,0
470,792.044823269269,755,59,0
470,835.4305554632733,720,54,0
470,865.2541797010364,1435,77,0
470,877.903439066596,1176,48,0
470,870.6610706493569,1355,95,0
470,924.4142886140751,939,89,1
470,866.3619765714943,644,1,0
470,972.2560707293794,1361,28,0
470,1000.6612467930021,874,63,0
470,993.5542600994113,1188,6,0
470,984.3763168938947,605,88,0
470,940.3049566784946,763,4,0
470,1031.3623274344625,1368,98,0
470,994.416287821243,859,52,0
470,1025.825012368823,917,23,1
470,1035.6708755364039,1121,20,0
470,1125.7289890008885,185,51,0
470,1032.4940317619755,325,67,0
470,1234.3784262592562,1243,62,0
470,1092.283787355257,739,43,0
470,1084.4922251899159,243,54,0
471,380.28323699245357,159,77,0
471,393.3019129985889,1009,93,0
471,397.9006002860523,1121,36,0
471,412.2863136475481,660,12,1
471,421.54107120302797,15,60,0
471,424.0127164680341,1291,3,0
471,444.97353492292467,257,94,0
471,453.07612142948557,1101,89,0
471,480.3821211464994,177,49,0
471,465.4053257452868,1373,47,0
471,492.2696601110889,1099,90,0
471,507.81027250241715,1330,83,0
471,495.23217231411655,1406,87,0
471,520.2311887856847,1387,37,0
471,539.6283826766518,662,96,0
471,521.7951983714955,17,66,0
471,531.6924583250405,1212,93,0
471,592.2453346672853,1318,84,0
471,587.5335825606161,535,16,0
471,591.4969852312543,205,78,0
471,556.2813443225391,176,59,0
471,581.3316403363447,77,31,0
471,628.8044083319236,56,22,0
471,677.1483251568075,945,65,0
471,592.0863610439995,842,32,0
471,637.6246336499289,696,21,0
471,635.5378209687888,475,48,0
471,683.9000417700655,1352,91,0
471,742.9866870696492,1355,97,0
471,639.2065387257783,891,96,0
471,654.8796644865583,1147,48,0
471,728.9121749038707,570,5,0
471,672.9749855528372,409,64,0
471,782.2889358316811,383,51,0
471,751.5325794651609,1215,86,0
471,783.7770041865747,1438,22,0
472,686.5680915834396,1308,9,0
472,715.1587246982887,430,79,1
472,750.1549143752904,724,33,0
472,785.4673730570405,721,44,0
472,847.4784836380308,1058,26,0
472,838.8344740154857,403,67,0
472,891.5576994257577,438,48,0
472,884.9025932909668,1244,46,0
472,976.0809747230617,67,79,0
472,939.4047146099514,455,38,0
472,1021.5262488322377,723,53,0
472,1012.8891675311376,1016,21,0
472,1160.361273438865,1231,93,0
472,1179.3833029011298,371,49,0
472,1087.0837692065243,302,39,0
472,1257.0103709935402,580,92,0
472,1312.3398079660258,628,71,0
472,1212.3308634500377,368,4,0
472,1365.1731048948118,458,74,1
472,1331.8077668829333,781,29,0
472,1478.8493350684867,894,30,0
472,1256.6171040238737,512,96,0
472,1431.1772067934453,586,24,0
472,1343.4863129863395,806,27,0
472,1375.4581460294537,1433,66,0
472,1557.6179580885926,1035,94,0
472,1599.936218068754,1325,90,0
472,1763.671318271754,1106,81,0
472,1634.2304865261597,1319,46,0
472,1781.0899018899881,518,83,0
472,1821.7662037649418,1385,78,0
472,1629.671139329301,665,21,0
472,1879.3632439506696,566,42,0
472,1582.632608375398,45,81,0
472,1745.6822796041145,623,42,0
472,1720.724456906461,629,67,0
472,2029.822710937612,75,52,0
472,2059.2330277146557,393,87,0
472,2060.961501120869,475,95,0
472,2056.816944895985,737,74,0
473,61.34510779042357,1327,94,0
473,64.1991581858236,569,14,1
473,67.59922557559084,823,65,0
473,69.77162217826135,933,66,0
473,75.30204596600656,263,50,0
473,79.04860749273085,535,5,0
473,79.19228191885783,370,42,0
473,84.97543851006631,964,37,1
473,83.99178860436835,80,47,0
473,90.73425051554165,1253,49,0
473,89.94105973499583,569,24,0
473,93.44381750156106,409,69,0
473,100.0352351847471,464,63,0
473,102.65787285908601,1197,1,0
473,115.59464684282199,760,91,0
473,113.08601336135607,1420,50,0
473,112.9556637928226,554,38,0
473,112.5291060625162,1322,34,0
473,128.92068745151715,943,18,0
474,950.7368056572107,683,24,0
474,991.4875531705129,1427,47,0
474,1024.5067901661482,702,66,0
474,1042.6000215198076,404,51,0
474,1098.2251819899814,1327,76,0
474,1129.027231252748,688,22,1
474,1157.1160024338444,1350,6,0
474,1228.9956176706846,271,16,0
474,1288.0577516358503,96,31,0
474,1273.7125501384915,1263,91,0
474,1351.3682731379677,559,32,0
474,1407.217834616571,652,23,0
474,1410.8605841249928,468,51,0
474,1434.6192702606008,539,72,0
474,1537.481150044191,445,24,0
474,1593.288365924981,1195,64,0
474,1540.211455407707,957,47,0
474,1579.859464184051,1033,23,0
474,1759.4966657268108,460,85,0
474,1637.5125127459612,1390,57,0
474,1801.8268733479922,654,77,0
474,1701.984559096622,924,100,0
474,1721.7902657625618,1237,33,0
474,1904.9948029815232,509,20,0
474,1807.1757652523513,966,29,0
474,2079.2036449979096,706,58,0
474,2082.685164198861,447,52,1
474,2092.092691412773,469,34,0
474,2113.9137215109395,741,18,0
474,2152.2445473554844,1167,50,0
474,2007.8430775918116,580,50,0
474,2065.2206479516467,370,14,0
474,2086.829914117984,1192,33,0
474,2188.4460808499985,115,47,0
474,2069.391084587167,715,7,0
474,2160.8859260284394,1049,97,0
474,2160.4574368745944,1010,76,0
474,2402.405874396798,356,91,1
474,2614.1736198422527,1161,25,0
475,71.91292024622518,46,53,0
475,73.66997924232719,1027,92,1
475,74.97027912249422,448,55,0
475,76.64418541028198,166,32,0
475,78.25108541199279,240,18,0
475,80.61999319353114,1269,61,0
475,83.45421500001179,895,87,0
475,82.20962610552898,364,99,0
475,83.68281194220886,1404,79,0
475,88.98895637381105,1266,54,0
475,87.52975157836106,985,33,0
475,92.03062324838702,1322,20,0
475,88.7819086023194,1080,27,0
475,91.86364153962991,628,96,0
475,92.55595161745252,1313,14,0
475,94.44447240297715,141,85,0
475,102.00561004878637,1338,94,0
475,97.76842946776387,1403,50,0
475,101.58665092962397,862,9,0
475,104.819598180512,839,54,0
475,103.82009555640467,490,64,0
475,108.25806750216218,706,49,0
475,101.73932879030427,566,83,0
475,115.80182868773286,526,68,0
475,106.38132134719436,781,41,0
475,106.34479004284331,1016,15,0
475,119.52449460326707,289,76,0
475,120.86739573090989,449,52,0
475,127.41300010358076,317,78,0
475,111.59410241089799,1004,79,0
475,114.04643653065642,57,7,0
475,130.326400868831,1086,74,0
475,131.1582516513156,392,19,1
475,127.75499861150756,169,43,0
475,120.34164521843549,659,40,0
475,139.45516083019118,1248,57,0
475,125.64952111268795,593,78,0
475,140.9748582613883,201,73,0
475,142.41627503159026,1002,12,0
475,125.22211289700613,58,2,0
475,127.81202432958636,16,78,0
475,136.59764225894293,139,15,0
475,141.7326756232026,460,87,0
475,157.46532041687232,84,48,0
475,159.39883061365754,875,95,0
475,145.57154178459558,748,38,0
475,160.59407051424228,102,35,1
475,157.23784666235957,743,45,0
476,768.9118896066146,775,30,0
476,788.398061031859,465,72,0
476,803.8230194003604,457,78,0
476,815.6579483147376,413,39,0
476,826.2617659331863,665,75,0
476,837.9232128837672,427,26,0
476,878.1672057742323,1123,8,0
476,872.9722831258146,556,97,0
476,878.2762555197389,548,73,0
476,938.1732892651953,453,69,1
476,953.1957478769035,1109,83,0
476,970.3724965423661,1128,57,0
476,991.0055341194628,1128,8,0
476,955.7060679204178,165,60,0
476,954.5498166735209,868,92,0
476,1039.922600245669,305,21,0
476,1035.1147208244256,725,52,0
476,1013.7437437010548,94,46,0
476,1060.6191380343494,1203,79,0
476,1079.9341974926615,1065,2,0
476,1156.3551133229005,952,18,0
476,1050.8594342085833,1120,89,0
476,1166.828676975543,930,34,0
476,1120.6167591618785,839,27,0
476,1180.5677058951255,689,12,0
476,1156.7735850690392,1039,90,0
476,1199.636421779186,973,61,1
476,1290.4632660054608,857,44,0
476,1174.758841050866,654,61,0
476,1316.7365058813377,655,18,0
476,1172.482075826879,696,90,0
476,1179.4102796051288,1355,98,0
476,1314.678406826907,471,39,0
477,43.57470366113569,1281,29,0
477,50.71373563610257,386,61,0
477,57.803132204439606,1207,85,0
477,63.08126175058068,1295,89,0
477,73.06485292295366,1092,85,0
477,73.13365607030336,526,36,0
477,81.00099996133326,1114,70,0
477,86.61710949879817,680,53,0
477,96.47486484995059,1167,8,0
477,90.54713372668232,949,64,0
477,113.61115993684174,1027,55,0
477,111.33081822689576,1371,96,0
477,121.10397937141985,559,85,0
478,466.1934055409433,1301,25,0
478,478.7653100820565,1131,47,0
478,490.75161324084524,634,34,0
478,501.7622661717079,698,38,0
478,514.8533923632907,235,12,0
478,511.7999397084387,26,89,0
478,519.1566365399492,289,58,0
478,528.4204913012613,371,87,0
478,547.9809873509795,752,74,0
478,569.6113916468485,561,5,0
478,584.2127865230492,101,47,0
478,591.1415498323921,511,13,0
478,571.8286089621605,940,47,0
478,604.4929398939904,1243,3,0
478,587.2176246746599,124,90,0
478,604.7918123997797,1247,42,0
478,642.8007693728246,728,11,0
478,633.823480226785,1363,34,0
478,622.5178466076236,1281,11,0
478,649.8796756649848,115,29,0
478,687.6838574520079,1275,93,0
478,681.2518676538396,620,99,0
478,722.8851522292964,101,80,0
478,742.260903502297,716,100,0
478,761.4137029185943,141,60,0
478,772.5048498115063,680,95,0
478,769.9225166795335,1084,3,0
478,742.7066206218894,37,78,0
478,790.1356188546843,976,98,0
478,789.2104195700125,610,60,0
478,812.3066976736873,226,41,0
478,737.1167171844872,263,71,0
478,832.2881577167718,72,27,0
478,754.3393913873347,1239,85,0
478,860.6284800471395,54,95,0
478,885.1356775523384,317,23,0
478,789.1518536731766,646,48,0
478,885.5842275264883,396,64,1
478,813.8500399818531,1099,70,0
478,868.16776226243,894,52,0
478,803.3916916761023,1394,92,0
478,853.4784951673514,570,5,0
478,853.736740247261,128,53,0
479,123.05395632879255,1171,17,0
479,145.4713642753357,17,5,0
479,156.9199240551742,80,67,0
479,190.9724517899884,487,26,0
479,211.227630095138,1240,66,0
479,214.5897439716571,809,54,0
479,240.21777661361955,63,65,0
480,605.6840047035731,452,42,0
480,630.7723764755613,569,36,0
480,653.8177894684707,330,16,0
480,663.4997942820235,748,94,1
480,697.1209209959922,821,32,0
480,742.6007829728064,1417,100,0
480,726.6127020798413,1024,61,0
480,792.1874499529514,1409,78,0
480,762.8330276189242,1037,91,0
480,838.9924092359272,1160,2,0
480,811.2013225537704,840,25,0
480,905.3954472167673,1159,37,0
480,872.787160754184,86,90,0
480,946.8097732991737,93,32,0
480,975.6258468778849,385,23,0
480,934.7965386690471,210,86,0
480,1035.7180757345009,1150,73,0
480,1057.6317768017836,1068,93,0
480,1030.8662264269547,1155,98,0
480,1055.0556471702841,1062,7,0
480,1117.7239513129102,635,68,0
480,1130.0812606414825,1418,22,0
480,1048.746388220916,914,43,0
480,1159.9037246101348,481,58,0
480,1166.234637224574,736,57,0
480,1310.8002822277142,1166,42,0
480,1277.8847776803727,1207,17,0
480,1363.4099809416657,654,24,0
480,1401.6660796871581,931,74,0
480,1366.2268392186566,360,66,0
480,1301.6750236163643,715,20,0
480,1399.0379380217923,1306,41,0
480,1233.0767005254058,448,92,0
480,1344.7360256703287,266,11,0
480,1572.995411679598,416,43,0
480,1406.3142134319894,673,95,0
480,1305.0357331996101,911,98,0
480,1595.205056211848,451,64,0
480,1648.9000589239618,422,53,0
480,1646.6137123442813,1189,51,0
481,676.2136626284661,290,68,0
481,723.9681527082229,943,5,0
481,809.532403803485,304,58,0
481,830.8055303678295,1286,72,0
481,882.620677338808,775,17,0
481,1009.4530069736568,1011,39,0
481,982.6029042593577,826,43,0
481,1062.8983952407048,218,62,0
481,1116.4744554918213,1185,2,0
481,1197.4602826365008,37,78,0
481,1173.3296443094512,702,1,0
481,1399.0626745878856,499,16,0
481,1427.120932115346,941,72,0
481,1547.7091335562159,437,74,0
481,1592.75627924963,457,58,0
482,602.9118858212361,1152,9,0
482,613.1642636265622,357,84,0
482,627.0893681264638,388,85,0
482,641.9668878340029,945,40,0
482,639.9332836786081,1392,25,0
482,650.2860000103318,1082,33,1
482,675.0826114386273,132,99,1
482,666.3498205124151,1256,45,0
482,704.2770594874629,1324,7,0
482,712.5579517528952,74,94,0
482,703.9444748164099,1274,87,0
482,705.1318129061236,1299,98,0
482,747.1782268912739,494,61,0
482,745.5488169831125,206,95,0
482,764.2808715713554,367,47,0
482,751.0217919973445,149,2,0
482,772.9282251896157,1086,50,0
482,781.2415808393639,417,90,0
482,838.6652861057071,1232,44,0
482,832.1697898173937,481,29,0
482,816.8959649931271,531,82,0
482,870.6291058130889,943,69,0
482,831.1635122719264,1038,89,0
482,884.1380834478649,1260,7,0
482,849.219812255545,707,27,0
482,870.1553989968627,811,68,0
482,950.6325780735106,842,32,0
482,942.3955186375583,419,97,0
482,880.2816356675648,984,20,0
482,904.4812388795673,393,22,0
482,955.886348402611,1337,81,0
483,888.1727592620755,1156,71,0
483,988.8632527119395,966,95,0
483,1033.6653907386194,731,98,0
483,1111.2114753664023,161,9,0
483,1297.6572830464625,346,16,0
483,1379.408749206305,212,13,0
483,1507.2395795911189,139,35,0
483,1450.0742157492168,595,7,0
483,1593.9532118697923,1254,7,0
483,1650.3727970926284,523,2,0
483,1666.6353391858856,670,13,0
483,2008.0017421318169,529,84,0
483,1950.5881555137078,833,48,0
483,2208.776605037909,1395,12,0
483,2275.550698051137,68,93,0
483,2029.3271241284615,576,85,0
483,2311.6950212710226,336,8,0
483,2626.9883061894056,400,7,0
484,290.9666828154048,696,16,0
484,325.355432069869,603,46,0
484,377.66004876973346,673,97,1
484,387.5026934883476,1345,2,0
484,418.60836198882384,241,100,0
484,448.7168938921237,1270,91,0
484,471.01506525615684,582,61,0
485,466.05472040832757,838,22,0
485,484.53587783430214,91,45,0
485,507.26752949159504,788,18,0
485,526.5134104471599,127,99,0
485,531.747530866448,569,9,0
485,559.5480595215365,1433,60,0
485,572.0606469729571,789,8,0
485,616.3319194143332,345,15,0
485,622.1204982930353,953,88,0
485,616.3297531552873,446,9,0
485,651.1365742915325,972,76,0
485,684.9252141703048,1285,84,0
485,717.101886567313,655,40,0
485,755.2546178668665,207,79,0
485,694.7652906177786,653,26,0
485,707.4757226753527,534,36,0
485,762.4621444410036,316,53,0
485,746.5670680988358,479,35,1
485,788.0277953280677,291,12,0
485,814.6337094576122,706,46,0
485,853.1301918859277,1135,51,0
485,866.6054604604466,202,95,0
485,856.4797592214361,866,98,1
485,897.9378146260061,820,31,0
485,972.6720165396388,1359,1,0
485,1003.8873373597321,708,70,0
485,1052.9875399027917,284,76,0
485,1007.6522867815193,327,50,0
485,1068.4564359820995,1256,26,0
485,1081.1815036210492,339,42,0
485,1004.6314699239315,107,1,0
485,1172.9533253322645,554,36,0
485,1035.2249186199342,1394,83,0
485,1139.838407403525,474,3,0
485,1089.5300730646245,787,81,0
485,1074.3261229377647,958,94,0
485,1072.959365880973,66,37,0
485,1255.4207726128593,1029,83,0
485,1293.621014444499,1236,61,0
485,1256.5045987549272,657,12,0
486,851.2496456964194,968,29,0
486,895.8112833722306,1321,52,0
486,957.8899173678362,133,2,0
486,994.8051328313675,361,67,0
486,1017.2420821117735,558,93,0
486,1068.74831766127,1085,94,0
486,1195.541317222554,477,2,0
486,1190.101893126398,1434,88,0
486,1278.5516619579153,727,62,0
486,1296.2840446633486,1123,4,0
486,1314.8452707861038,281,74,1
486,1382.1898606106383,187,15,1
486,1401.5178515716575,1256,89,0
486,1611.5506993020672,1150,37,0
486,1510.437911143834,1178,26,0
486,1490.1432761139483,271,97,0
486,1688.3145692674036,700,93,0
486,1820.1076723769606,1046,94,0
486,1695.0658005804717,75,63,0
486,1693.5172482216215,1400,85,0
486,1865.0437119410667,684,5,0
486,2059.536117142091,270,71,0
486,2183.7282518283323,867,31,0
486,1890.6629488310587,789,37,0
486,1836.1815092123388,169,27,0
486,2057.977518866336,39,6,0
486,2366.107644501352,380,16,0
486,2304.231301720094,1355,74,0
486,2502.296199630074,1213,12,0
486,2220.857671611753,975,23,0
486,2241.946435557782,1339,33,0
487,173.46371873342096,625,88,0
487,177.91294431183277,667,77,0
487,181.2334027604831,1132,3,0
487,186.64840285822262,735,9,0
487,190.83036335406422,990,81,0
487,197.172766545058,829,25,0
487,199.66061975234663,486,22,0
487,208.10949918367797,51,48,0
487,205.0253872500109,430,4,0
487,206.36455278055655,519,62,0
487,215.60577220408345,366,29,0
487,228.54825120374178,1207,16,0
487,219.23742338848078,423,9,0
487,225.32914914372523,929,26,0
487,224.5932380943225,565,68,0
487,251.09871976431023,1033,79,0
487,235.66894703031625,933,85,0
487,244.65636023568698,1353,27,0
487,259.0027806114919,441,77,0
487,255.2995297775434,369,14,0
487,268.91357133187597,817,48,0
487,255.6589400192362,1044,37,0
487,255.94474394320258,756,93,0
487,280.8607981130234,727,96,0
487,285.0607100575502,370,9,0
487,270.8034410511183,1329,71,0
488,301.0972402372461,627,25,0
488,323.4057775029104,756,69,0
488,347.4198564106641,217,18,0
488,378.30316907147704,328,59,0
488,394.93213891694586,1373,56,0
488,409.9777799971393,1217,61,0
488,465.08636096250916,1344,39,0
488,505.66417581737403,1341,9,0
488,508.55717536591555,939,77,0
488,527.7379633968894,276,83,0
488,558.7124846070388,1005,5,0
488,636.6314877946486,183,36,0
488,571.1093512373176,785,11,1
489,644.7677485968469,666,88,0
489,697.3835881427142,785,57,1
489,725.6024679072179,362,88,0
489,802.8406398982252,421,55,0
489,797.9187720747342,1116,81,1
489,904.9999164740605,945,22,0
489,963.2087896653532,1279,70,0
489,910.9589199055386,1201,7,0
489,996.2612028372607,720,28,0
489,984.9397294959556,1032,8,0
489,1039.101740542748,1226,10,0
489,1195.7959962677637,505,27,0
489,1284.8254449483684,920,47,0
489,1309.7573434686715,1191,37,0
489,1205.6942176564182,25,15,0
489,1351.6178616780403,922,80,0
489,1510.4899072135277,170,1,0
489,1438.8430404729452,1205,35,0
489,1423.0752854820018,369,26,0
489,1452.87318431652,965,75,0
489,1507.3411181567867,1000,57,0
489,1573.794568365569,556,5,0
490,418.34272640674277,266,66,0
490,436.2278221984786,1173,48,0
490,449.9445073228002,906,24,0
490,476.35132971516157,140,93,0
490,505.43288262055165,592,15,0
490,517.6698161197834,1283,62,0
490,541.0902475663368,1426,69,1
490,521.0587018171394,182,10,0
490,590.2034334441075,310,57,0
490,561.409093174244,828,95,0
490,622.0113037449958,465,15,0
490,610.6561481763346,715,97,0
490,679.1809792872452,546,88,0
490,614.733754653862,44,87,0
490,637.4419391767508,162,87,0
490,743.0820914294914,1119,41,0
490,695.2082301518303,708,38,0
490,717.0840082916652,1246,5,0
490,718.4382656058084,193,49,0
490,810.2435766489189,828,25,0
490,727.6669328859266,732,59,0
490,806.3648967135489,1382,36,0
490,800.2308708842256,150,67,0
490,793.7777031881349,1096,39,0
490,904.629913150369,1196,53,1
490,823.2552008425955,1124,89,0
490,902.2467077508825,828,75,0
490,1005.5865201275301,934,36,0
490,836.5256978463099,720,2,0
491,948.1769641281845,721,31,0
491,1002.6605456814182,106,21,0
491,1034.706262057204,627,95,0
491,1105.4788284477427,1284,14,0
491,1167.2527157053962,771,85,0
491,1218.92658965313,623,72,0
491,1271.6980377520722,234,36,0
491,1267.247866300413,888,47,0
491,1359.247451425313,298,34,0
491,1339.8209041359655,1244,83,0
491,1456.0726307539078,1240,100,0
491,1374.6772837767376,1205,97,1
491,1410.8720736853716,633,33,0
491,1448.1228149120566,961,94,0
491,1466.9352309191681,810,30,0
491,1685.3803315002365,1052,31,0
491,1689.4973116522096,973,1,0
491,1825.6822478357628,1231,78,0
491,1721.2215820745805,161,77,0
491,1965.926847597179,680,79,0
491,1873.4293742907812,264,29,0
491,1813.0769316442347,122,68,0
491,2149.86875334967,323,49,0
491,1855.9782785958855,510,88,1
491,2183.3708315447057,1170,28,0
491,2028.9771421515238,884,20,0
491,2089.783406954338,186,95,0
491,2029.604465585096,1293,36,0
491,2388.0841135547385,1180,3,0
491,2049.537264888984,1127,70,0
491,2457.4839208975054,967,76,0
491,2550.275565475625,651,44,0
491,2529.741246522416,159,85,0
491,2161.62756766286,410,89,0
491,2598.5717799307354,268,90,0
491,2233.4700514330802,1403,31,0
491,2570.735383092813,1169,65,0
491,2656.8373708008694,288,52,0
491,2428.7009396165054,500,100,0
492,771.7240161042081,554,88,1
492,808.8460974004472,488,41,0
492,855.0021647332718,263,16,0
492,921.1702906628996,1264,7,0
492,969.1545446134876,1326,82,0
492,983.6324716843966,634,5,0
492,994.949197497075,636,24,1
492,1054.3360509321838,438,68,1
492,1081.947942669699,926,22,0
492,1131.080634028465,293,69,0
492,1224.534904793417,565,82,1
492,1278.9276837383572,1352,6,0
492,1374.3192927655575,732,66,0
492,1366.3302755542827,494,4,0
492,1404.2311040956406,562,16,0
492,1308.974487207518,243,34,0
492,1435.9559392927495,1401,15,0
492,1366.802666165825,1200,44,0
492,1568.0366115877491,10,73,0
492,1546.404495173642,1310,31,0
492,1702.1349290772118,544,42,0
492,1542.4929518254148,833,29,0
492,1665.4210476674027,496,19,0
492,1686.2608421182308,663,85,0
492,1918.1519625699475,703,95,0
493,782.9134616898315,963,14,0
493,821.2517946533983,1044,24,0
493,862.1051230776441,934,42,0
493,865.7062179114359,959,71,0
493,941.364180177563,91,4,0
493,976.6338737057574,1076,38,0
493,991.1967619477279,263,98,0
493,1018.4258361383338,516,56,0
493,1065.1510297587245,597,2,1
493,1041.4017602877097,1077,42,0
493,1137.6412439658118,1346,73,0
493,1194.2174514479661,1245,86,0
493,1112.918002004606,989,20,0
493,1135.9617785122048,1315,43,0
493,1291.6157356148883,629,91,0
493,1300.1737303524883,1165,87,0
493,1253.9800628839869,945,91,0
493,1447.0252183413768,1194,1,0
493,1485.4366609890246,113,9,0
493,1380.666539593728,1279,95,0
493,1329.262394037808,1413,12,0
493,1484.9777727860348,549,66,0
493,1609.9673592249042,1060,58,0
493,1656.7163719472082,1032,25,0
493,1609.8354128975175,497,70,0
493,1693.6171380412898,785,13,0
493,1622.0122504671267,1066,81,1
493,1516.7491930356243,825,54,0
493,1902.6041436192554,970,10,0
493,1945.7150231731393,491,55,0
493,1718.187179226356,379,89,0
493,1777.3720467284954,961,8,0
493,1784.4642777932163,541,98,0
493,1958.3827519937495,528,4,0
493,1763.0936374110722,658,9,1
493,1837.4835366141465,1371,8,0
493,1997.8179918653104,870,48,0
493,2101.6156810100388,1160,84,0
493,2294.491169709461,301,61,0
493,2249.7323276756915,854,96,0
493,2096.218089101662,326,51,0
493,2364.8450896783083,1234,94,0
494,384.5557489897025,1265,63,0
494,419.5564218011904,1328,22,0
494,477.56813431578007,1149,13,0
494,505.79872969490094,508,37,0
494,548.3791970366591,544,98,0
494,595.1199234241167,199,6,0
494,578.4042172980567,992,59,0
494,665.9383583327616,567,55,0
494,675.8309282483585,1264,74,0
494,706.6612086882076,1108,8,0
494,814.0925074946341,1379,33,0
494,843.718535945736,939,28,0
494,844.4346843748316,1141,85,0
494,943.7733222145005,1278,64,0
494,971.2800799581119,613,62,0
494,880.9498150404695,583,33,0
494,938.9030290219905,59,39,0
494,930.6052374563385,1200,59,0
495,44.66219953213334,280,95,0
495,46.53245371962293,1051,86,0
495,48.10920655544843,679,100,0
495,48.97838848050658,646,85,0
495,51.08287437138446,539,67,0
495,52.5138298194737,189,51,0
495,53.32459221624537,511,42,0
495,56.07861309216824,1322,48,0
495,56.20417063507941,298,32,0
495,57.05528948669915,1429,27,0
495,61.744181774622916,1395,84,0
495,61.15128934946766,150,32,0
495,64.76456843593941,131,38,0
495,64.48355745465241,161,78,0
495,68.78737474827912,1420,33,0
495,68.71602893614656,383,84,0
495,75.5799898707411,646,21,0
495,67.09946993004387,1066,15,0
495,79.38979919704592,1313,80,0
495,77.73903286386161,567,74,0
495,70.66064296019505,1404,72,0
495,84.78345658224745,652,79,0
495,73.55842828033687,212,52,0
495,74.94664201469033,1301,94,0
495,82.52250272618346,369,23,0
495,90.9645101627053,1244,43,0
495,92.52907580595762,880,96,0
495,89.82041351722107,248,26,0
495,88.71150357006823,1159,88,0
495,95.12158288265171,481,59,0
495,98.74849954738048,291,14,0
495,94.95474029868518,796,23,0
495,89.90142061959524,783,59,0
495,101.26314741458035,935,45,0
495,90.74474142261548,1271,78,0
495,98.55403787479854,764,75,0
495,96.22077890017812,234,37,0
495,105.5544802786719,301,74,0
495,101.06098489453342,689,20,0
495,116.97570599622681,1172,81,0
495,120.30101926635594,1129,3,0
495,105.424191977519,616,57,0
495,113.99793607914565,1100,96,0
495,127.0746896184887,997,80,0
496,353.56820751186444,1041,73,0
496,384.0487088218041,644,79,0
496,398.0517969511902,638,80,0
496,420.8515965591423,45,8,0
496,437.351571736955,983,80,0
496,487.1686689878792,136,68,0
496,478.80332195114863,1091,81,0
496,516.7450808570471,387,46,0
496,579.0588697119374,461,4,0
496,617.899278508918,988,54,0
496,656.4432517805922,549,29,0
496,641.8214007769491,15,39,0
497,683.54359559419,38,86,0
497,713.5703880051473,371,4,0
497,742.7885095483074,1375,85,0
497,761.9326389750761,139,66,0
497,780.8030265360688,1289,35,0
497,837.8620864225669,543,46,0
497,821.0891282273525,1189,96,0
497,885.1434495819161,1028,64,0
497,868.8824635947777,18,31,0
497,901.0076597028304,228,45,0
497,972.1066131107711,580,83,0
497,1012.5066289098492,108,100,0
497,957.2700098919306,1277,2,0
497,1005.9100336888578,605,18,0
497,1035.205592600138,591,43,0
497,1045.8994975468631,392,8,0
497,1056.7792319767,38,36,0
497,1058.6970784641662,1018,47,0
497,1122.3007237604058,1167,53,0
497,1230.9196146013942,972,97,0
497,1267.1783910505476,1397,7,0
497,1324.3801305316447,141,47,0
497,1166.7572839560191,179,1,1
497,1379.4330913565052,1158,76,0
497,1199.613092894932,1102,9,0
497,1423.1267278812077,6,86,0
497,1403.4576570362244,672,73,0
497,1276.0447346697442,1260,11,0
498,921.0916386363442,973,44,0
498,963.6156025881779,881,90,0
498,1000.476305971465,988,75,0
498,1068.408321591294,230,12,1
498,1098.659858312461,750,61,0
498,1183.1025939590738,800,5,0
498,1175.867908368415,651,63,0
498,1208.7709756000904,91,51,0
498,1350.6116684275542,901,58,0
498,1271.6636736947296,771,46,0
498,1417.1662672440557,489,7,0
498,1506.8369533957905,1056,51,0
498,1388.9689720816045,607,13,0
498,1580.5839714905087,927,38,0
498,1558.1216200285032,907,59,0
498,1676.9529133389888,374,17,0
498,1541.9261669297243,1316,20,0
498,1631.882303176898,348,43,0
498,1653.0759081534397,1027,78,1
498,1755.0869868243606,1206,88,0
498,1950.5111902062536,77,75,0
498,1717.3275580479512,55,5,1
498,1855.3788997207403,1103,1,0
498,1950.0061002477826,132,39,0
498,1815.9901276161518,293,4,1
498,1937.2888109583364,214,70,0
498,2318.327386855479,452,90,0
498,2176.949563459976,695,72,0
498,2042.5313228661046,1003,27,0
498,2371.9017723450866,163,51,1
498,2416.1123949076887,12,81,0
498,2460.169407758286,982,96,0
498,2657.534816614615,86,53,0
498,2515.3093732993984,234,32,0
498,2552.288705772675,1275,71,0
498,2663.933534493019,306,82,0
498,2625.9483498722966,333,56,1
499,722.411602197984,2,70,0
499,759.369748115685,315,28,0
499,790.8332047496475,1133,47,0
499,837.9556627959447,298,44,0
499,883.3358060771733,270,25,0
499,898.6555016123011,93,14,0
499,960.211116520733,448,19,0
499,1009.9929002963107,562,18,0
499,1016.6831850398445,166,43,0
499,1173.8342742589557,460,24,0
499,1129.1269821756537,1194,82,0
499,1206.8247958043592,1045,28,0
499,1263.9394542872355,137,75,0
499,1264.7105004990967,212,99,0
499,1319.588943076446,622,28,0
499,1387.2340614671184,1417,91,1
499,1277.930850612223,888,18,0
499,1506.4272238511899,1133,58,0
499,1613.4128658995994,600,53,0
499,1413.0811012964093,397,75,0
499,1580.0599469538583,1053,40,0
499,1654.4912573653392,516,69,0
499,1560.4311499629712,958,27,0
499,1577.9286391582668,592,89,0
499,1805.3947550409598,933,9,0
499,1805.1208002530293,949,57,0
499,1897.1211540317804,1393,46,0
499,1905.0745896697922,112,50,0
499,1972.6074642455537,1440,4,0
499,1852.3854525084862,786,42,1
500,395.44932276839677,1087,95,0
500,435.34950656359786,414,2,0
500,480.95166607115874,261,43,0
500,492.07591630468613,1025,6,0
500,530.3751404071213,834,62,0
500,562.5094753200942,824,100,0
500,633.5087929501888,1297,54,0
500,698.5990313713406,1084,67,0
500,691.6689954546337,571,76,0
500,713.697527630801,801,60,0
500,718.3501075730248,1035,97,0
500,798.4303311893023,1299,22,0
500,826.9754440804754,230,45,0
500,837.0278065236606,1227,78,0
500,851.2697281780594,543,69,0
500,852.088827586993,616,15,0
500,897.1655892306974,248,91,0
500,1010.0336912998347,608,74,0
500,1081.0165760105874,379,8,0
500,1130.022130348164,875,97,0
501,602.2347542447018,1402,28,0
501,617.3501324892773,1159,18,1
501,636.532760826813,542,42,1
501,642.6090489963478,851,68,0
501,672.5019998839578,1287,56,0
501,677.1540851690019,966,56,0
501,700.6833973714718,220,45,0
501,688.1741680882051,605,43,0
501,705.4308380460054,894,5,0
501,732.5340288195631,105,77,0
501,765.9299348874513,884,100,0
501,775.5290189781994,53,57,0
501,747.2864841911603,141,3,0
501,815.9409557978132,1282,33,0
501,831.9033836170095,345,4,0
501,815.3432746222423,32,42,0
501,873.4511164084133,159,100,0
501,870.744697355427,377,24,0
501,814.6500613014684,1205,93,0
501,832.1211558142869,949,4,0
501,866.7258237196245,164,32,0
501,885.9230554911328,375,75,0
501,928.8952644548865,346,98,0
501,913.5888545680458,613,95,0
501,1017.1708049508256,739,83,0
501,1006.6103457899198,47,54,0
501,1003.4441185210394,857,14,0
501,1058.2520449663896,1228,22,0
501,1074.2171199103723,448,29,0
501,951.1392988540106,1434,17,0
501,1040.217441249712,377,45,0
501,1121.7702359438713,859,14,0
501,1057.6555267064991,1384,35,0
501,994.0771149379625,1246,43,0
501,1146.128310475837,634,77,0
501,1159.097066885568,1384,24,0
501,1034.300062800276,441,84,0
501,1122.3250578757181,368,3,0
501,1058.6018789474697,1379,82,0
501,1205.551385448999,443,95,0
501,1273.6415726682485,592,44,0
501,1109.4779014094247,898,77,0
501,1118.472716162149,322,75,0
501,1254.6206976213298,1058,76,0
501,1362.2919656054155,1085,62,0
501,1222.5639166850033,259,14,0
501,1153.953308284496,7,41,0
501,1284.2590058707863,232,21,0
501,1393.5814021151782,1324,27,0
502,189.3287535259972,1196,65,0
502,197.0871261235243,596,67,0
502,210.29974442757143,1142,39,0
502,216.0283173515428,544,34,0
502,227.22692556029406,608,31,0
502,243.592652250337,283,81,0
502,238.47592572806985,131,51,0
502,247.79007493770766,653,26,0
502,275.9037245136162,282,60,0
502,261.4716367275999,353,93,0
502,269.994115963088,1336,60,0
502,302.10305393642284,817,35,0
502,297.2240336232616,894,99,0
502,312.5874801993632,830,4,0
502,299.7576828479334,776,98,0
502,298.89490934551264,729,52,0
502,349.9059503040677,358,72,0
502,360.2656690559453,893,11,0
502,360.8982814197305,299,10,0
502,338.4661470703515,347,72,0
502,403.89019683321317,712,34,0
502,409.52682562098045,82,8,0
502,365.2173401014659,433,34,0
502,373.1456531893673,450,53,1
502,401.2776757863539,843,83,0
502,406.14926168436625,927,29,0
502,435.95656098404345,1383,90,0
502,439.4977861963871,1438,10,0
503,623.0631769395255,1351,77,0
503,645.2544782753399,1091,3,0
503,681.9409879798202,1021,65,0
503,699.6548526801165,476,87,0
503,708.4727666636306,333,60,0
503,733.3982331099722,1176,30,0
503,759.3355569548719,1409,51,0
503,811.137639628527,498,17,0
503,830.4366758950498,582,16,0
503,825.9316324761511,924,72,0
503,933.2811124021097,421,79,0
503,931.3030776315936,1254,66,0
503,915.4203104334383,913,95,0
503,927.8653472870365,565,63,0
503,932.197166778483,593,53,0
503,1021.3482045255611,18,31,0
503,999.4967209788363,82,34,0
503,999.3780222033631,386,94,0
503,1006.8064455116357,213,48,0
503,1215.8651072408998,259,96,0
503,1052.9399628975036,83,9,0
503,1088.878525415064,222,41,0
503,1221.0497435112056,1011,5,0
503,1331.836727268695,258,36,0
503,1314.7834104689236,645,85,0
503,1190.4527019140917,1143,10,0
503,1297.4765674445177,1179,7,0
503,1255.5200598856995,992,29,0
503,1382.6439812286649,162,33,0
503,1510.84703744098,1035,6,0
503,1438.5116395405921,523,20,1
503,1303.3516975303455,627,12,0
503,1349.6656729711988,867,30,0
503,1481.5793082731575,619,56,0
503,1359.0822138751573,1417,33,0
503,1708.1420347727317,839,5,0
503,1574.0528393209006,1032,29,0
503,1571.8740790636216,1171,37,0
504,381.40270227317274,939,100,0
504,390.37637616940935,949,45,0
504,393.91122420369436,1428,41,0
504,406.97991759005737,331,31,0
504,408.1743496145961,114,40,0
504,421.73093491884003,545,67,0
504,435.2514167488926,205,71,0
504,426.2130598459842,326,45,0
504,447.22396902324766,150,98,0
504,446.3907884099178,574,19,0
504,460.8295110556669,1089,58,0
504,456.35283653282477,1005,5,0
504,458.9971326072018,749,61,0
504,483.15064735569626,843,68,0
504,483.3973819642012,947,2,0
504,510.1390209934717,320,32,0
504,506.9463828589498,1355,55,0
504,499.8328865582363,384,46,1
504,515.4273166548949,587,67,0
504,524.0711229527415,950,29,0
504,547.0135944612903,921,50,0
504,550.3566692439183,525,71,0
504,520.7767900912473,755,85,0
504,563.8716790433676,326,70,0
504,551.6785930390881,93,82,0
504,588.2882510612391,686,19,0
504,615.2820550015008,451,21,0
504,625.9981788657739,1367,76,0
504,570.4790858379552,756,51,0
504,639.1529096285474,1298,21,0
504,590.7468264166523,423,49,0
504,629.2162884744671,370,41,0
505,795.2389525130254,427,81,1
505,843.0720167396345,934,96,0
505,918.3561585854411,1405,53,1
505,946.000174217761,322,98,0
505,970.3244661428532,1124,36,0
505,1107.3884396008668,249,13,0
505,1120.4343975991887,827,52,0
505,1173.061166989927,489,2,0
505,1269.520416750597,1135,79,0
505,1333.997986431359,1432,82,0
505,1234.3605827315864,893,27,0
505,1267.7035047662716,1244,41,0
505,1467.621943769831,867,64,0
505,1509.3848530827418,1345,88,0
505,1512.321162541285,1001,98,0
505,1534.06462878409,1425,34,0
505,1545.4339246237937,947,72,0
505,1633.6446347462515,1318,96,0
505,1700.7577303679611,850,62,0
505,1656.392390775372,1387,32,0
505,1678.7494560329383,910,94,0
505,1780.4307769203883,927,72,0
505,1842.689041660074,592,10,0
505,1770.5906808064942,421,92,0
505,2131.551576443011,866,98,0
505,2203.744177772849,95,31,0
505,2190.3824371959254,1300,43,0
505,2254.3050626289246,989,60,0
505,2016.48674070221,878,95,0
505,2613.966667103238,191,45,0
506,937.9790453366223,187,3,0
506,981.419217022335,1326,54,0
506,1036.1986115578752,1222,76,0
506,1102.1117721201056,470,36,0
506,1146.8002680362617,570,16,0
506,1153.5811507987735,1303,13,0
506,1181.3679137996603,108,1,0
506,1272.4758348298512,1378,81,0
506,1283.4565298420325,1280,68,0
506,1452.71213329483,837,22,0
506,1438.598490484357,552,33,0
506,1379.4998371533761,374,41,0
506,1511.9488156008308,887,45,0
506,1521.2408302021427,316,21,0
506,1520.1249541961738,1354,74,1
506,1790.394191351731,142,75,1
506,1759.3052450408159,1117,22,0
506,1759.7525781118434,1298,27,1
506,1730.3297564704287,545,19,0
506,1918.1721387538828,527,74,0
506,1832.008350798929,1267,52,0
506,1946.8499976812254,483,17,0
506,2252.136320257876,557,51,0
506,2257.665938120075,321,57,0
506,2368.54908380389,1262,31,0
506,2181.680757788395,900,73,0
506,2330.190756208954,586,1,0
506,2321.9679297554753,701,37,0
506,2428.822457500013,1274,62,0
506,2448.495216642768,134,85,0
506,2351.28227555288,95,40,0
506,2772.439564611445,491,37,0
506,2582.675104993554,1178,40,0
506,2397.049042835814,1109,12,0
506,2670.9860698238854,159,28,0
506,2746.7494174793055,253,8,0
506,2410.7209898357455,1393,36,0
507,543.4510038851433,980,68,0
507,566.9878903027726,1421,5,0
507,575.1743556516525,801,89,0
507,605.9587835782695,981,36,0
507,630.0312384909643,296,100,0
507,642.1344988658187,1430,99,0
507,668.6044482014515,1402,99,0
507,708.1475077491623,746,95,0
507,675.5237550641049,724,62,0
507,716.830187999992,875,67,0
507,747.4723329087468,125,35,0
507,742.6425145365524,794,84,0
507,769.0248474410703,1323,47,0
507,836.7248401680213,236,14,0
507,792.7958833765782,608,83,0
507,859.7220907971257,144,35,0
507,816.5511332059285,463,34,0
507,827.5517073765764,1076,70,0
507,935.610624807125,1095,59,0
507,932.0020229554611,806,44,0
507,971.8629989953644,548,89,0
507,968.1688278368406,893,86,0
507,961.0126749227231,281,56,0
507,1033.7404649611806,959,18,0
507,954.2143116939463,294,73,0
507,1097.2251837681072,1315,55,0
507,1113.4643512952644,766,65,0
507,1119.0069181899823,154,86,0
507,1085.0751388406675,1433,88,0
507,1047.9677574233233,306,39,0
507,1058.4401009880125,1264,13,0
507,1248.3838066939045,883,11,0
508,301.2615265430785,1195,56,0
508,367.6463031693354,666,6,0
508,467.4151503394241,973,71,0
508,505.6797079926073,907,78,0
508,607.7847888821157,988,26,0
509,465.40568492900076,381,79,0
509,493.6241043543853,606,40,1
509,538.6778964089668,647,25,0
509,555.8077612703236,36,60,0
509,619.1212900476758,36,74,1
509,655.7146095455143,1385,33,0
509,661.0709278035204,275,43,0
509,685.275046638746,607,71,0
509,762.5771578395895,1380,45,0
509,713.4319622536212,48,21,0
509,747.0777693433313,683,23,0
509,880.1574386413456,81,67,0
509,847.2982191065853,762,16,0
509,970.6777375134362,983,85,1
509,849.9731168903877,638,50,0
509,970.469505658609,197,51,0
509,926.1425006569091,979,29,0
509,1033.8091872504176,265,36,0
509,1052.9660876291011,177,51,0
509,983.0410837428199,348,24,0
509,1042.6559722161983,534,67,0
509,1045.88635753855,338,92,0
509,1143.0940335265354,77,41,0
509,1326.9577270129716,1425,25,0
510,687.9132542660212,287,18,0
510,701.0079144203037,84,80,1
510,715.3790597310066,1090,96,0
510,734.932515227595,903,25,0
510,752.5115816761082,345,14,0
510,774.290627486866,99,72,0
510,762.4806864955102,1422,10,0
510,805.670621085768,653,98,0
510,828.3654650186013,986,98,0
510,849.5811395357493,734,71,0
510,849.2097923147165,567,64,0
510,873.1123463623805,363,26,0
510,861.9834914811205,1002,9,0
510,885.2970540021531,892,65,0
510,882.2810850872786,561,20,0
510,906.8345276264267,469,92,0
510,922.2572243051486,1254,89,0
510,932.0997528805844,1172,50,0
510,1004.3988465826042,580,18,0
510,1023.1602267889759,1428,63,0
510,1006.4594789415538,1202,85,0
510,1048.6198974085203,803,64,0
510,1042.7597205608972,70,42,0
510,1000.310126301807,169,76,0
510,1131.5220314149446,1288,68,0
510,1057.7734860293651,406,52,0
510,1092.2863437912224,472,40,0
510,1134.9902734132536,1080,31,0
510,1071.5076388830719,877,23,0
510,1149.1784927280378,821,18,0
510,1109.3064297060432,1090,62,0
510,1213.9115280190929,640,46,0
510,1115.85256338123,1381,48,0
510,1243.3304793480772,568,78,0
510,1110.5460137024616,1393,82,0
510,1318.9104599767022,666,88,0
510,1235.579380771012,1192,2,0
511,890.0511732212954,983,51,0
511,1030.751212926465,1356,23,0
511,1198.4117602203203,576,80,0
511,1421.7381827930774,84,50,0
511,1584.0334633277253,952,98,1
511,1559.8891254059736,1099,83,0
511,1701.8663842839437,500,96,0
511,1777.656258575275,707,56,0
511,2306.581335680817,1116,32,0
511,2016.8156185066869,472,67,0
511,2544.5888209387745,731,24,0
512,999.1923674508956,1151,76,0
512,1051.2613999036287,729,21,0
512,1086.9188663576608,1237,93,0
512,1116.1090537907662,111,71,0
512,1202.1019413402485,1432,88,0
512,1267.1478474885164,612,79,0
512,1294.1927104081938,1391,63,0
512,1357.2396834279257,1023,2,0
512,1413.1131271141671,725,61,0
512,1436.0343594449996,1362,64,0
512,1451.8295772153183,267,94,0
512,1479.0393254691412,672,87,0
512,1596.2261648596632,1098,72,0
512,1663.6559448251433,505,32,0
512,1734.4156212022226,1257,21,0
512,1618.09085213433,1094,13,0
512,1866.4783755543012,1137,32,0
512,1884.2441160740073,996,41,0
512,1868.9896394969846,1180,77,0
512,1765.2640424931656,1123,91,0
512,2085.3724617390153,350,89,0
512,1987.1510764465024,162,67,1
512,1882.003319561991,1298,68,0
512,1903.3922932319751,310,39,0
512,1931.900413708191,1148,83,0
512,2159.2230584134913,640,10,0
512,2453.7465831860427,1412,21,0
512,2355.843048773473,925,43,0
512,2469.72698065338,1316,60,0
512,2284.97897763423,21,62,0
512,2199.5652529739978,128,37,0
512,2370.8206617205074,202,73,0
512,2524.6673440676004,1208,64,0
512,2406.375107203181,908,29,0
512,2390.723393713576,934,63,0
513,426.95440613878554,1146,12,0
513,449.6156513119749,429,57,0
513,464.39210683149645,654,37,0
513,478.13635299077333,1280,40,0
513,505.6026217346272,416,90,0
513,551.0916460499933,297,100,0
513,568.0956123597749,122,27,0
513,578.3650511399533,1041,17,0
513,587.1758045375796,1428,2,0
513,620.4711567980289,762,100,0
513,668.24111635673,947,98,0
513,625.1066740440785,1215,9,0
513,726.081056420554,1027,61,0
513,724.1444272740559,990,52,0
513,691.7464482786806,443,30,0
513,732.0627414341781,1038,83,0
513,765.4339811682601,247,49,0
513,780.5568769057033,1379,54,0
513,748.8711490743756,315,86,0
513,874.7218946290782,1139,5,0
513,835.218307945524,1085,83,0
513,825.9032701623703,679,4,0
513,913.2569245569384,535,9,0
513,937.9668884051998,861,83,0
513,911.0669704924233,831,18,0
513,991.367569102059,715,69,0
513,1018.8246375008557,835,99,0
513,997.7460895559647,1164,62,0
513,1084.357174346244,504,83,0
513,1129.50460304755,529,30,1
513,1098.0609343388608,1308,11,1
513,1022.909676912868,1204,31,0
514,604.3763664924693,650,6,0
514,624.261798764598,99,78,0
514,639.5244674892792,639,60,0
514,647.6138861553827,460,6,0
514,675.6567050798401,1336,93,0
514,690.6592331799764,1003,76,0
514,699.2576990925244,41,97,0
514,741.6649912401474,722,75,0
514,772.6708955981442,1013,20,0
514,757.3536883954027,58,58,0
514,781.0968834316441,1427,98,0
514,783.6779932236609,887,45,0
514,832.8716189215219,137,80,0
514,801.9108330555239,1092,10,0
514,893.9879627341334,836,27,1
514,873.1265418935752,540,24,0
514,899.3714282862425,52,40,0
514,863.2831012070355,433,83,0
514,885.9739706725613,706,35,0
514,925.6471769896322,908,37,0
514,981.9170767314283,770,76,1
514,985.368058591147,256,29,0
514,948.5771108541232,17,20,0
514,931.9336890860508,1434,45,0
514,1089.6152180767726,1161,3,0
514,1029.1142568729458,506,16,0
514,1063.953507214208,945,78,0
515,736.7716218309478,585,21,1
515,754.5306219613863,1089,56,1
515,771.9574245626275,112,22,0
515,795.1550512005487,767,70,0
515,814.7171565052508,629,77,0
515,818.1527143332503,57,99,0
515,877.2318728074467,999,58,0
515,868.0704200597957,1182,84,0
515,908.9928547011536,656,76,0
515,884.3430549696808,1135,50,0
515,918.0921636415179,800,60,0
515,953.0665040282429,550,13,0
515,963.1545829704445,389,91,0
515,988.6616528138068,797,89,0
515,1061.4878105078724,674,44,0
515,1087.7989120244004,984,6,0
515,1107.0591807370809,70,79,0
515,1114.7016432322284,1274,93,0
515,1058.9403439071903,273,35,0
515,1181.5979565379175,531,83,0
515,1069.5831367919864,643,89,0
515,1137.3748089491196,1288,46,0
515,1213.2767725375195,297,41,0
515,1177.0498999346794,936,89,0
515,1120.3110544736362,358,14,0
515,1232.825532205939,466,20,0
515,1269.657301732452,348,59,0
515,1222.0243449153745,1087,56,0
515,1320.5567818701807,37,51,0
516,79.53015149771541,699,20,0
516,80.74755184961973,453,47,0
516,82.644854569545,1033,1,0
516,83.91129499348061,1364,34,0
516,84.00435669475617,1433,24,0
516,87.23924655483893,1437,65,1
516,87.54652323381104,1275,36,0
516,87.60628013794536,1246,98,0
516,89.68490151332435,1310,38,0
516,94.23925255786469,242,30,0
516,90.99636591634776,964,33,0
516,93.61285156748541,742,69,0
516,93.26364276070211,1131,75,0
516,99.38418291599903,1135,46,0
516,99.20339637878104,1194,68,0
516,102.24751031999718,86,6,0
516,104.72385447050303,1203,46,0
516,106.61432815705503,1142,83,0
516,105.97311955434978,668,56,0
516,102.44054378372165,398,6,0
516,110.64873355543816,1217,80,0
516,109.17006430362375,741,80,0
516,107.02568928560274,183,28,0
516,105.4529770921767,1059,16,0
516,113.97542008692031,379,99,0
516,119.45782868988103,321,18,0
516,115.27224842825493,122,78,0
516,116.16064880759512,801,56,0
516,120.76235983808229,340,63,0
516,121.80736556283739,1199,18,0
516,118.72331006305795,217,58,0
516,122.99684705675193,787,41,0
516,130.0671097324356,1309,51,0
516,133.93607376152647,1383,49,0
516,124.26251520769313,1133,100,0
516,120.22842317434151,1160,17,0
516,127.31154302210942,1108,37,0
516,123.78099830715519,1044,46,0
516,131.54053749579177,1358,91,0
516,127.13759938777895,732,45,0
516,133.6036800854573,308,35,0
516,127.95428423222205,378,1,0
516,132.05593835259648,1132,97,0
516,134.60709439624537,402,77,0
516,141.24247106037345,85,41,0
516,147.59634542522844,1099,67,0
516,148.84734246961048,815,47,0
516,141.17541001247972,347,2,0
516,148.9944792126867,732,77,0
517,53.68170082549982,579,70,0
517,59.43546965049038,1129,1,0
517,65.69530367068066,1263,95,0
517,69.81732177177369,30,55,0
517,78.62336159342819,1394,27,0
517,83.300589407024,442,84,0
517,82.6043289429687,469,6,0
518,842.3107896364154,918,82,0
518,856.8236360923772,189,46,0
518,877.521382855296,744,51,0
518,899.253211623716,1151,33,0
518,914.7693619087934,1222,90,1
518,920.7607095976934,937,10,0
518,944.0528147659259,159,1,0
518,943.7020288796496,74,84,0
518,964.8663515945747,859,82,0
518,1012.2212855008362,227,22,0
518,998.3335212724548,616,36,0
518,1033.287100911355,29,71,0
518,1066.9258284473844,936,100,0
518,1041.8296590830676,392,91,0
518,1112.0272500376195,1362,67,0
518,1115.0303073586313,481,56,0
518,1078.8371116467924,607,24,0
518,1102.9495067409784,819,52,0
518,1082.1099020666973,205,33,0
518,1111.1840637566543,26,78,0
518,1121.025665980153,860,75,0
518,1117.053697385617,1234,8,0
518,1263.739662748591,677,70,0
518,1262.9583799616787,621,2,0
518,1275.6108395024037,1081,28,0
518,1168.816512829419,138,45,0
518,1225.9055061741703,392,43,0
518,1330.4931176284554,892,58,0
518,1355.6294377228928,873,36,0
518,1404.2414129581443,940,42,0
518,1415.0798141441924,191,6,0
518,1325.681288310127,702,69,0
518,1401.6963729227707,569,97,0
518,1378.5917457100118,181,72,0
518,1470.5816295337586,262,24,1
519,328.73841157160695,1161,79,0
519,333.6938604022605,360,84,1
519,335.82139219471946,224,5,0
519,339.4091023285776,533,83,0
519,344.90860491287265,1275,46,0
519,353.0241772321274,750,49,0
519,355.2903642109534,514,41,0
519,357.15347786686385,1411,49,0
519,358.544459919955,1161,94,0
519,360.1653006400752,31,31,0
519,368.5854208656762,1037,82,0
519,377.53123449858373,200,23,0
519,386.9995133926404,122,66,0
519,394.13903718625386,862,96,0
519,388.21294107857887,1075,2,0
519,401.171638473711,598,68,0
519,402.03741043548723,28,93,0
519,411.19809629969853,843,30,0
519,403.74307626558794,1104,65,0
519,413.658835888295,691,82,0
519,407.23087123510044,371,18,1
519,420.3298471348934,192,29,0
519,438.83262703196584,1434,22,0
519,410.58957474973914,1310,72,0
519,422.24198806488596,91,28,0
519,414.41878703431803,173,22,0
519,454.23448106592866,280,19,0
519,427.0499315981456,123,52,0
519,432.89586765047693,554,51,0
519,470.37089205436166,684,12,0
519,468.95217966322286,965,33,0
519,465.49711144145306,1102,80,0
519,440.0658563135392,943,73,0
519,495.99717497910535,534,34,0
519,474.3393337300133,1362,77,0
519,496.28196004735344,783,64,0
519,498.05530460833677,690,75,0
519,458.8645713278844,974,30,0
519,476.21529586621557,1129,12,0
519,464.97254588405457,962,75,0
519,504.32512934078886,1229,7,0
519,479.3838742528734,63,88,0
519,490.0151212806939,267,66,0
519,499.7802245847352,506,37,0
519,528.3625087771392,1058,6,0
519,530.2125992310374,969,31,0
519,530.3080340251939,1160,68,0
519,491.5865994862163,1280,25,1
519,568.8328454369646,1377,33,0
520,328.2130707804518,1331,72,0
520,393.2453150334835,856,17,0
520,429.68236776121887,580,5,0
520,521.4145368373424,840,53,0
520,532.5241625782403,512,88,0
521,442.2239836567437,1250,59,0
521,451.62568939258455,44,18,0
521,461.6345296823848,1022,86,0
521,474.4677814411915,497,18,1
521,476.64038531441844,415,19,0
521,495.18747526435277,1177,54,0
521,507.0058064991131,1319,61,0
521,499.79383101634585,274,62,0
521,517.4353189555011,1171,25,0
521,540.7712529695864,1091,18,0
521,545.8485496180444,1128,89,0
521,557.6811474218281,193,84,0
521,564.0956851638488,1278,50,0
521,544.1047023280036,127,39,0
521,566.3439883140016,802,57,0
521,591.1043446940931,220,60,0
521,566.5604344724641,1209,13,0
521,594.1552123575595,428,53,0
521,610.6744497694305,217,69,0
521,649.1256285659668,478,22,0
521,654.5072702882322,1291,80,0
521,646.5027622273869,494,4,0
521,657.0753900775359,1375,78,0
521,665.3083225207909,613,57,0
521,656.0790711076638,630,70,0
521,637.1801515378493,767,3,1
521,677.1372027205758,67,20,0
521,735.3728418890767,113,90,1
521,676.1255400098621,432,26,0
521,707.8382981103302,832,38,0
522,610.4315781376065,1009,20,0
522,667.1324519629908,949,86,0
522,724.0527460046056,41,42,0
522,746.2482068837505,209,72,0
522,854.3818455397721,33,51,0
522,869.8313464393068,1181,53,0
522,974.9252405118286,932,65,0
522,906.2358928008833,861,99,0
522,1043.3748090554689,1137,72,0
522,1108.8732195092152,400,17,0
522,1189.5055264378843,1051,41,0
522,1218.4440194045028,782,54,0
522,1247.6014734958585,273,38,0
522,1375.1905737406137,1077,82,0
522,1375.2473239021788,526,65,0
522,1241.283758273062,264,89,0
522,1279.6414574915595,1151,17,0
522,1573.0896432472637,491,11,0
522,1531.0591237366311,62,56,0
522,1671.5356891562699,259,31,0
523,982.4522974266845,302,29,0
523,1100.98001470691,974,55,0
523,1174.027557280685,1079,61,0
523,1343.8950743658133,813,98,0
523,1486.7559618952343,983,78,0
523,1610.2281549455251,1122,40,1
523,1706.4031272302534,1402,84,0
523,1802.6398786862937,1002,75,0
523,1994.7089564021578,915,69,0
523,1924.7604556234635,763,77,0
523,1900.5865068132289,1273,69,0
523,2446.3207813195886,1319,77,0
523,2408.6932193936022,894,53,0
523,2335.898363708161,169,90,0
524,75.2939016577161,1049,47,0
524,92.38914564109614,156,83,0
524,103.75714930160173,693,63,0
524,125.43063223217865,565,95,0
524,144.2997630118602,1264,14,0
524,170.96917373956586,379,62,0
524,170.20813709901796,688,35,0
524,182.9827947446464,401,92,0
525,865.9475151723564,338,62,1
525,939.4878619862211,631,28,0
525,1049.9032064325454,4,76,0
525,1130.196375425147,695,7,0
525,1118.4910486320393,907,4,0
525,1314.1366318377127,761,74,0
525,1283.7972258583814,1296,68,0
525,1455.678766067067,640,43,0
525,1437.0130846949014,903,11,0
525,1573.482606727982,264,40,0
525,1669.1798664779653,933,22,0
525,1769.0540047065901,1214,84,0
525,1833.9461278968522,1284,64,0
525,1955.2407893887994,895,16,0
525,1821.162179913248,1303,100,0
525,1975.7035054843188,1266,48,0
525,2272.688148509088,115,30,0
525,2034.8774016963016,15,8,0
525,2496.974164417068,898,42,0
525,2604.6941856365156,1377,7,0
525,2326.429904893297,541,59,0
526,523.1697981707625,835,81,0
526,567.4485267761264,660,88,1
526,597.6875018925459,1053,9,0
526,682.7253873106948,89,93,0
526,710.0393400340441,946,39,0
526,726.4848327047657,29,70,0
526,747.1977132710242,1154,42,0
526,889.1285674610311,138,56,0
526,872.6468360960458,1057,21,0
526,972.5488466045986,672,62,0
526,1066.3434284712578,439,56,0
526,1013.4042461961822,274,13,0
526,1174.2475988105532,1266,43,0
526,1129.0225628647358,310,100,0
526,1109.2425238251599,1230,43,0
526,1124.0105777135586,6,24,0
526,1216.606986285138,1170,80,0
526,1165.1610130905742,596,2,0
527,263.5670152434015,881,22,0
527,282.14577437569693,649,56,0
527,298.8065704684009,234,65,0
527,323.0680498847345,1398,37,0
527,365.05092451546824,600,8,0
527,392.79776121620563,929,74,0
527,395.8576646193459,967,54,0
527,392.4809481699208,665,73,0
527,414.06646489719014,35,61,0
527,477.09110401359874,540,39,0
527,498.9964059062809,1429,27,0
527,491.87956859584483,63,38,0
527,498.1533107083128,914,91,0
527,599.0198856162019,1007,38,0
527,548.3882320327712,400,53,0
527,605.5599193034477,221,33,0
527,560.312331905395,1012,91,0
527,618.7933703432448,1422,63,0
528,769.7719820501308,998,45,0
528,860.4825057669793,166,59,0
528,931.3375026785731,856,96,0
528,1057.9571800631463,56,16,0
528,1040.9753994563341,593,93,0
528,1154.7306707063176,1171,50,0
528,1273.6158687762802,516,76,0
528,1262.2307599948958,658,89,0
528,1453.6170005047093,627,28,0
529,875.0202318480867,1071,70,0
529,900.8302518619272,1238,10,0
529,929.6290977883839,1055,5,0
529,971.0769546573079,1063,96,0
529,983.7392072139112,384,47,0
529,1019.884262130842,236,24,0
529,1063.986779602929,1045,77,0
529,1097.8233117985237,113,99,0
529,1057.286475268949,386,49,1
529,1128.181226475414,887,55,0
529,1195.5266182355235,1010,87,0
529,1219.2610718387427,924,38,0
529,1170.6673269042944,201,35,1
529,1195.515974591471,164,60,0
529,1232.9778420288956,530,28,0
529,1236.8479592747794,1413,82,0
529,1251.8655195974566,941,98,0
529,1387.2521617660207,4,52,0
529,1318.374832513117,94,88,0
529,1330.3861443650455,719,40,0
529,1325.118533039555,1214,48,0
529,1386.4384747441413,727,7,0
529,1417.131102850262,207,55,0
529,1505.458587828816,676,33,0
529,1524.8266524464016,152,17,0
529,1624.7691751886432,362,74,0
529,1547.3493031166474,1025,70,0
529,1509.8446190078503,1247,61,0
529,1626.6826574864906,1119,26,0
529,1816.6160719069571,296,78,0
529,1772.2453610402026,1400,34,0
529,1671.347102882276,808,85,1
529,1621.6026054869585,342,30,0
529,1880.389072629709,924,61,0
529,1869.8602152598078,732,97,0
529,1879.7695113236105,1102,25,0
529,1801.6253416306267,1091,50,0
529,2031.0031748549127,103,20,0
529,1806.5549752455886,1078,52,0
530,628.806673581543,676,82,0
530,763.355584495589,699,20,0
530,939.5048708474916,598,13,0
530,1156.8582165117637,666,73,0
530,1352.5035407720911,1241,95,0
530,1405.1661446799185,18,87,0
531,500.60667820016056,50,26,0
531,557.7611577462519,768,18,0
531,588.4599629666181,167,36,0
531,629.9781004270828,1304,13,0
531,718.488565268507,467,71,0
531,743.2345060640455,937,39,0
531,745.4245067846673,292,14,0
531,831.8682648625295,64,63,0
531,959.7696161589964,278,83,0
531,997.8625747355713,1390,93,0
531,1071.2604177543972,131,72,0
531,931.2949155432015,897,99,0
531,1035.863700250191,252,83,0
531,1067.9722525681245,750,3,0
531,1104.4455126283328,844,93,0
531,1159.4999446510124,174,65,0
531,1320.4524555812086,1242,77,0
532,334.71413322275686,599,2,0
532,371.519648775125,435,85,0
532,410.7512453930754,383,35,0
532,423.5369926130694,51,46,0
532,496.6995011812419,1160,5,0
532,510.09792988914614,867,57,0
532,575.8036323772484,1399,87,0
532,532.8505997684158,557,79,0
532,594.1173756896758,659,26,0
532,698.811962887527,16,47,0
532,722.5324704034247,984,26,0
532,766.3289341942582,903,89,0
532,828.8069388481829,922,26,0
532,846.496794720169,51,6,0
532,895.5297307180031,446,65,0
532,880.8718626864734,1287,49,0
532,971.0278232366431,499,99,0
532,945.0655698310838,1016,47,0
532,868.0561991776117,650,52,0
533,46.442703577556934,917,72,0
533,48.041491517378155,533,6,0
533,49.79744032081417,420,50,0
533,50.56176581967581,1285,26,1
533,52.9570200549775,1063,59,0
533,53.7275146328725,1375,25,0
533,55.432167995224425,1411,61,0
533,55.111453847591555,656,47,0
533,57.139284546361196,474,89,0
533,62.40808047578801,676,63,0
533,59.078110645299056,491,95,0
533,64.86114288491808,856,54,0
533,63.6346375016395,1008,64,0
533,70.08401540878782,63,35,0
533,71.61040151441736,609,25,0
533,65.8872701114231,1417,86,0
533,66.13200504789693,594,98,0
533,77.02329754217106,1064,17,0
533,75.46642027567795,843,72,0
533,78.22607863201921,927,73,0
533,73.54154749807162,2,4,0
533,80.61526293125053,388,90,0
533,84.27180948702035,800,45,0
533,80.02182235842932,1356,57,0
533,82.09234366936514,346,82,0
534,61.011692010937836,1234,12,0
534,63.04582530162214,48,61,1
534,65.2408575500627,1130,9,0
534,68.08754767742514,550,39,0
534,69.72669878627651,428,66,0
534,71.72165688573502,364,56,0
534,75.40613832207941,259,4,0
534,79.03881468602046,1440,40,0
534,84.42892704232993,1218,22,0
534,83.47280393139238,961,19,0
534,83.67650147773819,602,24,0
534,83.91694525641459,512,32,0
534,92.01099993266567,848,88,0
534,96.14610074868189,766,68,0
534,96.19138773805338,1291,80,0
534,92.92762092886431,1314,61,0
534,98.27904189584108,615,42,0
534,103.0041348486005,781,89,0
534,101.5925984138764,1369,30,0
534,116.42188344715268,769,92,0
534,105.14691831686545,786,56,0
534,110.14385185915734,562,85,0
534,115.24865084105886,129,71,0
534,125.02563997507289,1102,60,0
534,113.96549078629798,758,24,0
534,134.88143076740295,749,99,0
534,115.0125410930313,150,30,0
534,140.75794345811534,173,52,0
534,143.18209818496143,860,96,0
534,143.96554488263092,875,25,0
534,146.42673553030428,774,12,0
534,142.71111300641314,1000,69,0
534,134.00856119934383,765,78,0
534,156.6565861384683,1365,93,0
534,133.90544207985192,727,24,0
534,133.73856264914107,1010,18,0
534,156.00214842657715,832,16,0
534,164.4743545434508,36,6,0
534,137.40012544053442,321,89,1
534,161.8707592287774,1258,56,0
534,161.16822269611967,764,70,0
534,166.6195661303713,56,67,0
534,183.37214987689498,58,17,0
534,160.8605136661553,1166,1,0
534,165.43206224352284,73,7,0
534,168.70203119665422,13,10,0
535,778.7736668525574,548,16,0
535,844.2190427579427,114,65,0
535,884.4569577548802,1037,85,0
535,920.0224740072622,924,14,0
535,1028.004151504186,664,57,0
535,1005.8970112318457,134,69,0
535,1153.9679674265353,781,33,0
535,1144.5167820873369,1348,68,0
535,1223.8445450758254,960,54,0
535,1212.0214331428303,1194,89,0
535,1306.4139910022168,298,65,0
535,1386.7479590779158,1420,9,0
535,1317.6537834881356,489,68,0
535,1434.713624505465,1268,30,0
535,1545.6864087596032,1082,46,0
535,1560.0663953024068,1190,35,0
535,1516.6576762789946,1212,14,0
535,1711.8602862174666,1060,6,0
535,1583.7435521615628,308,82,0
535,1769.8242881939505,711,3,0
535,2034.2288884255418,374,75,0
535,1827.369169485724,1238,100,0
535,2043.337345439218,910,77,0
535,2276.846001018138,1049,76,0
535,1924.0201307886161,16,42,0
536,450.38825137396094,1331,57,0
536,467.5781240291177,854,33,0
536,484.0238566208888,539,96,0
536,498.69538282545693,514,8,0
536,507.2497708096859,1429,69,0
536,533.6124394716406,931,88,0
536,533.2202209464432,617,42,0
536,548.81233650382,1243,8,0
536,580.1333257066649,988,33,0
536,582.3871121612999,62,84,1
536,608.9065901481436,238,24,0
536,635.3279894045049,361,36,0
536,622.3579593642476,25,29,0
536,667.6020788914103,1310,57,0
536,650.3645543168719,46,10,0
536,708.7567756317587,517,49,0
536,667.6145102768725,212,75,0
536,749.5617196502574,771,14,0
536,720.0779381132528,375,10,0
536,702.4776182295723,692,89,0
536,737.5615498923758,914,56,0
536,768.3807705899171,1045,55,0
536,740.614508037122,353,29,0
536,839.5543211559221,824,96,0
536,747.7826425017458,292,34,0
536,762.131824236492,1175,37,0
536,779.2774531429986,623,72,0
536,864.9296904378252,1078,49,0
536,904.5750216043484,1396,18,0
537,850.3763392026048,1436,59,0
537,940.2179562915395,1215,18,0
537,1055.6475745238015,970,8,0
537,1195.1611302148854,777,48,0
537,1326.7304219397938,1334,89,0
537,1287.338747898535,414,61,0
537,1383.8223798184608,551,14,0
537,1463.8191410498648,42,24,0
537,1694.827215358136,888,6,0
537,1835.0596027290596,166,12,1
537,1803.6298760216032,991,97,0
537,2110.5271328660187,36,91,0
538,805.8976446212711,868,93,0
538,1088.5730561992732,504,10,0
538,1418.6361113314274,1274,45,0
538,1624.9694032360194,1104,69,0
538,1707.8054712817739,940,89,0
539,644.990168280559,1347,6,0
539,669.6180740462124,1336,57,0
539,700.5785190723324,227,41,0
539,720.3897924275643,190,93,0
539,784.9532917201765,278,30,0
539,787.0094895627685,874,3,0
539,827.8034073929789,122,93,0
539,848.7461612145376,1157,26,0
539,846.6176288129884,902,37,0
539,953.9374584301056,1027,81,0
539,906.3554600028729,392,36,0
539,933.8058009747765,716,99,0
539,943.4684805600391,594,26,0
539,1077.980025051372,1223,100,0
539,983.4324120154954,1359,99,0
539,1026.5533491654328,1214,64,0
539,1097.3447308796656,1199,98,0
539,1234.8701735316345,485,21,1
539,1132.0341293765896,1001,92,0
539,1254.2521069615295,1025,99,0
539,1302.5834228296444,24,100,0
539,1226.9660683515021,255,37,0
539,1235.762391389868,120,39,0
539,1265.0560307704006,899,32,0
539,1411.6023082560741,786,55,0
539,1280.549359264071,596,33,0
539,1422.2792259237026,610,44,0
539,1479.101310446891,458,23,0
539,1345.3171937733093,1211,3,0
539,1650.6146289399487,561,51,0
539,1393.366538871962,964,4,0
539,1425.2313056964172,963,99,0
539,1757.439327452456,502,1,0
539,1680.4609110656756,346,98,0
539,1706.8385875565455,611,86,0
539,1741.7807728023668,695,20,0
539,1879.251717720199,179,91,0
539,1691.0816682549494,1173,57,0
539,1957.7896853198486,742,74,0
539,1895.9472419818653,605,12,0
540,946.64782196365,550,63,0
540,991.3323518254361,1288,31,0
540,1038.9365279135711,237,11,0
540,1077.6628279963852,1209,33,0
540,1170.1406397902572,483,5,0
540,1251.9100263497621,680,46,0
540,1297.4782884425153,819,10,0
540,1297.669281355916,43,33,0
540,1362.3945556681613,251,38,0
540,1467.088730828652,1076,77,0
540,1415.5395468905763,225,33,0
540,1602.022899533128,240,48,0
540,1576.1047607751657,685,90,0
540,1713.1685520178635,441,100,0
540,1696.570278821049,1275,9,0
540,1725.8765982141044,96,11,0
540,1689.2581336072972,702,16,0
540,1811.246344982309,1114,10,0
540,1875.9630846005293,560,19,0
540,1937.9055559159765,876,7,0
540,2138.2223111698972,380,33,0
540,2202.375364301919,1389,36,0
540,1902.0829153357695,1413,4,0
540,2130.494917033894,569,6,0
540,2302.723882427404,143,80,0
540,2353.988078390378,431,6,0
540,2550.645624153431,895,4,0
540,2439.598330646625,143,33,0
540,2606.0030200129795,1092,84,1
541,120.08137248975626,341,80,0
541,128.2720435849496,1323,47,0
541,137.7799899813072,422,84,0
541,151.97519661955198,1236,13,0
541,158.25870548052902,701,85,0
541,165.3467628789742,818,36,0
541,174.57424113244767,594,81,0
541,192.80390451370965,708,52,0
541,204.4358059989525,1316,12,0
541,193.56071300485468,224,40,0
541,199.86978524375382,252,42,0
541,233.45772387612573,843,43,1
541,245.47347374124598,256,67,0
541,246.67882882523259,826,46,1
542,216.4884428486091,740,24,0
542,227.09126067647605,576,79,0
542,237.13789039810308,465,46,0
542,246.3271555448693,1099,98,0
542,252.79365742483668,159,67,0
542,270.0149393276256,755,80,0
542,276.56699348084874,518,16,0
542,288.4981019073471,354,54,0
542,317.4466915501383,82,82,0
542,316.8993598725811,120,17,0
542,332.7501332993504,538,19,0
542,325.9232241428432,661,93,0
542,364.88005212467397,161,22,0
542,367.4962875075154,4,41,0
542,369.0503613926425,801,73,0
542,383.47677466211286,923,22,0
542,384.6712618619256,654,98,0
543,590.6741045953776,135,6,0
543,717.9986557911592,151,99,0
543,769.6709058301774,1099,76,0
543,919.7884563742296,633,74,0
543,1090.432770113113,1171,45,0
543,1079.1742443177784,1388,19,0
543,1327.436535144151,1237,52,0
543,1346.7601252708214,510,46,0
543,1461.9654612249874,1241,51,0
543,1696.0299486957178,1125,11,0
543,1455.418393874688,583,76,0
544,876.1054562968486,444,81,0
544,910.9853108495515,4,79,0
544,941.6200316938789,647,82,1
544,979.186297875137,376,47,0
544,1020.5574608467239,600,6,0
544,1016.3420236751583,1166,35,0
544,1075.463001125839,71,72,0
544,1076.3801321550422,1008,25,0
544,1091.032026629528,137,62,0
544,1111.106323024916,389,71,0
544,1159.830105692176,437,49,0
544,1288.8064013322557,1133,15,0
544,1197.7298402244614,416,20,0
544,1332.6436880064377,1277,77,0
544,1410.3537862935982,13,71,0
544,1273.1989536638152,572,79,0
544,1376.1951981840268,985,35,0
544,1449.9038474817914,404,22,0
544,1413.915265288555,1193,26,0
544,1446.6275593545793,923,75,0
544,1588.1326142940725,1008,32,0
544,1444.327405285555,887,33,0
544,1453.0815285016108,31,46,0
544,1692.510429426939,771,59,0
544,1788.3609407251042,807,52,1
544,1567.7515184355718,64,8,0
544,1617.3271633588383,427,48,0
544,1870.4429143958782,1213,76,0
544,1880.6217288251955,961,23,0
544,1720.22688306311,1391,50,0
544,1697.1181975028176,1177,15,0
544,1716.104131275481,829,58,0
544,1952.485748526129,877,4,0
544,1861.6762836148139,467,4,0
544,1844.361984087543,1333,38,0
544,1838.8985324514106,1387,75,0
544,1993.2016062282162,870,65,0
545,167.91936337078187,1164,13,0
545,174.97118263901402,378,14,0
545,181.4264604280102,488,43,0
545,192.6605391588258,38,70,0
545,197.8884059748349,1140,32,0
545,212.49535230315524,202,13,0
545,206.01383058856175,516,30,0
545,227.77804310773985,955,51,0
545,219.86184788146466,231,64,0
545,238.87053767317389,454,52,0
545,244.64034193219422,1137,45,0
545,245.775951961526,186,51,0
545,257.0459551656657,1311,38,1
545,252.588314598108,358,54,0
545,279.3631225424381,497,11,0
545,288.4899130359035,966,42,0
545,299.4107023640004,604,74,0
545,310.02160727779295,1060,83,1
545,333.7375986262488,802,87,0
545,339.79237215257655,561,31,0
545,350.8655096536067,811,81,0
545,333.98240380258676,104,85,0
545,359.59337829031074,502,24,0
545,345.3863883020646,269,94,0
545,353.70277276034096,74,66,0
545,389.2635211930416,31,6,1
545,404.70908109760205,1173,20,0
545,395.88016422874523,1425,17,0
545,403.1039533845227,993,39,0
545,410.08945677889017,450,63,0
545,380.3396665561171,493,65,0
545,370.07336480265917,685,4,0
546,21.90721022260336,1170,28,0
546,22.800554061457138,255,29,0
546,23.600523130288106,371,87,0
546,24.58185421105943,869,27,0
546,25.523918057315736,79,76,0
546,25.87253299879663,64,54,0
546,26.79350404315219,148,70,0
546,28.486948673564417,160,61,0
546,28.877544508562305,137,78,0
546,29.496912473948434,1195,49,0
546,30.930509398488088,939,85,0
546,31.020796806233243,618,20,0
546,30.058074616507465,1099,94,0
546,34.88162738433999,1305,57,0
546,34.46586321426463,1367,60,0
546,35.03519795285372,278,64,0
546,35.06904347870875,1006,46,0
546,35.46305239507461,219,26,0
546,37.848561912514086,1266,2,0
546,37.65556896953506,1231,23,0
546,35.511915883919144,874,55,0
546,37.51018546842295,210,15,0
546,38.26000281291867,300,47,0
546,41.46642482082319,27,52,0
546,42.58865146905319,877,19,0
546,44.73891531791105,372,36,0
546,42.815790411134245,123,82,0
546,46.22611575206666,586,83,0
546,43.85869350839667,167,57,0
546,50.55535273552492,507,34,0
546,48.518894908784645,1194,33,0
546,49.68354237918106,340,65,0
546,49.231649788591355,615,40,0
546,54.586366606051826,1432,68,0
546,52.657063202669214,748,75,0
546,49.5481933451551,1307,81,0
546,48.063648853518494,31,19,0
546,47.64490266217027,1030,97,0
546,55.12305194807095,826,51,0
546,58.734541408853794,36,11,0
546,52.42850786203611,758,40,1
547,896.7161933888686,367,19,0
547,974.5257707222503,825,45,0
547,1096.094574865738,6,53,0
547,1215.9277154590218,448,40,0
547,1261.8310640278755,1234,49,0
547,1382.5857760636366,1301,60,0
547,1530.6647474620816,1275,75,0
547,1543.9905562560057,491,43,0
547,1724.344451347423,510,41,0
547,1867.5510703936002,781,40,0
548,426.0436943289864,463,53,0
548,520.469032130995,644,42,0
548,638.7311299000212,720,86,0
548,811.3854476759448,862,91,0
548,872.8778688416066,311,74,0
548,1044.4385045501822,665,57,0
548,1119.9041499616508,682,53,0
549,261.5351019734203,1281,45,0
549,276.69435611472187,411,5,0
549,293.2069342609066,693,91,0
549,303.29439654149405,1426,81,0
549,308.49036279358654,559,94,0
549,342.2521254357172,1327,98,0
549,348.47889275120366,271,44,0
549,339.0380522787266,1,51,0
549,366.6313978677975,63,6,0
549,396.0553804062049,1184,44,0
549,391.60616784754654,1157,67,0
549,413.95436245555834,1003,76,0
549,442.0192572099854,800,93,0
549,410.27774062312176,1180,8,0
549,424.9579150378489,1064,95,0
549,506.5174460468835,155,78,0
549,457.171712004504,1029,23,0
549,495.88158483382983,917,94,0
550,348.4378743595411,485,51,0
550,358.612984551585,43,83,0
550,368.1563573960503,685,78,0
550,375.45767537844443,162,73,1
550,394.0689022465635,214,76,0
550,400.91495047290107,746,58,0
550,416.37033698109894,120,57,0
550,422.59973768823784,1170,9,0
550,445.40811314797725,576,47,0
550,441.8155370905837,1407,51,0
550,447.04305709402024,168,23,0
550,448.6837016154884,1048,58,0
550,462.9474186128923,548,57,0
550,471.90211515771364,707,60,0
550,486.43585688128246,974,94,0
550,481.7951033598041,1295,62,0
550,521.8704093347176,1379,18,0
550,537.8363822575329,472,79,0
550,561.4637364754863,1020,98,0
550,548.3526878459357,1115,70,0
550,561.2833279306051,202,28,1
550,572.7569656253913,736,22,0
550,595.7667843399182,1095,31,0
550,595.009486045727,238,49,0
550,626.1587764072499,196,64,0
550,660.3140711229505,11,41,0
550,636.2780781456083,995,28,0
550,692.0278912598476,435,13,0
550,634.0416042340903,431,63,0
550,648.1417789377508,766,79,0
550,667.2630273877585,965,71,0
550,724.0537422322002,90,55,0
550,640.9895088962926,382,39,0
550,677.0276568551383,369,2,0
550,662.0810366278292,667,7,0
550,760.4341942263445,1305,67,0
550,668.0479776222473,204,88,0
550,766.9278068299632,440,4,0
551,511.9734601602291,503,4,0
551,538.5405773363054,984,14,0
551,565.0810378173114,511,35,0
551,582.7155376080151,581,40,0
551,611.3698934650267,1109,4,0
551,648.4942171398628,770,66,0
551,669.6278663849121,73,43,0
551,686.5273250586106,590,8,0
551,674.3970146023996,60,28,0
551,752.5014051117033,500,76,0
551,750.210025600084,1280,12,0
551,812.257232491866,572,63,0
551,842.6154633223659,1116,77,0
552,481.1847157165106,325,55,0
552,511.75622058157626,874,91,0
552,543.0335887515796,346,64,0
552,570.6246498848966,142,76,0
552,594.221814404684,490,10,0
552,625.3453750304047,1236,20,0
552,642.7416466008497,160,7,0
552,690.8245890975707,1224,9,0
552,650.7085901134683,783,27,0
552,727.919779760888,1148,58,0
552,725.9277118854847,337,21,0
552,813.9205202346777,28,19,0
552,744.3359835501997,876,27,0
552,800.1972681080117,1363,41,0
552,829.2667117599474,173,50,0
552,908.7246680131809,57,19,0
552,967.5337867198828,436,25,0
552,988.0345142065769,574,33,0
552,1012.9566892557716,524,7,0
552,911.3507244271797,1039,26,0
552,1087.9647401003167,840,84,0
553,895.6046359497235,1163,32,0
553,915.9090127304397,1100,10,1
553,945.6600649766317,332,13,0
553,953.3299467950036,938,46,1
553,985.9892372037351,172,42,0
553,994.650615098158,70,83,0
553,1044.9103806657072,45,72,0
553,1067.1535224106533,1321,90,0
553,1078.71361733741,1113,52,0
553,1075.8821727253444,619,96,0
553,1071.737533873325,1092,59,0
553,1134.819796700664,204,18,1
553,1126.8925655138462,703,21,0
553,1181.7513780378986,972,86,0
553,1211.01633421532,1066,8,0
553,1152.641121437222,205,16,0
553,1226.472332720364,1186,14,0
553,1304.0453521463808,667,7,0
553,1249.2128891163225,734,76,0
553,1304.8335977000459,636,95,0
553,1314.0784726839179,1175,22,0
553,1287.0927802493527,761,97,0
553,1380.3005538738284,467,34,0
553,1351.8561647967474,880,9,0
553,1371.6289036846538,1125,55,0
553,1443.8707294637654,234,67,0
553,1500.5026321060313,434,4,0
554,254.0478354253191,380,20,0
554,269.9773366964397,1069,99,0
554,295.52908146378593,445,37,0
554,311.93118221175104,1149,33,0
554,326.5125987855809,196,26,0
554,329.4628528364169,142,76,0
554,375.0470420302735,362,76,0
554,385.10112206627775,1255,23,0
555,176.3497434444038,798,82,1
555,202.09037925549478,1197,11,0
555,221.8324710274444,1097,36,0
555,240.41119061900952,923,80,0
555,257.75984264542234,476,42,0
555,281.4662664442116,1371,4,0
555,312.8397884885221,209,57,0
555,325.78543527115585,992,86,0
555,394.4251988022951,277,91,0
555,351.3359557646715,515,80,0
555,364.2818352415219,55,4,0
555,429.2307740676316,1017,16,0
556,616.9274248948742,210,5,0
556,634.2891974021576,29,62,0
556,644.930741392477,204,31,0
556,663.0775603064337,1227,98,0
556,670.9189744879412,329,84,0
556,696.7475910381473,361,51,0
556,706.9299978927764,236,29,0
556,740.2647976303746,480,92,0
556,742.0622680602816,815,9,0
556,748.221099294595,1046,42,0
556,779.3319752187288,573,58,1
556,821.074462528634,1390,98,0
556,799.9173986674074,264,27,0
556,868.3387529209931,239,69,0
556,889.348164510689,913,18,0
556,854.2796150140016,447,25,0
556,850.225520369775,208,40,0
556,902.4545028453554,516,91,0
556,976.9532921780261,500,8,0
556,944.5438270673474,647,12,1
556,893.0623964728953,480,31,0
556,1034.0358637271493,1085,98,0
556,988.4133653753252,1340,46,0
556,1024.1787862326596,443,39,0
556,988.6097334627921,488,90,0
557,898.0836320803822,1223,22,0
557,1101.7655221225975,908,71,0
557,1330.422812870252,438,31,0
557,1414.859464288306,863,11,0
557,1824.7485366702313,206,70,0
557,1972.515468774685,781,28,0
557,1914.168679709545,664,43,0
557,2466.9920828264526,220,93,0
558,71.85518576162474,568,60,0
558,73.22974256511715,45,12,0
558,74.50056339190691,666,30,0
558,75.89392320532443,443,23,0
558,76.09488225596503,490,51,0
558,77.49668562330567,296,90,0
558,78.96139447079733,1055,75,0
558,81.90490423953055,731,6,0
558,81.79215186232891,902,4,0
558,84.40970810957006,309,10,0
558,86.68828662922283,400,39,0
558,88.19502681737413,543,81,1
558,88.37396640907885,324,79,0
558,91.50631703664791,290,83,0
558,87.12311236476872,1049,45,0
558,87.69951040646309,903,34,0
558,93.43155139422592,86,55,0
558,90.78710481480962,775,25,0
558,98.31717677016213,732,39,1
558,93.19349534322964,147,2,0
558,92.9471297486868,1405,66,0
558,94.74262494930873,1100,83,0
558,100.51275489035422,1284,44,0
558,100.8612216106261,947,56,0
558,101.72174220518062,198,85,0
558,101.85275788574691,1215,47,0
558,110.39199409527293,1149,64,0
558,102.56680748483194,284,78,0
558,114.83159418638081,1360,23,0
558,110.30299199801993,831,10,0
558,114.35404109364015,174,36,0
558,114.43999291137087,459,89,0
558,106.29325922310284,1075,4,0
558,110.77405979546035,967,62,0
558,119.47068946122155,550,36,0
558,121.79276303296439,1220,87,0
558,121.24640899586396,742,10,0
558,110.28992529332727,1376,68,0
558,111.28142184916487,221,48,0
558,113.4979320666849,302,64,0
558,128.1868828531549,162,79,0
558,115.48345803511359,794,97,0
558,115.29951073414671,1176,37,0
558,130.86635778656284,653,76,0
558,132.28612307574238,617,19,0
558,138.44169368538343,498,82,0
558,140.19578270790026,359,40,0
558,141.8499443019785,1396,9,0
558,130.5562768568499,1040,2,0
558,123.10112984859228,1139,52,1
559,905.156244150864,637,13,0
559,948.480264878914,379,67,0
559,1006.7475120800476,562,58,0
559,1030.922897448479,740,31,0
559,1074.2239442511534,576,38,0
559,1110.0215695638585,8,30,0
559,1159.8110784569703,500,15,1
559,1243.0951634821483,464,5,0
559,1351.3157545327872,801,98,0
559,1300.3115336405042,37,4,0
559,1499.3032510241665,1038,88,0
559,1447.7272582389216,851,90,0
559,1444.3727286714748,1208,90,0
559,1612.267534547857,134,32,0
559,1530.147876386743,1221,4,0
559,1578.770917103585,441,65,1
559,1848.2717435708296,57,50,0
559,1896.9829944240382,1405,42,0
559,1772.2197935983397,886,22,0
559,1710.9675999734109,986,83,0
559,1755.3823160398522,1265,32,0
560,431.51234712868956,714,91,0
560,449.87766184202997,1385,30,0
560,468.8476880749387,1159,95,0
560,480.3294931775977,924,92,0
560,501.54020202067744,697,80,0
560,510.57183912974926,1364,94,0
560,527.5321879098112,116,19,0
560,534.9092603531942,1300,98,0
560,564.9464828681727,991,35,0
560,566.8021639425083,989,7,0
560,562.4622399357233,1306,37,0
560,588.762694961833,1170,64,0
560,650.3408216240575,932,22,0
560,674.1625376780094,122,61,0
560,617.2326157697183,130,81,0
560,701.3462041798794,9,52,1
560,710.3609601322797,794,26,0
560,718.7471901170047,952,46,0
560,688.8773527600158,430,32,0
560,755.6366870576408,220,92,0
560,762.1490877015592,418,21,0
560,711.4417022928391,911,24,0
560,741.3826240102358,162,97,0
560,768.9769257091004,142,39,0
560,874.147795701357,217,24,0
560,789.3255159428334,1396,42,0
560,772.2287544156306,691,52,0
560,835.2446775647686,82,12,0
560,965.8103626784534,1413,47,0
560,837.9409701124825,61,68,0
560,935.0671097217643,1009,99,0
560,844.963247582408,605,94,0
560,846.8027777986107,1057,35,0
560,890.6895075555835,866,26,0
560,961.7237977315494,109,72,0
560,962.5596826674084,1355,50,0
560,895.4432695004741,13,48,0
560,1029.273208561559,125,74,0
561,961.7214616009147,515,21,1
561,979.7967078950784,192,60,0
561,990.9288174020477,1251,11,0
561,1007.4008350149293,272,65,0
561,1023.792616500978,459,13,0
561,1034.2075373185064,390,13,0
561,1063.0099602390678,842,40,0
561,1058.1716167564114,1364,80,0
561,1095.7851210359713,972,96,0
561,1082.8892700929564,92,19,0
561,1122.6963041854128,271,26,0
561,1163.1123362797578,325,73,0
561,1172.2644316117785,244,40,0
561,1189.6531281469815,214,39,0
561,1199.607891785702,1230,23,0
561,1227.7105642306135,648,63,0
561,1197.1469270852137,980,46,0
561,1241.4918154625789,80,57,0
561,1226.0265159752403,359,15,0
561,1257.75439428923,1227,96,0
561,1245.8567694580026,1180,44,0
561,1224.1572921285974,718,68,0
561,1359.7548859206809,352,97,0
561,1297.673260133562,1288,17,0
561,1268.5388412444843,1153,64,0
561,1342.7894698940913,160,65,0
561,1296.9648741890605,420,91,0
561,1385.1933759019284,914,95,0
561,1481.618468046159,210,96,0
561,1481.6268348846672,764,92,1
561,1351.1961840676177,444,88,0
561,1410.125556794516,1177,2,0
561,1515.1899623447753,1295,95,0
561,1434.766733370243,834,5,0
561,1434.121695958853,747,90,0
561,1435.9737765745353,1362,89,0
561,1601.1096749127878,490,44,0
561,1452.1900911364478,445,33,0
561,1622.329124856454,191,95,0
561,1663.3510479300735,258,35,0
561,1699.9501611085861,656,69,0
561,1553.9249971196784,439,100,0
561,1532.2640967671482,83,20,0
561,1629.70386038387,435,20,0
561,1736.9338124603435,711,46,1
561,1658.6504055802725,1353,85,0
561,1538.9313508274759,784,93,0
561,1824.1799439801737,464,89,0
561,1715.792113119903,753,33,0
561,1750.0277457843845,765,9,0
562,910.4187215280327,1311,64,0
562,1028.9448163322088,1197,26,0
562,1156.7354799546724,174,9,0
562,1218.0590246423546,21,33,0
562,1281.0299115935982,1230,67,0
562,1370.1115185778187,909,97,0
562,1562.1479153269302,472,17,0
562,1858.02916675205,782,100,0
562,1756.090680646133,587,73,0
562,1830.2696013392397,1143,53,0
562,1856.354422819696,293,97,0
562,2144.097223164148,498,90,0
562,2068.010435296795,1369,55,0
562,2476.199650389689,324,72,0
562,2498.76354616018,887,80,1
563,877.672562999804,1341,12,0
563,904.1003071074816,646,18,0
563,951.4385297484719,976,15,0
563,991.3644008579431,816,30,0
563,1005.903602186337,96,55,0
563,1044.6127692502196,1340,51,0
563,1096.013811890232,618,66,0
563,1128.8752455277408,731,21,0
563,1182.0200240138838,335,72,0
563,1131.937796378766,838,100,0
563,1206.415536763141,487,79,0
563,1219.6751491898772,210,20,0
563,1244.9964596250343,649,89,0
563,1356.3301381577398,132,4,0
563,1394.1315499586995,8,80,1
563,1395.7005119412252,908,65,0
563,1348.8373535348765,1410,25,0
563,1314.344002082806,145,30,0
563,1382.5324162409256,209,100,0
563,1518.2532969207691,430,50,0
563,1612.7147651103005,372,21,0
563,1494.9260413922907,787,24,0
563,1642.4578761648595,176,26,0
563,1678.0144002689358,94,10,1
563,1492.4539192394755,74,100,0
563,1663.4071385957218,1233,14,0
563,1590.7728298121463,1225,24,0
563,1850.9831757020247,140,64,0
564,625.3773484190436,1351,84,1
564,693.8763686671584,362,4,0
564,767.1165532678293,1271,70,0
564,846.7295712104954,111,95,0
564,880.9073600948435,18,58,0
564,904.8413709733269,140,52,0
564,1026.3921449536683,877,63,0
564,1138.4787487417611,1150,15,1
564,1024.1002342786016,53,87,0
564,1214.78564679814,1130,73,0
564,1299.9599916157804,708,85,0
564,1438.2576949357863,1332,47,0
564,1406.3364435781823,59,37,0
564,1311.7995402153438,148,59,0
564,1571.0576660765396,479,92,0
564,1567.0310677242505,836,24,0
564,1691.389356906789,797,54,1
564,1766.2573531795288,248,62,0
564,1825.6515476131017,1300,96,0
565,201.30001586261054,786,58,0
565,210.70696272865206,153,90,0
565,220.0499947392191,1115,11,0
565,227.96573168967848,711,93,0
565,230.03691079962147,333,58,0
565,247.39943838598953,507,43,0
565,253.70669244352217,1022,33,0
565,262.0219564417803,148,43,0
565,255.1301921879648,1386,39,0
565,267.21420524562654,169,40,0
565,297.56532577547836,39,100,0
565,297.0264617697178,1333,19,0
565,304.5749337339936,107,54,1
565,310.11936732685757,770,7,0
565,301.10907688086013,873,66,0
565,318.77447485145547,405,46,0
565,343.5566965282833,938,13,0
565,348.0103529476577,175,45,0
565,350.09912164294064,1324,49,0
565,338.1076366984492,1102,39,0
565,354.08968016374376,331,13,1
565,343.3987121663698,697,3,0
565,391.51722711725733,298,28,0
565,386.85780158077455,1428,21,0
565,407.0016441861027,923,28,0
565,430.348942285592,647,98,0
565,422.4137697400806,263,42,0
565,395.16957143882905,993,44,0
565,431.35472061901737,284,16,0
565,479.08999175605095,992,72,0
565,443.5204559170239,850,50,0
565,492.4592875109073,1377,46,0
565,478.2990095756177,307,34,0
565,513.3667092051734,1428,93,0
565,435.0651420183855,112,99,0
565,445.1226768265806,858,23,0
566,325.70286948776993,1410,21,0
566,340.020360436208,1079,35,0
566,351.0996487692554,496,29,0
566,357.996153213178,449,66,0
566,378.20741420062757,1128,72,0
566,395.2317312377799,518,11,0
566,402.28481041540977,1193,2,0
566,408.05134084678707,803,75,0
566,442.5827517940157,296,82,0
566,420.5005043796459,1213,10,0
566,443.95519110880514,833,40,0
566,451.73941052216065,410,67,0
566,444.8328440053499,908,74,0
566,482.70706793362376,1355,15,0
566,467.1688398024377,172,31,0
566,504.60273217014515,474,38,0
566,543.7629092344229,295,25,0
566,568.5226760001086,806,50,1
566,537.6162689698854,332,25,0
566,590.6837028094544,1359,52,0
566,537.4785175885318,377,42,0
566,607.0343861958662,329,7,0
566,587.2957224862354,1242,49,0
566,613.7547881866644,1051,49,0
566,614.4203018506332,395,9,0
566,623.4097058417553,986,52,0
566,654.8048410147711,667,91,0
566,660.2621969994295,1262,58,0
566,641.0765070550099,182,34,0
566,688.5105776432213,623,58,0
566,720.5401162521102,563,72,0
566,758.7593086295618,1239,68,0
567,711.4242193558222,1285,2,0
567,784.8107013772689,120,86,0
567,891.1702773817537,468,7,0
567,939.6240882521616,1269,28,0
567,1014.4183990807469,389,99,0
567,1127.148289232417,963,23,0
567,1126.9732859238773,687,82,0
567,1259.83542231263,1070,73,1
567,1217.9959442414354,928,17,0
567,1281.6972819202404,147,45,0
567,1392.64298378695,1375,80,0
567,1533.5867047094314,156,91,0
568,631.2301875370118,1106,60,0
568,648.606539820242,904,75,0
568,670.9492057447994,1403,86,0
568,676.6388279730046,265,66,0
568,698.6502726400456,1285,27,0
568,728.1405056284455,1257,82,0
568,739.6189744402739,466,51,0
568,769.82463798025,1082,66,0
568,772.6297445611171,1189,79,0
568,753.0522249948555,348,2,0
568,805.475657558265,509,43,0
568,802.6572340314476,86,94,0
568,797.8511227233121,1248,35,0
568,870.9640173893118,260,77,0
568,887.6811563052779,766,65,0
568,906.2834751195046,981,25,0
568,851.5014960267144,1404,53,0
568,887.2908273951002,854,17,0
568,972.4475821126839,848,64,0
568,925.6755282461233,1398,58,0
568,1024.6007100678062,1173,53,0
568,923.5637423394437,19,100,0
568,968.5712221021495,15,59,0
568,947.3250600915107,810,43,0
568,954.9380391553368,1186,6,0
568,1122.382355619598,1033,38,0
568,997.9211344120763,44,38,0
568,1107.9336429528362,391,57,0
568,1099.220901099972,1163,84,0
568,1089.8028648834133,874,73,0
568,1153.479192517404,861,94,0
568,1056.4383303096993,1415,11,0
568,1260.4158954819195,836,9,0
568,1234.2721308561513,86,33,0
568,1133.8176147193758,1413,65,0
569,228.8702745566069,277,36,0
569,251.12538756536952,1216,49,0
569,277.73794569244893,110,97,0
569,294.403453299918,251,47,0
569,296.6813118839224,351,25,0
569,315.2713099950547,648,29,0
569,330.3223979193076,1003,14,0
569,358.34944305656757,1070,14,0
569,375.94055886195076,1411,49,0
570,511.65795493488065,752,43,0
570,549.704327088946,304,18,0
570,610.1126649268685,899,89,0
570,627.8973644739923,700,28,0
570,661.3818543083106,151,41,0
570,744.157256653786,91,86,0
570,793.3592685774963,1342,81,0
570,762.0429502765901,1160,76,0
570,803.9785933413294,1041,44,0
570,825.3557382728272,612,65,0
571,605.3357195211744,359,14,0
571,646.7742869428987,343,2,0
571,673.523812563923,1231,54,0
571,742.4466240875861,530,100,0
571,748.3904142038571,1117,90,0
571,805.6251780978787,1392,17,0
571,817.2871870454404,537,70,0
571,891.9103260349524,386,84,0
571,953.091727332677,739,11,0
571,975.6305909869075,1007,48,0
571,1014.8392293812226,380,73,0
571,1099.4784014974603,1440,93,0
571,1059.4828440117205,265,8,0
571,1111.475999312805,222,59,0
571,1230.1888160163103,713,99,0
571,1112.8359998336014,1012,8,1
571,1309.7363921473807,377,57,0
571,1227.1476667150519,218,15,0
571,1377.45261821541,317,80,0
571,1403.895855260298,1032,51,0
571,1426.2522816263895,1242,58,0
571,1499.0747039506152,435,22,0
571,1517.0556314714981,1265,85,0
571,1580.4141210240512,66,14,0
571,1650.2004028652168,957,81,0
571,1403.4275491728015,311,93,0
571,1489.378276304582,674,66,0
572,380.81561565914205,1184,19,0
572,400.8505833694935,319,81,0
572,407.9506689801307,837,67,0
572,428.3944574699813,1359,54,0
572,445.21822295217044,1315,79,1
572,465.0499532322384,697,100,0
572,466.0190345667571,208,3,0
572,514.2130429541744,288,97,0
572,496.02167174809745,674,91,0
572,517.1375707748798,1127,34,0
572,550.0533489670818,1169,1,0
572,537.5935022072633,590,86,0
572,611.6103778848926,1195,3,0
572,571.3849021991589,1339,87,0
572,602.2609906063193,813,37,0
572,617.5278022469122,836,54,0
572,604.7312075692397,1192,7,0
572,631.1224695070886,1292,73,0
572,721.890035998706,1107,13,0
572,692.5395907716197,556,64,0
572,695.9408243069993,1111,77,0
572,767.1112923334701,1071,95,0
572,822.8304382409776,1107,28,0
572,781.826025843387,894,36,0
572,834.6243958968447,1039,4,0
572,783.6584638414735,304,40,0
572,827.3930511251084,644,12,0
572,854.2557803373218,853,89,0
572,860.7630239685261,1428,91,0
572,898.9343135898635,1238,64,0
572,969.7947860820801,994,72,0
572,909.1980139094632,196,23,0
572,965.6436320736531,155,6,0
572,939.637911814298,570,21,0
572,857.2588247647947,643,8,0
572,1035.0394108256012,483,57,0
572,895.9578812063776,1356,77,0
572,1037.3632510575794,227,23,0
572,1087.767661560347,1407,43,0
573,470.06864883952073,904,13,0
573,491.3038972893163,161,74,0
573,513.8220543058757,397,68,0
573,523.2777484157616,703,71,0
573,565.4737853639056,8,70,0
573,586.1334815943815,93,92,0
573,594.9540791831815,627,80,1
573,621.9457290127488,802,84,0
573,629.7678047943136,666,52,0
573,631.1184450482597,270,75,0
573,692.7126510801189,958,90,0
573,707.5818347146478,314,31,0
573,706.5794699928701,1011,73,0
574,82.52188832868025,275,11,0
574,83.88645806621537,411,2,1
574,84.9893294930422,375,57,0
574,86.22307715045959,1317,7,0
574,87.48350127186102,1326,35,0
574,88.33367045641575,209,30,0
574,88.45536846375185,319,71,0
574,89.29806795014517,1243,48,0
574,92.28316422511534,829,58,0
574,95.19905639943602,1216,97,0
574,92.84760182658322,465,57,0
574,93.45344712086873,192,88,0
574,96.38830498466636,863,81,0
574,97.16077412628397,1381,21,0
574,99.58317623926052,961,59,0
574,101.22348556844263,1013,1,0
574,100.89190256390914,61,87,0
574,103.23938202090721,1354,24,0
574,101.48438291427651,727,82,1
574,101.94433137999118,1127,92,0
574,104.5687937923646,807,44,0
574,105.5706329847664,259,2,0
574,113.89143062581424,1393,26,0
574,115.33584775560084,509,86,0
574,110.0447054948477,94,6,0
574,115.9118759233775,1149,25,0
574,110.17744634981062,120,44,0
574,108.94528949511879,61,3,0
574,119.72945254122592,473,12,0
574,122.3599124402094,901,52,0
574,111.4335521019075,378,82,0
574,121.47876661412666,1293,50,0
574,123.44939786364735,541,8,0
574,128.9847604325132,1150,18,0
574,129.13985351149458,164,96,0
574,122.67386163173748,955,23,0
574,132.74221157457092,38,1,0
574,134.86985240942562,1205,40,0
574,124.74735019965884,481,30,0
574,129.96969812254574,1286,5,0
574,126.89773660930226,145,51,0
574,123.29982266659397,1419,83,0
574,124.39325434433331,1397,93,0
574,130.60966559334105,1219,80,0
574,145.34866021007497,469,58,0
574,134.07878710367254,1223,35,1
574,144.99669494821632,404,41,0
574,137.303243109836,812,56,0
575,718.7544691084561,145,63,0
575,737.629155376576,561,27,1
575,754.9705527249733,1180,92,0
575,773.7475680465042,598,1,0
575,795.6935148436979,429,48,0
575,818.70222765469,987,67,0
575,831.7201347276377,1232,4,0
575,846.1855018524653,360,82,0
575,861.6162079788028,797,42,0
575,846.7571698289286,808,91,0
575,910.4120659672262,1353,94,0
575,880.5106372259986,1285,24,0
575,952.0058664216832,895,96,0
575,992.7681828006918,1096,21,1
575,943.6206693545826,594,43,0
575,1007.8111513585205,1368,76,0
575,988.3785563197096,425,52,0
575,1040.7279313331915,1381,9,0
575,1008.0203373149498,784,79,0
575,1004.9026791326855,803,19,0
575,1115.1939249408783,292,53,0
575,1099.8240627570603,554,60,0
575,1138.1505336266227,817,49,0
575,1144.7402276212501,1132,24,0
575,1115.1023512912861,44,1,0
575,1160.5077248715372,337,28,1
575,1110.5385199032971,23,71,0
575,1148.7261209696546,479,53,1
575,1232.9296412875426,1322,15,0
575,1176.8791884980303,443,53,0
575,1259.9943182242093,43,71,0
575,1167.4508320506586,1331,27,0
575,1275.301379539432,1358,13,0
575,1224.5393199005066,254,15,0
575,1434.2503266993176,206,49,0
575,1272.8947824390907,759,60,0
575,1356.547760372794,133,20,0
575,1318.8571475640165,505,15,0
575,1506.4202376391781,901,66,0
575,1480.976632834533,1320,35,1
575,1375.60568055442,137,94,0
575,1491.5042804156678,206,24,0
575,1594.141766780288,1414,71,0
575,1376.217857649516,387,34,0
575,1597.5829045397218,773,71,0
575,1582.372323394919,256,7,1
575,1656.159869129479,1313,8,0
576,315.21665402047967,1361,75,0
576,362.14528204803895,958,21,0
576,405.2916412584587,419,14,0
576,465.83758942488555,981,71,0
576,483.77352026360205,1185,17,0
577,782.2054477069995,1005,87,0
577,810.9840966682515,1023,26,0
577,839.920785988854,817,68,0
577,871.5241081027071,311,46,0
577,902.1267519942494,1115,76,0
577,941.7802484973768,9,91,0
577,932.7027020886333,765,83,0
577,986.2694121862298,1067,62,0
577,1024.7024973821076,1362,77,0
577,1078.5762032812172,1063,5,0
577,1100.295028037509,517,98,0
577,1090.8226801751896,722,49,0
577,1105.8063899130116,47,51,0
577,1175.4792500644548,357,97,0
577,1224.7803694561412,1433,82,0
577,1188.438466639761,1328,97,0
577,1336.070664876751,1083,38,0
577,1203.981936795203,616,44,0
577,1294.0443418725831,288,92,0
577,1328.133465384409,1340,37,0
577,1267.800620127966,64,27,0
577,1328.4381931154408,1061,85,0
577,1483.4454760377823,710,99,0
577,1500.04405930051,1417,20,0
577,1602.2219550312489,63,6,0
577,1633.5637101878472,558,15,0
577,1445.6142456053421,1239,59,0
577,1458.945120278794,285,12,0
577,1713.855339503656,584,97,0
577,1761.598502477571,313,78,0
577,1702.5982084152565,177,79,0
577,1628.7853461164373,475,26,0
577,1566.3105219154672,1367,82,0
577,1627.6435654331435,279,6,0
577,1812.2588317920495,1057,4,0
577,1816.9014115960567,503,62,0
577,1975.9526699461062,3,60,0
577,1945.3507393438817,1288,30,0
577,1905.0544619738484,1226,55,0
577,2128.5111870858036,374,39,0
578,612.5180270989938,232,74,0
578,659.1708876693076,450,57,0
578,745.2924437166505,456,30,0
578,766.9086121577724,65,87,0
578,852.4995110671003,858,80,0
578,873.49820064564,450,59,0
578,965.3427023118046,683,44,0
578,1021.4350452158756,952,6,1
578,1031.661536517581,350,18,0
579,623.7077714724162,285,100,0
579,648.5393260162691,904,55,0
579,675.6717351354716,853,44,0
579,695.0093996383146,1292,97,0
579,718.2733046162816,1438,99,0
579,730.5370798790236,1275,60,0
579,751.2080261692633,1030,22,0
579,770.4538346607375,61,66,0
579,817.7343927563493,956,70,0
579,838.0736437235374,472,17,0
579,882.5930868279941,178,75,0
579,888.2307433096898,90,99,0
579,926.5717604480215,751,68,0
579,871.8425601796735,1,67,0
579,935.5073820470432,594,10,0
579,1001.7002506984871,1399,65,0
579,1050.8045752999267,1389,12,0
579,964.7310660230198,1257,44,0
579,959.7395926975613,476,78,0
579,987.8616806412246,809,63,0
579,1030.793653343153,796,74,0
579,1079.9819679615819,1303,42,0
579,1133.6974872031503,942,31,0
579,1188.107955584906,501,1,0
579,1268.625514642365,1000,16,0
579,1237.1073845155051,197,57,0
579,1157.1583930080428,212,69,0
579,1224.4332551708967,95,19,0
579,1150.68286575047,640,51,0
579,1400.8097945352492,852,60,0
579,1286.712443965518,553,33,0
579,1297.116914862764,1318,19,0
579,1259.7537601862227,965,76,0
579,1437.0139434701246,5,27,0
579,1500.8811251035686,1036,13,0
579,1560.13350259936,833,88,0
579,1490.1553870188873,56,3,0
579,1618.263528820736,1027,86,0
580,351.4199248714509,329,74,0
580,382.58213983140195,89,87,0
580,409.1478775081895,1215,23,0
580,421.03471382036645,27,70,0
580,483.19299426268486,1417,26,0
580,487.4711583859338,410,40,0
580,534.99829410181,1293,41,0
580,523.1443742384381,167,100,0
580,613.9859671992824,481,31,0
580,573.7129344802597,1161,55,0
580,585.1506830366801,808,88,0
580,632.9431027835052,1085,69,0
580,740.2548597154425,1084,52,0
580,652.3639299963586,658,51,0
580,695.1619536295603,1130,13,0
580,747.1613769358237,625,98,0
580,817.3044051020987,923,98,0
580,826.7027635298739,875,49,0
580,935.3179345663839,1053,82,0
580,860.6240724242911,120,85,0
580,939.7863271516243,99,4,0
580,828.7166001669322,869,47,0
580,989.6357158140853,797,3,0
580,888.9361503783382,1168,18,0
580,1085.51478196486,460,80,0
581,120.67227431382956,1224,54,0
581,127.45067330342981,195,97,0
581,138.7057469702816,984,3,0
581,140.90417830683427,1103,13,0
581,157.37097990703052,447,46,0
581,153.82623267084026,1190,92,0
581,167.4521959440247,1070,86,0
581,168.66727265033262,1055,91,0
581,192.84360186997844,162,34,0
581,200.3209787463414,594,29,0
581,194.90844357350852,146,24,0
581,214.51413994280568,464,6,0
581,202.6621157316793,415,92,0
581,206.92816507627685,716,22,0
581,233.91621102363433,760,32,0
581,222.9124654347272,1228,100,0
581,233.72758574967037,215,100,0
581,240.4053230114318,1399,84,0
581,269.953818717553,857,39,0
581,271.2120124269083,956,75,0
581,252.42082882358488,140,69,0
581,267.66135206247156,1098,73,0
581,263.2629527563991,739,78,0
582,855.0206496547833,229,94,0
582,889.3808965616075,564,30,0
582,919.944906060317,142,2,0
582,942.5394398518627,365,39,0
582,985.3790613824708,1257,31,0
582,1003.2179956393774,798,82,0
582,1083.5302081917266,1426,93,0
582,1107.2447191372296,208,71,0
582,1129.4092447427602,67,31,0
582,1165.6588252231,1160,38,0
582,1201.063388623616,538,77,0
582,1253.3541126870323,123,15,0
582,1305.8094651517613,1328,18,0
582,1341.5171080819066,1145,94,0
582,1365.6478796522154,613,83,0
582,1328.9427054802145,1301,23,0
582,1412.633260627861,620,30,0
582,1377.9360633484366,722,22,0
582,1360.561900267145,85,82,0
582,1528.6734700887303,301,51,0
582,1528.2307873642424,1351,69,1
582,1586.6928719304753,464,20,0
582,1699.664690801792,695,91,0
582,1540.1350230043636,313,82,0
582,1615.45842458293,189,23,0
582,1826.414349876035,1329,33,0
582,1565.192930303957,311,97,0
582,1705.7392329377844,778,7,0
583,880.1204301626414,331,18,1
583,914.9301801476099,1202,20,0
583,960.379258067242,1157,25,0
583,973.4948139667085,433,17,0
583,1041.6395583395558,337,73,0
583,1024.8345843807222,750,42,1
583,1105.360816736728,1106,51,0
583,1153.2859679345754,1112,24,0
583,1140.6173572389512,521,44,0
583,1179.820147806527,904,45,0
583,1264.7635056491508,1020,15,0
583,1207.8635009560862,993,38,0
583,1364.1836470890303,723,86,1
583,1354.2024568471618,278,8,0
583,1396.5408612113447,749,41,0
583,1424.055218832675,155,17,0
583,1556.6049603685938,28,59,0
583,1396.1905975407226,626,73,0
583,1464.7514747135435,1421,38,0
583,1651.2439531208006,727,15,0
583,1690.6527095599045,1389,100,0
583,1575.2829582873287,796,89,0
583,1614.4720603347673,1424,59,0
583,1831.871605072092,1090,17,1
583,1685.113211646171,969,75,0
583,1615.4860490553501,291,10,0
583,1856.5388985861086,13,51,0
583,1955.061549119067,202,82,0
583,2081.5471431269207,484,7,0
583,2117.4071684770306,449,96,0
583,1856.230878209561,754,61,0
583,1962.2583858901662,33,86,0
583,1863.425154343424,679,35,0
583,2158.7287265291448,1311,68,0
583,2135.605187037326,75,87,0
583,1950.471865005551,952,69,0
583,2107.0120817344464,993,68,0
583,2149.2069570142676,1164,11,0
583,2490.141217122049,976,9,0
583,2324.959948309286,937,85,0
583,2590.499659534642,1286,36,0
583,2209.1907186058615,777,13,0
583,2183.7399191935283,1323,32,0
583,2607.1897527656774,785,27,0
583,2149.8071885981494,280,54,0
583,2703.2246848051827,56,24,0
583,2408.0238624722883,615,11,0
584,956.4828263134507,748,91,0
584,999.0713636732838,1289,5,0
584,1025.8945102483983,550,92,0
584,1085.3200386325843,1349,68,0
584,1088.6200964756538,261,7,1
584,1175.7276827784049,740,71,0
584,1176.3133441037378,1337,28,0
584,1219.723443233362,1340,88,0
584,1220.5688331917122,1307,33,0
584,1259.0385677136678,252,33,0
584,1374.7969904137592,1364,92,0
584,1320.6121230899862,9,6,0
584,1337.7850765874537,295,47,0
584,1425.05217213054,363,76,0
584,1565.5267916251173,1029,5,0
584,1507.9330219219955,1128,82,0
584,1477.9348494632986,244,53,0
584,1527.0068129441847,1164,65,0
584,1639.1808201854583,1389,23,1
584,1672.9385413450486,329,19,0
584,1701.9676371512892,404,83,0
584,1632.2685287287723,1119,24,0
585,186.8820131183952,717,76,0
585,198.23271239901828,205,23,0
585,208.99667211432708,1221,29,0
585,224.51511473315045,94,30,1
585,232.99687399189287,1055,29,0
585,243.95115008398582,15,16,0
585,256.28374900426854,151,17,0
585,261.59786092039843,1211,99,0
585,283.73539073423,833,62,0
585,280.39288266603955,645,94,0
585,273.00211059833725,725,96,0
585,305.57999034014,505,9,0
585,290.7393913096505,1050,6,0
585,341.6179208780873,1037,72,0
585,359.04539296534386,1212,65,0
585,328.17306510289495,692,75,0
585,355.8097111118653,394,24,0
585,362.82877396431263,1397,86,0
586,287.5115993249255,1413,2,0
586,291.98097658732047,496,18,0
586,295.85868255535934,1433,65,0
586,301.70173725857774,922,43,0
586,302.2474353474939,746,14,0
586,305.29400269542566,1239,21,0
586,311.9120659047188,1361,62,0
586,317.5082200706098,1035,84,0
586,324.77994933632624,578,20,0
586,324.0246269768597,1362,63,0
586,334.43310637517084,458,30,0
586,328.47767336754674,1155,67,1
586,334.47073149893345,144,71,0
586,342.3565081057525,1046,81,0
586,356.1998601917865,1228,84,0
586,361.24950563521884,1332,56,0
586,356.506647779928,880,87,0
586,367.7998570251318,77,3,0
586,351.2247609636027,968,28,0
586,378.24595364847437,626,48,0
586,358.59180118667064,563,2,0
586,381.4833081855412,1192,93,0
586,369.6151398998525,450,88,0
586,381.9447473536048,1205,9,0
586,400.90725667839575,502,14,0
586,393.1339409677953,752,100,0
586,400.896027248169,1414,55,0
586,410.12419376891745,527,19,0
586,423.049080035697,383,100,0
586,428.3746498850851,1125,46,0
586,392.85075216625677,1004,68,0
586,420.42379919191774,130,61,0
586,409.74333205678545,358,44,0
586,437.186865782015,172,62,0
586,422.34863638986513,935,100,0
586,452.46774461065587,1251,12,0
586,411.50801100954743,249,23,0
586,430.4204345508376,852,35,0
586,438.6435734071798,1029,50,0
586,478.01814516762215,1365,42,1
586,458.7899245714019,707,78,0
587,714.0794624262402,607,14,0
587,739.8213756194294,1229,99,0
587,764.6106584900712,93,85,0
587,807.3350228834245,969,75,0
587,840.113289484315,958,58,0
587,830.7668902643765,357,55,0
587,856.9332948723882,747,51,0
587,885.9932684718021,67,92,0
587,900.6589980764986,268,20,0
587,963.3876157204072,1034,95,0
587,949.6632970257039,985,29,0
587,1042.3466699121784,1234,11,0
587,1109.0175105154574,209,81,0
587,1111.7223143305753,362,11,0
587,1062.9664112699552,264,65,0
587,1163.873209113836,436,30,0
587,1122.0146252781728,742,50,0
587,1146.1673366285393,216,80,0
587,1173.4831165398223,1219,74,0
587,1304.0150554568443,176,28,0
587,1336.1885732313797,1259,23,0
587,1313.6569772083544,136,18,0
587,1351.4458379889188,1419,92,0
587,1315.1234175124732,523,5,1
587,1501.0689676580446,1343,66,0
587,1352.7317040045427,335,71,0
587,1327.1503775264039,901,55,0
587,1610.0297479324022,28,28,0
587,1387.7745281176985,8,69,0
587,1640.6875046213709,1230,21,0
587,1653.6180848690674,403,30,0
587,1599.5500177665667,970,6,0
587,1457.539216866647,369,94,0
587,1720.370617095511,1224,39,0
587,1792.265538387779,1006,36,0
587,1543.274562217717,33,71,1
587,1778.889783291599,1414,18,0
587,1902.2536760945745,541,49,0
587,1783.4381863740418,932,91,1
587,1884.809408453038,627,89,0
587,1629.5325993030037,725,26,0
587,1821.414223586025,1322,15,0
587,2069.598120318662,1310,54,0
587,1899.028831369088,608,43,0
587,1853.5516456463665,222,34,0
587,1852.3553033126632,516,95,0
587,2023.3818097828107,357,88,0
587,1852.5258744672979,626,28,0
587,2040.5781055055868,77,68,1
587,1901.018086055541,194,32,0
588,913.0951701762979,964,56,0
588,1023.1798237865087,1021,98,0
588,1177.767088517138,546,22,0
588,1371.081149280557,396,58,0
588,1414.5330059817138,1007,8,0
588,1696.210220665925,750,61,0
589,438.9722657197248,1210,28,0
589,446.8684011743334,1354,74,0
589,452.4562835638566,988,5,0
589,464.2523262245118,140,53,0
589,476.3821963941527,1395,11,0
589,474.55795151177836,63,97,0
589,487.83882582775794,840,25,0
589,486.3487624694475,86,45,0
589,496.53233420553875,258,47,0
589,520.8691268353915,271,56,0
589,535.4835591085525,204,43,0
589,518.7707914651064,1049,18,0
589,534.5440424319712,1118,32,1
589,524.2615181539397,591,60,0
589,561.5882562055309,438,84,0
589,584.194965132455,876,84,0
589,584.565317547207,1416,51,0
589,561.0979975257419,40,55,0
589,583.0153460526953,876,4,0
589,594.8449753850017,330,13,0
589,577.210601314639,431,95,0
589,640.0204051410676,999,9,0
589,651.856701616656,689,37,0
589,632.9315354863168,888,38,0
589,638.0953954798354,314,22,0
589,668.7272606862035,944,48,0
589,654.0299052619198,39,45,0
589,657.2176410533353,1418,63,0
589,669.5386486159639,852,74,0
589,652.9827915133988,1408,78,0
589,696.5678311276306,740,9,0
589,713.0515429204066,841,7,0
589,696.2142642792537,1342,21,0
589,670.4544428245338,547,38,0
589,671.6180130771169,705,15,0
589,720.5085733463995,733,5,0
589,771.0651429026773,986,95,0
589,781.4056707458121,393,70,0
589,774.633468807193,854,67,0
590,298.5288334417979,604,17,0
590,356.9404533207599,1077,65,0
590,430.45699045867354,972,61,0
590,481.26551398527306,910,17,0
590,551.1299364288482,155,28,0
590,601.6460592904837,132,75,0
590,581.6432206196666,312,72,0
590,621.2792635650045,356,53,0
590,773.5272229084528,181,82,0
591,294.5090746055495,355,92,0
591,301.7136337834737,1154,34,0
591,306.3139764663239,252,79,0
591,315.62748994425266,955,95,0
591,319.28749467406476,1010,59,0
591,327.45820745999043,1309,40,0
591,345.1354751834859,891,93,0
591,354.7707208128003,694,73,0
591,361.71858636829904,1217,33,0
591,370.706069558573,459,59,0
591,360.7804050292393,997,42,0
591,389.9196818067214,896,89,0
591,368.02902526715087,67,62,0
591,384.12544127631315,748,15,0
591,398.6147532767343,1292,57,0
591,391.3909744301404,1,15,0
591,416.9860560563808,313,48,0
591,423.0568838718061,821,28,0
591,417.3006765652401,486,70,0
591,437.82663174867207,1413,84,1
591,413.45363916069374,793,77,0
591,469.10105326361315,404,30,0
591,454.48404999556914,813,47,0
591,436.19739666736575,201,22,0
591,459.0799428124587,577,11,0
591,469.99180214856887,740,41,0
591,499.0311722765656,430,65,0
591,491.15548625536155,677,93,1
591,477.2897197005474,1240,66,0
591,490.4315973072892,17,6,0
591,485.2115574287424,226,3,0
591,560.4396534043287,867,98,0
591,553.7879927064536,683,47,0
592,425.8966595026751,1302,40,0
592,432.714551635905,242,4,0
592,438.2018029299294,258,65,0
592,445.22315192691866,70,14,0
592,459.41001605224267,624,46,0
592,459.49306682318183,353,99,1
592,468.5170403569313,1427,41,0
592,471.6692625509651,139,15,1
592,476.37725489734686,283,87,0
592,500.48561919737654,281,67,0
592,504.9676713688096,120,6,0
592,499.2640422764632,1071,74,0
592,531.9227697008274,718,44,0
592,540.093934453371,1202,10,0
592,536.9982530364441,1143,55,0
592,557.7761736887834,985,56,0
592,541.1345283258415,1365,37,0
592,564.7570312486049,138,42,0
592,566.9095649498536,593,2,0
592,552.6301256459066,1246,52,0
592,563.9867064258266,298,65,0
592,554.207628060022,228,16,0
592,602.4488061099587,273,62,0
592,618.3420992782048,1226,1,0
592,614.9920118623222,843,74,0
592,635.9837125631548,1139,6,0
592,597.7513952726472,867,24,0
592,632.0282596372135,638,37,0
592,599.4583132787807,99,37,0
592,689.7034151353923,128,28,0
592,671.9810994333944,1019,28,0
592,688.7825375382442,482,41,0
592,635.3941170218752,240,53,0
592,684.1231666417711,513,2,0
592,711.1257563065175,933,40,0
592,662.361839038601,1183,18,0
592,701.5525368582064,1409,65,0
592,659.9554138053686,932,40,0
592,684.7302231341623,789,19,0
592,666.6841861924088,1260,96,0
592,778.0714594018737,1114,78,0
592,704.600171241781,173,80,1
592,751.817511992282,1434,73,0
592,699.1923080908284,950,92,0
592,769.3239452700409,1396,93,0
592,753.3624944874031,706,28,0
592,760.5610473519125,1165,41,0
593,785.5554132180757,564,56,0
593,826.2848906230817,340,92,0
593,882.054542597016,458,36,0
593,894.1919617516551,536,48,0
593,972.2398826231279,413,97,0
593,986.4788667978905,1219,71,0
593,1086.8516284718423,926,90,0
593,1075.4666907155133,1318,78,0
593,1179.4039379994517,455,28,0
593,1223.4422634986086,804,52,0
593,1293.4667516494678,854,18,0
593,1210.0207566518,1305,34,0
593,1276.8609815389077,1197,6,0
593,1240.3430815880579,1240,33,0
593,1295.4018921991244,827,17,0
593,1416.5845473948107,1067,32,0
593,1439.5148347046852,410,89,0
594,197.85364314994746,1006,31,0
594,209.11862887993226,1080,49,0
594,219.24580142684167,1089,78,0
594,231.57662589517867,1120,84,0
594,249.0665090243411,687,50,0
594,264.0466025535901,1283,39,0
594,264.6863700143382,1052,70,0
594,269.410612922631,1099,42,0
594,296.64155613272106,1066,43,0
594,302.3969405347534,219,16,0
594,309.69514494970656,652,33,0
594,304.2829336506043,1258,63,0
594,330.9640585609818,997,30,0
594,331.35710891507165,1019,88,0
594,325.6694964555649,838,34,0
594,343.4018087817126,1195,2,0
595,462.97256207408185,980,79,0
595,483.7447397733603,1346,38,0
595,505.07210861320135,635,65,0
595,523.2529392772792,938,18,0
595,527.3409286940241,777,43,0
595,565.3449045563475,1418,22,0
595,563.7409863874138,46,4,0
595,586.4978326925475,845,25,0
595,584.2842870629788,1184,76,0
595,604.7968475814098,1212,98,0
595,659.7819019072194,125,84,0
595,642.7843466938117,1414,82,0
595,642.6868923115624,102,95,0
595,680.8122522721969,986,53,1
595,696.9993323204459,693,79,0
595,717.5500797959148,1359,47,0
595,759.4759881104983,155,10,0
595,811.3198866658236,575,37,0
595,806.9165189648475,1394,34,0
596,12.607989464322559,1222,100,0
596,12.967008632212455,1283,92,0
596,13.452846656832183,676,57,0
596,13.713768429465848,1315,10,0
596,13.980129879857968,996,40,0
596,14.81002150625713,910,87,0
596,14.991019977786216,1416,6,0
596,14.978635482319596,486,4,0
596,15.666837066688835,1175,71,0
596,15.873791389319361,240,17,0
596,17.08870299156669,665,37,0
596,16.811788352592433,952,70,0
596,17.957725478206694,209,45,0
596,18.7055825122904,154,77,0
596,19.340832640312446,1330,23,0
596,17.74409980403363,41,91,0
596,18.351708338810408,1116,72,0
596,19.047900061821373,194,66,0
596,18.857498931623827,422,83,0
596,19.866011131167866,1042,71,0
596,20.597411238169375,853,21,0
596,21.548004389804916,312,61,1
596,23.336803581918964,203,47,0
596,23.736368607830293,1103,58,0
596,21.312112092317975,268,9,0
596,25.021851019806686,347,92,0
596,24.50200188214736,239,34,0
596,23.582510528624233,1372,42,0
596,23.51584464960787,83,62,0
596,25.049336351575178,1081,9,0
596,27.191881650868652,881,77,0
596,24.99597947765076,854,5,0
596,25.812320132643727,1326,65,0
596,25.962248248305094,238,97,0
596,28.30838887840331,1078,5,0
596,24.91720939546197,1270,99,0
596,28.539778673275933,1300,4,0
596,24.955072050299385,450,45,0
596,25.28457328436329,10,9,0
596,26.23367579051881,342,78,0
596,32.07801045869322,442,90,0
596,27.388229653131326,1033,41,0
596,29.109688197168047,1084,48,0
596,30.71917444219593,1237,20,1
597,588.8673643479722,134,81,0
597,654.3303862444358,590,52,0
597,715.5403198436463,1262,56,1
597,754.9368191206319,585,80,0
597,774.4127275107087,685,22,0
597,833.3844936938548,840,46,0
597,864.1597842022973,1296,13,0
597,898.043083239479,1396,42,0
597,970.9979358876831,850,69,0
597,1165.9340786094258,877,13,0
597,1245.0025655512168,1026,70,0
597,1208.9020443269605,738,6,0
597,1211.6549304601704,679,63,0
597,1235.7877566712393,12,47,0
597,1297.6826066867857,1098,5,0
597,1279.8278161082035,714,89,0
597,1333.5719316837867,1436,74,0
597,1504.849476668563,1327,60,0
597,1534.3102071299409,938,23,0
598,618.6315340911585,699,18,0
598,637.5984388950718,1380,80,0
598,654.9561058211856,219,4,0
598,684.93201814296,860,18,0
598,684.2361657012318,206,97,0
598,724.2177722909511,392,26,0
598,748.449050870255,523,89,0
598,772.5754150300586,830,26,1
598,788.2766598417918,1342,13,0
598,792.60894466737,443,41,0
598,807.8575719037041,205,14,0
598,822.6176473262316,205,66,0
598,868.0554215124757,1017,27,0
598,888.1033477134852,695,78,0
598,901.4673905656172,446,99,0
598,979.7731498769215,185,48,0
598,1001.1474372087805,76,5,0
598,943.6117651402864,1051,84,0
598,939.8804318327717,580,77,0
598,1006.9249386868532,151,41,0
598,1090.1602696953266,1130,72,0
598,995.8193768407486,1036,54,0
598,1093.3570261202078,518,8,0
598,1142.4434091556093,689,1,0
598,1072.3691440817267,965,85,0
598,1099.4289647314727,1288,5,0
598,1184.2462050868323,679,29,0
598,1186.7614926592678,633,57,0
598,1138.3830212166463,10,51,0
598,1201.0371373995579,305,49,0
598,1242.5081457450476,702,84,0
598,1346.6942589130304,318,4,0
598,1360.0675270423299,40,41,0
598,1214.7606918458523,1377,62,0
598,1275.043983981699,220,68,0
598,1390.7792386663457,735,100,0
598,1348.7213953531905,99,35,0
598,1350.1941693741614,276,55,0
598,1240.8185320751015,1376,42,1
598,1520.319547734894,715,30,0
598,1564.5076220976196,613,29,0
598,1418.1218665341116,1323,24,0
598,1396.5143499557353,826,2,0
598,1460.6237320145697,114,59,0
598,1445.4682570062491,609,50,0
598,1430.639112582549,335,91,0
598,1511.9964852767507,770,48,0
599,974.0198657480493,80,75,0
599,1002.3551167581488,409,70,0
599,1055.161434439738,120,43,0
599,1063.358885113434,1237,81,0
599,1101.6098557160822,501,89,0
599,1169.0774745203373,838,34,0
599,1189.3102185812425,333,36,0
599,1245.8340627578177,925,65,0
599,1266.8022226097755,668,54,0
599,1314.9285016611766,653,69,1
599,1382.1063432333274,1075,33,0
599,1400.1818098680224,845,22,0
599,1426.9834231183645,257,41,0
599,1421.283418122442,1213,34,0
599,1374.0838724324167,994,25,0
599,1440.9376802113234,108,55,0
599,1578.0714847513245,587,36,0
599,1516.3012058231782,301,56,0
599,1609.5420436667432,445,29,1
599,1686.5407428592607,219,37,0
599,1625.9815650038295,1089,84,0
599,1590.9351057256354,74,77,0
599,1817.132551487236,793,39,0
599,1830.2942252652729,989,58,0
599,1909.2179641333178,97,12,0
599,1928.0387554956824,1255,22,1
599,2000.9551572640034,282,95,0
599,1749.964098671654,719,96,0
600,897.0960804808203,1187,8,0
600,950.2160460401125,1389,31,0
600,991.0659698471561,176,82,0
600,1025.3891084057077,69,34,0
600,1095.1518014657088,939,29,0
600,1104.4749552540343,619,96,0
600,1141.7649038976822,9,3,0
600,1190.2535156149083,680,94,0
600,1312.6494225621225,394,4,0
600,1356.7381655525496,1424,63,0
600,1387.707443097702,144,100,0
600,1418.4504859801307,1155,59,0
600,1512.9858622118047,601,43,1
600,1437.706910379572,193,20,0
600,1480.1372932407512,637,88,0
600,1698.629954630207,885,22,0
600,1579.0779902850045,875,90,0
600,1535.5679545761177,1438,9,0
600,1606.2905426346508,186,91,0
600,1708.9759920670326,288,43,0
600,1648.2064744588852,251,4,0
600,1990.4479447533495,901,82,0
600,1851.5547704845258,862,100,0
600,1818.088461425713,974,49,0
600,2212.9772099170546,974,96,0
600,2117.8134342312687,736,58,0
600,1983.0684996722757,162,95,0
600,2360.9270272268714,569,14,0
600,2375.417059342226,680,77,0
601,621.3115431634272,848,73,0
601,637.7101167116442,831,23,0
601,664.6588644621055,797,100,0
601,673.2957658379775,660,59,0
601,687.740793002553,933,70,0
601,708.7191285530484,527,82,0
601,747.3898550054938,74,4,0
601,781.289506681102,458,18,0
601,791.7578900251601,1409,48,0
601,826.5724983342311,752,62,0
601,785.4385468109512,1390,3,0
601,844.1859560191747,1027,38,0
601,896.8298384085671,207,16,0
601,878.8879897925533,155,62,0
601,933.9029061779498,1254,13,0
601,878.0307934928315,421,45,1
601,953.6093952955873,954,50,0
601,960.5889649524461,1186,50,0
601,1009.311280127278,1430,81,0
601,1022.4282022282787,764,47,0
601,1080.7403531997875,1242,52,0
601,1084.0430542609283,885,37,0
601,1040.613093178748,1318,43,0
601,976.9536065862338,406,5,0
601,1037.790486198717,300,58,0
601,1135.9519888348354,452,3,0
601,1087.0894386906666,1113,73,0
601,1163.6270057039446,1152,84,0
601,1266.938981180128,628,67,0
601,1216.6055759574924,881,70,0
601,1302.2376236100035,715,65,0
601,1212.7852923229002,275,95,0
601,1168.4359533410206,649,6,0
601,1193.9042286007912,615,75,0
601,1304.5491268845901,529,8,0
601,1310.4413163253216,1145,43,0
601,1368.1568728228685,1171,50,0
601,1201.3802551822005,102,14,0
601,1234.5093310888078,220,52,0
601,1417.6192325338016,591,11,0
601,1489.4858568016562,1083,83,0
601,1431.6327681311882,1246,2,0
601,1589.8157103433055,850,4,0
601,1451.464939308738,1214,7,1
601,1568.309651501261,678,53,1
602,356.77464549126637,341,36,0
602,377.38827447738413,1146,50,0
602,403.1600642150739,502,13,0
602,426.0754422015759,1316,28,0
602,450.8193240914848,842,77,0
602,491.1076719293425,642,24,0
602,520.1257101742358,433,23,0
602,514.2865172876977,979,31,0
602,514.7073013922974,514,63,0
602,589.5858564125006,987,47,0
602,584.818881682627,1084,95,0
602,653.5728525469583,283,98,0
602,626.5417249690015,762,49,0
602,682.6269586714817,1151,35,0
602,762.4559533585768,36,89,0
602,698.9593627363108,719,5,0
602,759.8637302616755,333,74,0
602,689.9666779493713,256,43,0
603,969.9305825433825,1398,52,0
603,1017.2136929416126,77,80,0
603,1061.9615524786889,611,32,0
603,1112.274696305759,23,98,0
603,1206.5743774498987,599,77,0
603,1222.675801521298,1068,59,0
603,1321.3427777391548,1023,5,0
603,1283.1832984102507,1110,19,0
603,1368.9154997739195,502,26,0
603,1412.0594408460913,900,84,0
603,1508.1006537815076,6,13,0
603,1634.3727320960288,724,62,0
603,1548.9536599168591,1289,67,0
603,1657.1689421356218,1358,86,0
603,1825.9630822508223,731,92,0
603,1722.4552786151507,18,9,0
603,1967.049845253951,213,22,0
603,1907.5239999725172,408,6,0
603,2014.0465751265474,479,28,0
603,1776.744157438895,819,36,0
603,2209.5209296220814,1251,45,0
603,1917.2151808415083,673,60,0
603,1912.1636987344928,442,97,0
603,2390.3864967445934,799,58,0
603,2121.81150887788,1204,78,0
603,2257.0876577041636,933,95,0
604,900.2834719176268,1163,5,0
604,963.5501904357144,443,55,0
604,1007.3641353092046,671,88,0
604,1053.195470948222,656,38,0
604,1105.1452408043485,1237,100,0
604,1137.4106446322942,862,83,0
604,1253.4251615340931,674,58,0
604,1316.2806039379357,906,98,0
604,1417.4327689912377,464,27,0
604,1383.4204566460864,1284,35,0
604,1412.3064007749026,854,34,0
604,1545.4418114085738,631,3,0
604,1432.9365826536737,599,13,0
604,1685.3760904917779,1258,27,0
604,1681.57954756197,1010,10,0
604,1640.865270396032,1427,13,0
604,1690.506398375568,308,84,0
604,1757.2515086943727,297,91,0
604,2085.322869956661,1004,63,1
604,2008.5563220695576,69,52,0
604,2197.0840219624524,640,44,0
605,850.0804191780594,689,61,0
605,880.1022718526542,1022,92,0
605,929.7160158425604,721,57,0
605,942.4865977578454,973,65,0
605,1013.241057397006,247,8,0
605,1026.4875627097394,1273,77,0
605,1039.6072653801589,1000,31,0
605,1058.5879423618112,1030,90,0
605,1147.1050339215408,554,82,0
605,1214.7435733193777,827,8,0
605,1147.9351781856813,1029,55,0
605,1231.9973037869956,603,88,1
605,1253.5761691604557,701,95,0
605,1235.8979035573914,1150,14,0
605,1327.2453562230235,804,29,0
605,1290.8081866978778,742,58,1
605,1501.3046273088876,427,86,0
605,1447.4077457790534,1438,71,0
605,1486.320919641826,36,60,0
605,1495.3701405040183,971,86,0
605,1620.4091874016435,1024,43,0
605,1750.7931719549188,412,86,0
605,1524.8404554081349,1348,83,0
605,1836.5256636844992,404,17,0
605,1811.3023425098672,339,21,0
605,1718.1096359868784,25,96,0
605,1887.6294236094643,979,82,0
605,1976.9837634243404,1168,84,0
605,1966.593189827357,300,26,0
605,1856.0056375794024,658,59,0
605,2150.0643907347903,356,13,0
605,1755.3997718310393,419,33,0
605,1872.6066437955033,785,34,0
605,2263.773083382398,463,99,0
605,1936.8661728416032,1142,86,0
605,2371.386948392161,346,43,0
605,1936.395354562954,359,67,0
605,2117.1585108532627,621,100,0
605,2398.220066326328,1233,64,0
605,2538.5688706513383,56,54,0
606,676.3780784230936,218,91,0
606,839.6371277519025,1339,20,0
606,989.511578072927,771,7,0
606,1157.4039060496991,1075,61,0
606,1509.916347708849,385,33,0
606,1535.9108766087936,267,44,0
606,1905.3910406292302,502,49,0
607,539.9560541419971,6,14,0
607,565.6630296396612,1320,68,0
607,583.1972460497725,581,85,0
607,630.8627032312953,1040,44,0
607,643.3575140324788,211,76,0
607,685.3117606056892,851,67,0
607,682.0939007216747,487,47,0
607,709.7787256453319,361,52,0
607,742.8848366810091,478,57,0
607,765.7805044633401,1333,4,0
607,786.2155879276299,701,8,0
607,793.2269147056114,1186,15,0
607,789.5827973418175,848,15,0
607,915.6765807309725,273,67,0
607,899.5357516026004,827,57,0
607,911.6572153118234,1260,76,0
607,949.2683016449732,1158,95,0
607,897.6628990428139,1110,59,0
607,1042.218294974852,1174,64,0
607,955.5675172230121,1429,36,0
607,1062.8849367758148,1198,33,0
607,1188.6948156819144,1212,57,0
607,1014.1416070634741,1,93,0
607,1113.861617926943,432,98,0
607,1170.104883596262,825,82,0
607,1300.6829313355802,1220,37,0
607,1321.5423570162552,1235,55,0
607,1210.4704685073966,250,37,0
608,970.8405412034843,402,8,0
608,1071.8934725103124,818,88,0
608,1154.0578070344893,668,40,0
608,1242.1517942599858,1039,96,0
608,1285.0642839004636,593,48,0
608,1350.826621477374,1184,42,0
608,1480.2692031216409,332,18,0
608,1574.0490236113042,576,44,0
608,1717.766327382133,1021,24,0
608,1912.3416540678204,295,49,0
608,1767.1516846853715,386,14,1
608,2071.2510022543024,373,91,0
608,1963.0663665749667,881,3,0
608,2066.3375728462393,508,7,0
608,2107.50804560204,655,83,0
608,2612.044998085183,1281,37,0
608,2414.33380783985,308,59,0
608,2491.307674412916,304,83,0
609,386.66890377182693,112,76,0
609,395.53975949290157,782,43,0
609,405.19889192873904,198,79,0
609,410.9444288375251,1104,79,0
609,428.2819386448144,1176,28,0
609,441.8633740428195,753,90,0
609,436.1998567107769,886,87,0
609,467.14971118734616,1098,31,0
609,466.82691587707876,1176,86,0
609,474.30523685606926,517,94,0
609,499.83404040753607,177,83,0
609,505.90942963709324,43,21,0
609,520.2548153231362,836,54,0
609,500.2496525165268,511,67,0
609,508.2990056748411,1367,100,1
609,529.8740070669115,759,71,0
609,546.0514982046483,1288,7,0
609,580.5875787541389,679,24,0
609,571.447319051878,960,82,0
609,550.5073877724196,409,86,0
609,561.990697816807,648,74,0
609,599.6645396024549,776,83,1
609,593.304737377036,349,65,0
609,572.640885049339,69,9,0
609,632.5387163882226,620,55,0
609,658.2374273357907,1147,12,0
609,640.0655988372811,378,15,1
609,612.7418625113622,785,68,0
609,613.1426452053981,491,86,0
609,703.1420930217955,1077,49,0
609,648.961194339438,170,73,0
609,651.4709003060927,81,77,0
609,663.1039623376589,311,1,0
609,680.6404855910857,42,84,0
609,674.6954338234898,1310,22,0
609,756.0666372321025,528,95,0
609,700.7833111202351,827,34,0
609,733.2482478171366,1381,40,0
609,734.8650311146857,353,46,0
609,803.1869736035077,379,90,0
609,844.6099649650764,331,71,0
609,833.2617424055342,1353,46,0
610,270.66011753227957,708,56,1
610,288.6493981894594,540,18,0
610,302.6656545642238,1107,7,0
610,331.64897673528304,909,44,0
610,351.415168160484,1141,26,0
610,361.50767218142454,1009,38,0
610,385.4672033831341,1142,80,0
610,399.48118122440553,195,29,0
610,391.5849022696494,557,81,0
610,422.3509292405372,711,27,0
610,447.6135690894499,1303,20,0
610,426.96332077523016,65,24,0
610,453.8690348229321,821,49,0
610,460.37380258256735,371,89,0
610,470.2090978128447,50,90,0
610,558.722585002849,984,79,0
610,545.4075688047208,1214,80,0
610,543.1925271331438,1307,89,0
610,528.2913646686522,220,34,0
610,543.1818289788418,1146,13,0
610,623.1590786653912,910,45,0
610,606.0914084554875,808,85,0
610,719.3130031972581,412,69,0
610,633.3594213595577,602,91,0
611,601.3187371544594,974,38,0
611,616.6061090579888,708,18,0
611,636.8313127995652,457,69,0
611,644.9700692565118,1320,38,0
611,664.4817128186152,888,30,0
611,687.1250961358394,754,24,0
611,689.5322474732609,366,20,0
611,699.9208030963158,946,9,0
611,737.2344621372829,1411,95,0
611,757.4027620688036,176,14,0
611,788.7063902449039,1433,8,0
611,790.4081935493075,573,100,0
611,850.3180933930166,156,100,0
611,830.5001514979966,755,98,0
611,834.7786776663472,752,62,0
611,872.3437350210404,474,1,0
611,860.331759553677,1336,6,0
611,914.6682664420866,743,98,0
611,928.5753065449819,320,96,0
611,899.2255148700084,689,41,0
611,962.8314326450139,910,63,0
611,924.0952157735741,436,46,0
611,932.2532465926389,138,58,0
611,946.0362267065025,999,1,0
611,1028.8868008728855,753,9,0
611,1042.2133204746972,843,8,0
611,1137.9515547840842,568,18,0
611,1014.2607555477362,1110,82,0
611,1135.8537293938175,1217,27,0
612,95.61918687111438,466,67,0
612,99.5187475324646,944,48,0
612,101.56945276200615,944,52,0
612,106.42008341676669,596,75,0
612,110.20779632311657,157,77,0
612,116.33240520707395,538,27,0
612,119.0075976905724,747,19,0
612,125.10363365021743,1158,10,0
612,126.74966026112187,462,83,0
612,134.39788201627215,1104,23,0
612,128.5172535364212,1154,57,1
612,131.69007485263865,831,87,0
612,144.26287167895396,847,9,0
612,134.2170275721796,1205,12,0
612,148.13690440903432,226,85,0
612,150.6251344599914,612,55,0
612,162.71826875274616,1298,54,0
612,155.32638796965045,1259,93,0
612,172.57533066492897,722,39,0
612,164.3026515630706,1110,93,0
612,155.37775711280705,378,15,0
612,184.6579848371554,913,69,1
612,164.1751192784903,529,29,0
612,178.2088298199196,1259,65,0
612,174.75290580504668,464,60,0
612,176.0127884825398,84,9,0
612,186.35781309778042,370,44,1
612,186.00056536621764,984,16,0
612,192.0941253674535,760,57,0
612,183.08620697223387,184,9,0
612,219.1575273827914,77,52,0
612,195.81539966662507,879,22,0
612,213.8635681923538,566,81,0
612,213.7189379906457,104,11,0
612,223.52512798506075,980,35,0
612,234.89438793965058,325,83,0
612,221.81781240531956,524,37,0
612,209.77427097070716,74,3,0
612,223.5145379825767,266,91,0
612,242.79973081281798,862,68,0
612,244.8737540597888,654,15,0
612,241.67896019226185,1060,5,0
612,251.90966197086283,1175,7,0
612,273.5341397214961,554,24,0
612,233.81283416020636,1437,51,0
612,285.1978211144767,135,93,0
612,272.5919299170637,1242,88,0
613,758.4187652465065,1106,78,0
613,807.1766608565431,765,78,0
613,867.7518438764922,745,22,0
613,905.6120285690808,829,48,0
613,958.5472334343546,452,75,0
613,1059.7826752037513,862,76,0
613,1073.99603277368,1297,69,0
613,1184.366346206461,959,57,1
613,1187.9644308232757,565,85,0
613,1200.899391385616,569,79,0
613,1256.8884410374226,294,25,0
613,1478.3826899021988,1268,26,0
613,1578.5743188598349,628,61,0
613,1584.0700250939958,1228,4,0
613,1616.519179700424,962,72,0
613,1628.7179243095902,212,12,0
613,1555.30754946337,60,54,0
613,1900.9773621864429,532,10,0
613,1719.5422268528346,1322,96,0
613,1649.4000286147634,223,66,0
613,1935.396079634742,824,6,0
613,1999.516465668169,233,16,0
613,2208.518378216211,9,9,0
613,2110.1899612270254,1433,40,0
613,2197.070122474103,1289,16,0
614,620.2132180118494,740,4,0
614,642.5507897683094,408,72,0
614,665.3299893992181,585,86,0
614,686.3583729984005,855,5,0
614,712.702985988013,375,30,0
614,731.1672614238153,713,39,0
614,778.3831383444231,84,18,0
614,783.2044330576989,358,91,0
614,858.9537348504963,335,35,0
614,882.7609875802013,1254,16,0
614,844.1610211760435,82,82,0
614,953.1579624522656,474,87,0
614,966.4494438921386,354,69,0
614,948.6594207314482,350,83,0
614,967.0429065232046,1063,69,0
614,961.1378919763608,1154,22,0
614,1091.8370804005021,542,41,0
614,1110.4091846098452,1340,32,0
614,1022.2094569467463,540,32,0
614,1015.5156719508027,160,72,0
614,1113.2620071869267,1148,39,1
614,1151.645549073119,89,51,0
614,1208.6867514957576,468,100,0
614,1165.0219396321136,701,19,1
614,1175.60944817988,696,38,0
614,1389.387956317724,89,45,0
614,1277.9656230045605,1268,64,0
614,1401.6073411165678,631,80,0
614,1336.545951475127,677,90,0
615,368.6901038404395,135,54,0
615,388.4642122927344,550,73,0
615,403.5537239450297,132,25,0
615,429.54808422072495,1349,10,0
615,441.5099520308777,127,62,0
615,463.93193000037616,1427,44,0
615,477.4313149397736,962,18,0
615,505.77469063144906,820,93,0
615,531.1456584655205,235,40,0
615,499.61879347046977,1314,22,0
615,529.9351854995573,769,66,0
615,571.1495643950168,1333,7,0
615,546.9221059247146,435,81,0
615,630.8612168837927,913,45,0
615,636.0286441669107,733,73,0
615,631.6707319782315,1408,72,0
615,609.6520424376206,1030,26,0
615,621.7131033903988,1332,41,0
615,658.111619070593,921,74,0
615,712.4473402737475,783,33,0
615,657.4349593484978,1093,75,0
615,779.484119844865,731,73,0
615,725.0971993210287,9,31,0
615,743.513430855126,214,63,0
615,738.261826579592,71,71,0
615,863.6676945217929,961,54,0
615,829.4870689561072,1217,53,0
615,841.3446070150717,261,92,0
615,777.3496718145436,554,66,0
615,844.3573651538745,717,40,0
615,951.415004221813,237,6,0
615,960.5940254336479,812,24,0
615,897.2444191914321,1008,38,0
615,1000.4904766616451,1099,44,0
615,982.4958200612933,623,5,0
615,921.8954432611614,585,89,0
615,913.1886501587718,374,44,0
615,1012.5569869004885,847,12,0
615,1117.8435769618886,1,7,0
616,602.7202126431174,154,18,0
616,697.7301829003513,432,74,0
616,750.2261664718555,1011,7,0
616,854.4096655918365,235,91,0
616,978.1141454233755,1262,92,0
616,1045.4166955167163,118,91,0
616,1124.0285588192305,962,54,0
617,109.19054716486922,278,90,0
617,123.63909615219106,1224,17,0
617,133.97973357304727,1054,91,0
617,148.80879673231783,1099,74,0
617,153.37263293731692,178,84,0
617,184.65955750364304,886,91,0
617,180.71651101489903,1013,72,0
617,194.61323821073623,1204,14,0
617,236.64560798466417,567,21,0
617,243.50051094488737,683,23,0
617,260.4796103173774,169,89,0
617,230.45569138860256,1232,22,0
618,994.1954530573163,109,41,0
618,1012.0397136234246,376,46,0
618,1031.2179035200963,475,35,0
618,1038.6890282416439,539,49,0
618,1074.3706497647083,597,27,0
618,1062.9620740572414,302,22,0
618,1109.6564743294393,1254,63,1
618,1123.6634178107377,1234,72,0
618,1157.131656010554,165,82,0
618,1146.3762927369428,409,53,0
618,1164.639096101207,494,88,0
618,1212.3893076523884,1162,65,1
618,1207.2241764995601,759,44,0
618,1237.0752196861868,1418,53,0
618,1203.3569208059073,12,29,0
618,1241.0049129441932,177,100,0
618,1247.5489095179255,812,70,0
618,1260.994200717973,735,57,0
618,1291.8793580239724,1247,40,0
618,1334.6351811702086,762,33,0
618,1279.1055948736455,316,31,0
618,1285.4972977437787,417,19,0
618,1359.6661136438538,1099,50,0
618,1359.2119789685653,1084,86,0
618,1337.2314839934752,318,72,0
618,1496.3984112152434,964,28,1
618,1460.2094650842023,368,81,0
618,1536.179648068595,384,67,0
618,1532.394270556263,1237,9,0
618,1506.353051316753,57,93,0
618,1588.853625295882,190,75,1
618,1563.8991895534284,1069,29,0
618,1642.1993286582485,997,74,0
618,1596.5815200023749,535,92,0
618,1509.955345229168,285,89,0
618,1566.4189123872345,557,68,1
618,1688.8798623522841,609,36,0
618,1638.5246852337673,908,44,0
618,1657.0605993050044,336,31,0
618,1557.0944175308568,1192,83,0
618,1644.2299888639936,1095,92,0
618,1701.1340733895624,97,49,0
618,1660.616546608662,599,97,1
618,1771.8350042718444,859,91,0
619,953.9620655629788,663,28,0
619,990.2284658838154,995,60,0
619,1033.6816565725633,961,15,0
619,1055.5518534681569,223,42,0
619,1093.8033588096987,861,8,0
619,1175.3192274295347,1309,34,0
619,1140.3104750962084,1302,15,0
619,1195.2188534172042,1082,42,0
619,1290.0673892486304,688,12,0
619,1317.9461321130043,473,99,0
619,1320.5787694526803,1048,58,0
619,1400.696466252403,549,56,1
619,1414.367695876894,357,71,0
619,1406.722970970659,956,47,0
619,1555.00071243451,941,36,0
619,1406.4891751162916,900,15,0
619,1621.8190883761863,471,22,0
619,1506.7690229004006,466,59,0
619,1546.920862919893,1317,60,0
619,1792.4815475723801,393,21,0
619,1610.6466427449363,255,66,0
619,1887.0501373217103,831,82,0
619,1742.5885466630175,1163,89,0
619,1800.4548912541754,834,59,0
619,1880.3544134608103,812,84,0
619,1854.0385316972156,25,70,0
619,1774.4122922287547,895,98,0
619,2140.1716063853682,1337,38,0
619,2122.0793967136497,1114,32,0
619,2058.8336835605396,181,92,0
619,2077.444712981428,181,96,0
619,2114.047943203028,159,37,0
619,2282.3737219124264,666,8,0
619,2130.410107394794,1269,93,0
619,2329.1998107513373,544,81,0
619,2377.6043726551793,184,95,0
619,2299.507556490526,422,10,0
619,2090.5783749087254,1133,61,0
619,2525.129105557903,1077,43,0
619,2319.1653181862785,621,26,0
619,2414.862534149077,1209,13,0
619,2245.6301990961783,1142,58,0
619,2664.6823007763537,1175,25,0
619,2486.7616217443097,188,3,0
619,2651.880910483719,1399,10,0
619,2707.417454607358,452,32,0
620,799.2044422654471,819,35,0
620,824.6213223828389,4,82,0
620,850.9845437898418,625,93,1
620,875.3429268547625,740,38,0
620,877.9254377997743,1400,74,0
620,902.3898076819507,610,95,0
620,956.8383206370785,847,59,0
620,943.1024947517815,1330,31,0
620,975.6601777233727,1028,78,0
620,1017.9483081675831,277,50,0
620,990.9581309273905,259,56,0
620,1074.5222544126925,194,27,0
620,1040.9243159583832,967,3,0
620,1157.2075246562013,471,61,0
620,1116.6634289089297,669,43,0
620,1142.8525105512877,1304,93,0
620,1203.0283484618353,1156,9,0
620,1246.4659628186637,704,100,0
620,1291.1257561033462,76,21,0
620,1159.959066849352,611,68,0
620,1361.60015502243,1396,80,0
620,1351.5951223021739,269,96,0
620,1374.1800366153377,577,3,0
620,1440.3830611713845,1225,26,0
620,1377.0359619309584,137,100,0
620,1357.7254393395046,105,8,1
620,1383.269617526023,454,83,0
620,1377.029435658829,1175,56,0
620,1582.476900858334,596,96,0
620,1370.8033164038516,998,44,0
621,617.0131821696338,215,94,0
621,678.76332958212,1180,82,0
621,714.804101439349,752,89,0
621,805.2548496604601,738,49,0
621,861.4744420087416,96,56,0
621,852.5781127028479,1363,11,0
621,974.912314303082,500,1,0
621,1052.7480661535938,364,27,0
621,1028.3137803674015,283,29,0
621,1112.7215693530325,403,25,0
621,1120.8488631648368,756,1,0
621,1230.5573132865002,114,45,1
621,1341.3958816349434,1385,50,0
621,1247.8974287985006,625,15,0
621,1374.2481888699087,255,91,0
621,1283.090584869869,325,36,0
621,1402.7963899548117,217,41,1
621,1545.7152266424473,4,41,0
621,1758.1514135928014,656,42,0
621,1552.9423685216118,472,90,0
621,1765.7499300717814,1245,71,0
621,1935.9120095320518,1306,84,0
621,1559.7804106498852,1426,46,0
622,545.2044069465783,1002,14,1
622,562.7635061290067,143,67,0
622,591.8987101438584,557,37,0
622,603.1808666394339,428,82,1
622,632.1840206594791,239,40,0
622,630.7984294147602,699,7,0
622,668.7407216421313,1383,76,0
622,659.0546780628777,993,2,0
622,727.6605157268679,1404,1,0
622,744.1300968660087,228,73,0
622,742.2515392158971,598,25,0
622,753.8099785574163,866,74,0
622,772.3637287965514,1087,2,0
622,760.6776729695066,813,79,0
622,863.824393098713,1076,32,0
622,847.9495595970957,747,16,0
622,909.8271429486358,1031,14,0
622,860.8902213661434,695,15,0
622,929.0586428098618,23,30,0
622,936.9556514797157,130,56,0
622,916.7842853657754,318,95,0
622,983.4069771208251,1295,41,0
622,1006.0921824544196,1361,26,0
622,911.2133505638451,749,66,0
622,1021.5751530672043,35,15,0
622,1085.8572607616964,515,60,0
622,1163.103325479747,4,34,0
622,1028.6799926922336,820,96,0
622,1026.8587183225895,1206,13,1
622,1015.3666021715617,1193,65,0
622,1043.7320683029027,579,89,0
622,1078.3985457653512,357,57,0
622,1263.8603471541487,399,52,0
622,1237.4629459949404,909,40,0
622,1213.9320434706472,208,73,0
622,1321.7152059493624,1322,53,0
622,1378.9561617937165,1066,75,0
622,1137.3554261605618,335,37,0
622,1216.334631665156,624,7,0
622,1425.980285664747,1310,25,0
622,1238.640727335563,676,99,0
622,1436.5099213401118,1386,75,0
622,1347.271317513388,5,57,1
622,1233.6299888714607,802,15,0
622,1377.5086232464732,987,4,1
622,1290.3489908501592,1385,57,0
622,1473.5084983699967,433,95,0
622,1394.538439304531,532,17,1
622,1431.9139800602206,197,4,0
623,959.1383698611173,868,8,0
623,1037.8780116329176,808,83,0
623,1115.4622771985407,1413,11,0
623,1182.8472550846564,492,75,0
623,1299.0657775636857,110,37,0
623,1393.9403722566226,1243,60,0
623,1450.956279735609,582,82,0
623,1570.698796373989,431,15,0
623,1481.2287187688482,612,28,0
623,1509.1707369222472,654,89,0
623,1699.0098442222593,413,76,0
623,1653.12398105972,130,79,0
623,1952.7406513318206,317,55,0
624,216.5038253877059,19,59,0
624,224.6840650710268,44,6,0
624,234.57321738027332,512,50,0
624,241.31955729137707,935,56,1
624,257.0919151367118,320,19,0
624,257.6663785266364,1139,73,0
624,262.96793150020227,768,34,0
624,283.1659071947576,205,39,0
624,288.52113388205737,1058,41,0
624,285.07768655222276,1311,8,0
624,292.4071530430915,915,32,0
624,303.5433055873064,579,62,0
624,312.4159402023444,1109,53,0
624,348.26941282347315,78,38,0
624,355.0976861578596,1282,49,0
624,341.23063287000394,432,86,1
624,345.88822733706206,1107,90,0
624,346.6373588898994,309,43,0
624,348.1005279327755,392,41,0
624,393.69639137405227,661,89,0
624,414.92866225532225,1108,23,0
624,439.94606464006904,1068,1,0
624,446.23279572513957,25,93,0
624,452.37416970387505,280,39,0
624,437.13304403699925,486,96,0
624,439.03009603329264,742,68,0
624,470.32027858848727,397,79,0
624,499.73684114011394,1353,41,0
624,473.3236849554692,189,18,0
624,475.5152024653531,702,75,0
624,515.7135865547046,1337,19,0
624,462.17054909867244,939,92,0
624,508.10835589995895,1393,29,1
624,485.79476279789395,817,83,0
625,810.256067189142,842,52,0
625,836.4336156833024,84,100,0
625,855.5636802987386,1020,85,0
625,881.0108787487867,1343,21,0
625,913.5843867085218,66,98,0
625,923.9409670740887,1122,58,0
625,943.5423343307018,476,21,0
625,971.4475836725558,927,65,0
625,1004.8596725555175,384,2,0
625,1023.6937289024014,486,15,0
625,1081.0536218222992,117,16,0
625,1113.5304508794645,824,26,0
625,1159.3931904868823,333,58,0
625,1071.6188979074468,1148,46,0
625,1115.9204795379624,1425,41,0
625,1237.5738545339404,142,53,0
625,1225.478629401033,33,23,1
625,1257.5352353557994,1368,36,0
625,1267.7979097641364,119,79,0
625,1251.8671276166808,672,99,0
625,1213.8320711295482,641,4,0
625,1287.9872297843472,1108,41,0
625,1390.1262092361576,1417,93,0
626,821.4901721668086,311,53,0
626,877.6767900421116,1190,68,0
626,929.2553055631656,1437,96,0
626,1018.1345499664328,1060,85,0
626,1071.164160798352,771,70,0
626,1130.7328635253034,1339,42,0
626,1255.6503574694198,64,50,0
626,1240.027505241068,651,43,0
626,1320.8516652620947,276,19,0
626,1436.5658015879608,1436,100,0
626,1555.3073159011094,565,42,0
626,1412.2531531291656,1292,60,0
626,1505.3053557845092,670,70,0
626,1758.4561908960454,473,95,0
626,1652.6420954719608,575,24,0
626,1870.809084545227,436,43,0
626,1769.5374031193992,120,73,0
626,1832.6195647203167,1355,69,0
626,1981.4459884517569,1067,97,0
626,1803.539326910869,65,53,0
626,2198.4622539179795,1211,21,0
626,1949.0215380414024,797,27,0
627,964.5716094870568,1081,1,0
627,979.7483287700362,1405,95,0
627,1006.3185187869976,847,61,0
627,1008.799628250424,519,59,0
627,1028.7061475971311,993,44,0
627,1045.350580107075,1007,90,0
627,1051.872673650102,537,26,0
627,1088.5228166765637,1345,84,0
627,1095.369779742247,110,92,0
627,1128.5463582986195,550,88,0
627,1169.974560241436,1337,4,0
627,1192.6736547609241,501,71,0
627,1201.5232458102357,336,55,0
627,1222.7451268637706,1242,80,0
627,1232.1269563583126,1419,12,0
627,1221.7362604031202,1194,23,0
627,1220.4010761660318,1076,9,0
627,1233.1313036644897,1353,35,0
627,1332.1227576930107,970,46,0
627,1362.3513507395048,654,10,0
627,1315.0271736979676,492,31,0
627,1416.366849189252,1319,51,0
627,1405.3201211559608,1397,28,0
627,1308.302014832948,210,63,1
627,1447.0748909255726,718,7,0
627,1475.0602800094744,422,15,0
627,1369.9655776209975,464,45,0
627,1385.9158301974198,504,24,0
627,1565.333553549934,1065,25,0
627,1401.672286093451,402,45,0
627,1494.5282202071428,1064,14,0
627,1600.1857090505696,173,34,0
627,1505.3028319258603,681,37,0
627,1540.240117240924,293,26,0
627,1475.1974248219744,274,66,0
627,1709.7679753170326,681,63,0
627,1653.0932006702815,366,75,0
627,1609.3820356058816,887,4,0
627,1602.3853798768732,879,52,0
627,1536.5074472641156,1302,82,0
628,550.8433629228646,1116,60,0
628,574.9917628475366,577,90,1
628,602.4884378640975,591,19,0
628,620.0467559294515,1348,58,1
628,641.9145806234945,1323,70,0
628,682.231988551663,1165,23,0
628,723.0453257199755,805,5,0
628,770.778155854745,1100,31,1
628,763.0089838039605,1314,29,0
628,769.9161403787616,482,94,0
628,781.3282370433902,417,33,0
628,810.1395317780423,117,33,0
628,881.9188218352688,222,97,0
628,969.133783200373,200,50,0
628,996.9355882085681,1427,66,0
628,1034.5738936109092,1152,67,1
628,927.0145212201496,1363,31,0
628,955.163941950612,1005,72,0
628,1057.3218476413826,858,64,0
628,968.2345252512225,685,20,0
628,1074.261620152584,1348,3,0
628,1164.8002066132058,1300,38,1
628,1107.0344159913832,1173,55,0
628,1293.9488214521302,201,66,0
628,1224.2005559090244,1136,63,0
628,1218.190044888243,278,80,0
628,1143.9728640071735,373,82,0
628,1335.1483797398666,1089,73,0
628,1211.7839613776823,437,3,0
628,1466.7059109462648,1206,96,0
628,1248.920008473631,925,73,0
628,1498.5626704069944,633,48,0
628,1360.4150930105623,537,31,0
628,1331.7313954067283,253,13,0
628,1352.5352537634924,1378,53,0
628,1320.2967083376475,429,39,0
628,1567.0730129597237,1335,37,0
628,1380.116545734214,1339,22,0
629,582.33837204372,134,70,0
629,594.7110596721607,1392,32,0
629,603.3703147873854,720,82,0
629,615.806050802819,176,68,0
629,622.7610860672243,437,42,1
629,644.2292867224892,73,16,0
629,663.6446820578348,136,80,0
629,659.8053615730632,1171,58,0
629,681.5050366390976,257,10,0
629,697.1700375774496,1219,75,0
629,682.1296173323923,1330,93,0
629,699.7412098852247,1325,43,0
629,715.2284504222976,560,28,0
629,707.5725875041057,1280,84,0
629,753.9305974933288,1161,57,0
629,764.6972761430816,377,94,0
629,755.7630976174531,497,43,0
629,803.4587106845338,1133,49,1
629,768.3202357368255,1028,16,0
629,832.2369624630394,1274,8,0
629,844.9474091607431,327,45,0
629,798.3729127199582,112,29,0
629,846.8921982603738,763,17,0
629,796.0010784375536,1010,51,0
629,883.7474894150662,911,95,0
629,896.8290706266387,196,85,0
630,33.95563691541271,36,60,0
630,38.86281053769682,670,100,0
630,40.77788130682034,276,60,0
630,45.98536505176024,849,45,0
630,52.94376002165926,922,81,0
630,56.13743425625175,670,86,0
630,62.85310255457749,734,73,0
630,63.548213925313064,558,64,0
630,61.59619347571772,640,32,0
630,68.62705398636689,1073,51,0
630,72.12616047526694,75,74,0
630,82.9464835713161,371,74,0
630,89.75855932773742,1083,45,0
630,97.60220685544641,935,99,0
630,83.10584612943975,1238,43,0
631,438.89424727529314,796,37,0
631,458.17951221028596,1227,33,0
631,486.89311486305587,1268,62,0
631,495.65774075165444,1439,54,0
631,542.6979609312122,259,12,0
631,540.8600996301506,955,10,0
631,559.2722088899978,538,93,0
631,623.5714222854135,953,33,0
631,613.402037189879,1053,17,0
631,646.8589150645452,415,48,0
631,658.3988375070448,102,46,0
631,733.2931450064821,899,9,0
631,701.5338785777782,1281,5,1
631,726.4861065618331,516,40,0
631,765.6275841242029,835,14,0
631,793.765692685002,385,1,0
631,857.8920122200616,268,41,0
631,763.8850910571823,1121,57,0
631,855.5806525863952,116,89,0
631,857.8933304538327,724,63,0
631,796.6552736578485,799,81,0
631,946.3524865558891,267,64,0
631,1000.0240212346014,85,94,0
631,874.2062979043003,92,24,0
631,1021.7902670387568,1279,34,0
631,1095.8125236744982,696,26,0
631,920.2130205612654,8,10,0
631,961.3164151575038,8,69,0
631,1106.877725004159,1251,67,0
631,985.7486827398056,1106,10,0
631,1078.8276464672824,1086,31,0
631,1024.5340881552117,468,11,0
631,1104.7486924534194,665,41,0
631,1070.826307577361,1110,32,0
631,1333.9068493738991,979,39,0
632,308.2215315184407,812,51,0
632,318.9566551991087,569,28,0
632,328.26943399411044,420,12,0
632,349.27724322839964,1242,47,0
632,354.88357702780917,1180,78,0
632,355.5681314483969,147,57,0
632,388.6001119222854,1156,36,0
632,398.5087357662931,6,79,0
632,392.1132190146793,620,52,0
632,423.85598314221545,1195,24,0
632,435.965588969246,974,45,0
632,428.99966561100496,782,75,0
632,442.4160231037207,424,73,0
632,443.8953369438509,584,94,0
632,499.77084893097924,543,10,0
632,486.54391471472434,1160,78,0
632,498.19719492529737,833,63,0
632,527.7693619977817,1228,78,0
632,491.6612157860968,900,1,0
632,542.6517054012243,315,47,0
632,500.9619785513894,780,35,0
632,573.9418216582442,160,36,0
632,575.3130456363591,639,92,0
632,599.763334087655,1101,5,0
633,558.9733035073856,460,32,0
633,592.3118130921954,1419,18,0
633,622.5769613030213,664,11,0
633,663.6676685781016,77,47,0
633,687.1937254316971,738,37,0
633,692.0516299431761,727,47,0
633,718.8954569511832,548,13,0
633,726.0101396066451,643,84,0
633,835.9200043256253,896,30,0
633,790.0043696817031,478,67,0
633,880.0819373472964,1009,63,0
633,921.7700456204228,146,67,0
633,867.057201914224,624,8,0
633,943.9763798229641,836,10,0
633,889.7966600111421,1021,98,1
633,1029.2311409136682,722,93,0
633,1111.7814133934444,1133,53,0
633,1085.4133619645368,274,23,0
633,1102.8293635100476,1047,7,0
633,1093.523418769199,1319,91,0
633,1057.5720075969705,553,37,0
633,1062.1584162923232,80,96,0
633,1102.589995501381,542,52,0
633,1300.067882731139,1239,65,0
633,1162.5749754160984,824,6,0
633,1383.492822205514,1148,5,0
633,1380.3109884899404,639,30,1
633,1209.9300236564702,137,88,0
633,1264.8620498846726,537,89,0
633,1370.8343839361428,345,49,1
633,1548.1181978615455,658,15,0
633,1361.077150453123,919,39,0
633,1520.0399333811874,106,24,1
634,420.7929798619385,819,5,0
634,430.3871508205372,944,70,0
634,439.81413355562796,784,15,0
634,447.29697965934747,171,66,0
634,454.5631333818535,976,83,0
634,470.24301787278705,485,56,0
634,479.8439852780452,208,11,0
634,498.5090819012129,1329,85,0
634,494.14700014971777,62,72,0
634,497.6734045794424,1219,75,0
634,538.625082773806,499,84,0
634,515.7731156210625,1381,84,0
634,550.3839215388014,438,33,0
634,570.9123502222104,1001,22,1
634,549.7909664461844,669,67,0
634,588.8857926630612,886,32,0
634,586.1573342286442,498,100,0
634,618.6554039031782,526,77,0
634,607.7902267668836,1349,76,0
634,599.5119365315734,97,94,0
634,628.4737580750062,1288,37,0
634,605.7906681575176,366,71,0
634,635.7687566483253,566,54,0
634,639.1141152796474,67,69,0
634,626.8245273588367,86,94,0
634,661.0038936875328,226,97,0
634,661.1818032259182,424,36,0
634,663.6808374346444,232,1,0
634,751.8487567270402,1138,42,0
634,674.4040770637426,96,61,0
634,723.5909455715911,1240,74,0
634,780.0562485771063,710,61,0
634,762.6004975808878,171,9,0
634,768.0187048667417,1017,4,0
635,216.40041422929045,801,9,0
635,237.61683060770966,813,59,0
635,259.7195290989323,20,2,0
635,278.75396086690193,740,21,0
635,290.58594003891017,167,64,0
635,313.8410773787289,841,30,0
635,350.0945174761337,408,31,0
635,325.02332779315753,960,31,0
635,395.2209487325538,541,56,0
635,356.9589281360835,505,9,0
636,568.555749071524,1201,15,0
636,594.3151617140314,618,33,0
636,624.1225406742111,1071,41,0
636,634.0488789641086,1350,47,0
636,666.7422572793172,293,51,0
636,685.9896237717705,1301,74,0
636,710.684929548716,635,39,1
636,759.5458634629929,568,23,0
636,797.4288154462313,678,23,0
636,747.2073068272434,56,44,0
636,857.4650690266515,716,20,0
636,840.3976142774377,89,30,0
636,886.0171679814489,754,51,0
636,860.1167163208538,865,23,0
636,964.9222474934265,237,88,0
636,891.7156864226931,868,9,0
636,982.6708230915408,181,18,0
636,1054.1399002188182,138,21,0
636,1059.45385230819,1142,28,0
636,967.1505382977998,702,12,0
636,1052.3547373927427,177,82,0
636,1001.4760053048707,572,83,0
636,1140.8601342974205,1024,85,0
636,1038.8188114760574,991,1,0
636,1193.5346419604498,1240,100,0
636,1083.8963874534716,677,7,0
636,1085.4674020524387,1210,48,0
636,1120.945134420277,118,47,0
636,1190.0647401010465,167,24,0
636,1412.0612722114975,1269,46,0
637,149.75785090485653,602,77,0
637,155.70331332230813,513,48,0
637,166.3390248528471,1350,91,0
637,172.14820701056902,399,13,0
637,184.77439730221357,163,36,0
637,187.72015933042155,1085,72,0
637,201.74418458920996,183,1,0
637,208.97575638192714,721,15,0
637,219.47811971073762,618,53,0
637,205.71751611531653,539,96,0
637,222.604319564778,838,23,0
637,230.8357648784615,845,50,0
637,237.90728848232953,386,88,0
637,246.52136449144575,1004,49,0
637,271.8727229597438,30,63,0
637,273.8146586042386,55,41,0
637,261.99821153452615,355,95,0
637,279.4876511539136,1141,60,0
637,281.5010723177686,135,100,0
637,306.1307887101939,1385,95,0
637,299.7379669604021,1307,40,0
637,326.9426317354105,816,13,0
637,295.5957356630462,712,14,0
637,290.4335800037617,1314,32,0
637,347.7723173399356,1031,81,0
637,334.6108899165746,761,42,0
638,295.7756803346895,30,81,0
638,306.1179803801254,46,67,0
638,314.3850228547331,48,66,0
638,325.4967255776093,373,21,0
638,331.90714259943667,482,69,0
638,339.93295871405405,994,50,0
638,344.2004756418652,1428,65,0
638,363.04707414271604,1002,1,0
638,378.28710193076324,585,70,0
638,371.5288531798648,226,22,0
638,393.42693676548464,1194,35,0
638,397.8088701859621,248,13,0
638,387.58806313895064,207,35,0
638,433.10662805324387,614,53,0
638,439.93524188534184,1366,87,0
638,438.2453746605087,508,27,0
638,467.73680026010976,1120,59,0
638,471.9311564823287,885,70,0
638,498.7740864891641,780,45,0
638,471.4761676132373,1429,57,0
639,124.59374709857329,1183,31,0
639,130.12451918742568,863,75,0
639,133.79741685495077,1205,82,0
639,139.5621196829372,1140,85,1
639,141.13067973832398,1002,5,0
639,153.00207664160175,788,86,0
639,152.0515372113985,985,32,0
639,162.33555072131264,1382,46,0
639,170.05249427780706,1405,60,0
639,170.994513957379,915,4,0
639,166.84073138983925,445,17,0
639,181.1790262697503,1200,1,0
639,178.60899966402482,244,67,0
639,179.42902900087307,1388,5,0
639,202.03367240029525,512,93,0
639,203.3975489742439,1047,79,0
639,190.09166051570165,1069,86,0
639,200.5666778376018,938,87,0
639,199.9368098591903,1127,96,0
639,205.21160344283882,1052,62,0
639,233.99074923849963,1010,94,1
639,219.13596624671305,618,39,0
639,240.2013872750831,473,69,0
639,217.63860126159824,269,40,0
639,234.72687427569267,1361,23,1
639,261.1299114659817,3,75,1
639,247.74753082604195,452,37,0
639,233.34511058084433,143,17,0
639,280.84694750160367,1057,74,0
639,292.01996393817075,1340,19,0
639,280.2204463432514,194,61,0
639,260.4731859603326,336,91,0
639,269.2471814632266,179,84,0
639,307.0798664786114,508,34,0
639,292.2789495769466,1115,70,0
639,287.58673353229875,913,9,0
639,335.2933066868628,540,75,0
639,334.9013318330448,1220,47,1
639,346.21511116021657,1028,17,0
639,282.804559566021,288,54,0
639,307.47073652231364,1440,2,0
639,323.82599749405824,769,23,0
639,362.9821659503433,1249,48,0
639,355.01756180025825,1243,64,0
639,331.7291169529621,227,34,1
640,965.5474990186004,1204,37,0
640,994.1938812283762,781,20,0
640,1024.0122034180488,353,23,0
640,1056.157770581958,838,10,0
640,1084.07782462504,1054,93,0
640,1088.653061426568,1371,77,0
640,1110.279918142593,508,89,0
640,1118.310328088786,1366,25,0
640,1195.2425128163063,932,96,0
640,1188.4171165189814,380,6,0
640,1282.273901287448,997,23,1
640,1214.3725037149966,703,63,0
640,1255.2894460583743,1088,68,0
640,1292.9457423867718,1150,24,0
640,1282.0168465746874,332,35,0
640,1330.6602045222048,1143,89,0
640,1373.5995479736628,497,65,0
640,1336.7879106262908,49,48,0
640,1429.625188526687,1053,15,0
640,1496.8282720031252,767,51,0
640,1535.7146298806285,89,28,0
640,1614.6098013901478,1196,69,0
640,1471.3867542100916,184,14,0
640,1543.7116366301605,1181,53,0
640,1697.4389190312902,285,9,0
640,1505.5749801208535,1430,84,0
640,1553.056740231637,1349,51,0
640,1615.0590460344936,1001,6,0
640,1851.1822319803005,719,78,0
640,1847.3708277280493,762,23,0
640,1851.1629007515558,899,34,0
640,1741.0151063275782,674,64,0
640,1860.6401770577545,1219,95,0
640,1818.7843503287904,519,39,0
640,1731.588575415135,694,39,0
640,1716.8541383024135,960,12,0
640,1847.1614249759682,745,5,0
640,1982.9915131846806,57,76,0
640,1786.5074039351696,278,92,0
640,1915.69061535447,212,22,0
640,2078.884532649248,904,54,0
640,1898.7925335479595,1044,91,0
640,2125.0314069913543,525,96,0
640,2086.1834633576786,1047,65,0
641,253.73238261555483,378,65,0
641,266.99883386134024,498,5,0
641,281.23056171904176,1063,74,0
641,288.7172745303334,417,98,0
641,310.96534873417465,163,77,0
641,319.5040235258741,1116,51,0
641,330.56395718209075,343,65,0
641,336.3420838917618,900,48,0
641,371.4706857742128,1126,82,0
641,354.2175948721491,716,23,0
641,405.42360916250306,631,1,0
641,422.9973003187472,724,2,0
642,837.2389818281918,896,40,0
642,893.4993549140429,558,45,0
642,935.7236076872176,848,93,0
642,977.8135048135621,689,79,0
642,1048.4940288082594,927,74,0
642,1064.358409757107,1350,84,0
642,1107.2751436637075,1149,97,0
642,1246.4928025095983,996,67,0
642,1306.9641003295287,529,19,0
642,1338.248587004809,213,32,0
642,1306.5665104149962,1229,32,0
642,1474.0146292224656,1277,59,0
642,1393.013410796422,996,10,0
642,1403.9453881796387,724,52,0
642,1452.2586839988298,1296,51,0
642,1545.041861685842,1013,45,1
642,1686.3410461863186,179,86,0
643,962.6083053768025,156,94,0
643,1067.7785820103659,1225,20,0
643,1139.9434581683654,1148,32,0
643,1245.4899739532848,216,48,0
643,1340.6923992964003,667,89,0
643,1512.9176137715838,1007,34,0
643,1593.6352255634638,996,56,0
643,1594.254172980649,715,78,0
643,1640.3212632362481,1419,29,0
643,1933.5696691898634,848,33,0
643,2109.7197588106874,484,36,0
643,1854.1239633874384,872,58,0
643,1981.9951144546592,895,92,0
643,1982.8132560043903,588,14,0
643,2487.829531404188,575,88,0
643,2454.4639789060775,884,93,0
644,809.8525081460815,179,99,0
644,850.2489011486191,775,11,0
644,922.0618126943507,838,12,0
644,932.0870022632212,1291,1,0
644,978.5064417225865,706,19,0
644,1004.8192978470731,1216,20,0
644,1120.7413418984265,517,41,0
644,1162.554293191246,1045,10,1
644,1156.4235279638833,539,64,0
644,1211.4383750069987,293,75,0
644,1253.1600184967144,451,43,0
644,1275.6599144538702,844,52,0
644,1454.6562689901925,498,97,0
644,1335.318057452769,191,81,0
644,1450.160447723339,88,97,0
644,1440.1265083341764,1227,18,0
644,1726.1608812110594,908,97,0
644,1740.3977348233664,430,68,0
644,1627.79864289323,1184,3,0
644,1775.5333220126392,1127,5,0
644,1637.4809647358993,1398,9,0
644,1894.990000941034,200,31,0
644,1954.0581760737332,425,30,0
644,1875.474371764628,236,75,0
644,1795.3374732070151,376,91,0
644,2138.395635958916,561,37,1
644,2046.5182382621324,1033,34,0
644,2282.116991248807,1374,92,0
644,2057.659723432862,748,97,0
644,1981.5869234829033,231,1,0
645,386.6780568143821,1204,65,0
645,398.305799056711,1294,20,0
645,411.86328770204244,606,73,0
645,428.80657348564426,1277,59,1
645,447.3048191431844,992,52,0
645,455.2849660656059,1437,76,0
645,458.22607324737737,1167,75,0
645,490.68386326262026,1231,18,0
645,503.88261611967573,182,86,0
645,509.36150160580326,1241,46,0
645,535.9782938536259,1089,56,0
645,552.4875121420675,807,18,0
645,535.369392557323,355,80,0
645,529.545810691716,754,23,0
645,576.8297403928342,978,3,0
645,605.14675004571,88,31,0
645,557.398534052478,196,45,0
645,614.5638483346305,833,100,0
645,574.0122043980047,383,15,0
645,596.4961362875803,1121,43,0
645,615.26933078103,1399,19,1
645,616.0470060975401,1071,18,0
645,614.1651795372106,1139,82,0
645,634.5394303486221,1417,75,1
645,738.6505345946671,15,36,0
645,662.9659676224809,1418,94,0
645,684.7685414639786,1354,8,0
645,770.2742960309047,1431,35,1
645,695.1412537219737,1048,87,0
645,762.1795988261453,1416,13,0
645,830.9652072814638,1298,14,0
645,737.85367049197,1280,95,0
645,777.2959348253721,1379,15,0
645,852.0168878342994,207,98,0
645,818.385240678183,365,97,0
645,786.8922870798876,409,58,0
645,885.3900819607873,1438,64,0
646,359.46860635473354,299,18,0
646,368.2278410526594,1439,62,0
646,378.56733716761676,1333,64,0
646,383.8270819385197,462,82,0
646,392.5054627313549,387,5,0
646,396.1788629553394,70,3,0
646,403.98057728900926,96,70,0
646,420.2046325726799,512,22,0
646,437.2538348801488,1137,93,0
646,432.4738272718896,445,42,0
646,466.2287551714472,1147,36,0
646,468.89980282389644,330,79,0
646,450.8012558902092,909,22,0
646,493.63815671122507,976,97,0
646,467.8308504691836,1058,79,0
646,489.9075217893576,614,62,0
646,490.27137608899625,1338,5,1
646,489.2735300172077,981,47,0
646,511.4569841729017,1257,44,0
646,528.693891680665,436,12,0
646,559.6296254619625,538,49,0
646,581.6147137804742,839,38,0
646,579.223946657481,1096,67,0
646,534.5581967744663,332,85,0
646,565.2973898724442,668,53,0
646,564.5827240110133,572,60,0
646,579.63392504613,644,14,0
646,588.3873352055025,205,27,1
646,641.7190373360677,1359,60,0
646,640.018594221318,669,48,0
646,651.3291677246139,800,19,0
646,651.974410382537,814,7,0
646,652.6876183352089,931,15,0
646,596.9430303969673,1190,78,0
646,718.938418243215,1321,9,0
646,721.760541661148,529,27,1
646,654.4306936198273,661,12,0
646,742.7014356476618,34,39,0
647,939.9349865313186,763,100,0
647,972.2882532998406,300,23,0
647,1005.7231286880443,1227,23,0
647,1029.9146383009634,823,53,0
647,1110.4711967764476,1226,16,0
647,1156.8531007625206,560,56,0
647,1199.0301433768986,421,72,0
647,1213.0888972679022,1023,67,0
647,1263.096257816142,202,41,0
647,1249.7666893133623,1033,89,0
647,1364.8418533504805,1243,44,0
647,1301.2816618616798,763,87,0
647,1435.8447781399593,912,68,0
647,1340.3590855468888,140,77,0
647,1441.4210476523394,613,90,0
647,1424.388831108935,728,93,0
647,1439.7064033981883,484,73,0
647,1463.389505455704,736,1,0
647,1621.8109275258635,131,54,0
647,1606.2632060646706,873,21,0
647,1563.1178099778379,809,81,0
647,1664.784586886809,892,31,0
647,1676.632458415653,946,89,0
647,1834.3456886636695,911,87,0
647,1970.447837136732,306,72,0
647,1885.8090843818168,1027,60,0
647,1789.051502803632,235,59,1
647,2039.6940293355456,163,96,0
647,1787.2172675325999,1380,65,0
648,822.5109206238652,986,70,0
648,878.0048707091889,792,6,0
648,910.5184135327714,1403,67,0
648,972.3817679745517,176,71,0
648,1040.8857303400473,897,68,0
648,1053.4783930196172,1365,82,0
648,1058.4111266599525,125,54,0
648,1103.3702936758077,905,91,0
648,1269.5914987301053,25,46,0
648,1199.9305930868472,1101,76,0
648,1318.5895100977111,1039,17,0
648,1250.0840233222689,756,63,0
648,1484.6896745115664,856,12,1
648,1540.0689138063249,77,47,0
648,1381.5784118657007,957,79,0
648,1642.0654446012109,337,7,1
648,1659.880751008406,1071,99,0
648,1686.7339039550525,550,51,0
648,1660.0142126832257,1147,97,0
648,1636.987937704781,1105,19,0
648,1654.3989824120213,1285,44,0
648,1982.264400204122,577,13,0
648,1867.4703974077088,715,49,0
648,2089.9267918455525,3,100,0
648,1979.487678125976,143,25,0
648,2233.3794724160466,1434,29,0
648,1938.7821367460324,1211,4,0
648,2178.916222528403,14,63,0
648,2215.1319616731034,251,53,0
648,2269.5607116623387,214,91,0
648,1986.8594110364988,522,97,0
648,2404.758348662781,406,59,0
648,2068.686864743217,234,100,0
648,2350.8604577123747,757,46,1
649,473.11011981385917,1044,61,1
649,491.5716164222078,652,71,0
649,511.76253251519944,186,3,0
649,521.7645735252813,471,18,0
649,541.0237617051752,59,9,0
649,556.3227260998392,809,26,0
649,565.0636328256835,996,43,0
649,618.3063270548975,313,33,1
649,622.2082895699656,192,8,0
649,670.0691665296688,314,29,0
649,686.5945434149145,1363,39,0
649,637.8774428730535,1150,93,0
649,682.4361148475413,1159,30,0
649,744.4258602513105,88,32,1
649,730.4881447446508,636,44,0
649,705.8603490864291,361,44,0
649,784.1355174877889,999,51,0
649,840.9642484395662,677,91,0
649,744.0963519434076,1408,18,1
649,791.3211808005433,882,9,1
649,796.1519829024849,712,98,0
649,821.6712798814674,399,14,0
649,847.6050223534726,968,59,0
649,858.0222422932668,412,71,0
649,962.8763496662427,114,77,1
649,1019.0102356424072,878,33,0
650,390.3167832855859,1255,67,0
650,405.818082494565,1153,69,0
650,415.0487849511369,283,30,0
650,437.7808949073292,1232,53,0
650,455.42970160832965,286,52,0
650,467.165737591273,273,56,0
650,469.0380536217526,708,94,0
650,484.25010919769704,776,62,0
650,507.00265659606305,357,15,0
650,492.07363945059785,785,94,0
650,508.0777174244496,1114,60,0
650,536.1018139416514,844,58,0
650,550.583653990151,423,58,0
650,582.4463360359701,392,84,0
650,589.3191890241619,737,59,0
650,565.6004621793024,199,91,0
650,653.8813199611488,96,71,0
650,580.8425931026968,641,96,0
650,676.4054946145216,337,84,0
650,608.9788297099565,758,93,0
650,621.8911931377384,857,6,0
650,733.1370479950027,1411,87,0
650,635.7359792784029,423,18,0
650,742.9267769348569,701,70,0
650,748.355755694339,163,78,0
650,720.0348318401907,1333,47,0
650,725.5238836773291,1239,59,0
650,813.0653647662725,1430,17,0
650,835.6888987816674,21,57,0
650,857.7252964547685,676,67,0
650,773.0431895836173,171,54,0
650,747.6738357052965,81,37,0
650,747.9435954315113,1005,86,0
650,816.9781114900992,65,87,0
650,784.4683702505408,59,42,0
650,937.9984897836214,98,89,0
650,825.2521862249885,678,27,0
650,830.0123656184426,993,9,0
650,818.8897115965688,179,91,1
650,947.08550975392,677,33,0
650,986.8734230469079,470,47,0
650,1010.6438110964489,974,42,0
650,920.8228679788754,716,55,0
650,912.4632682192596,365,72,0
650,877.7304397949652,446,94,0
650,1012.2689353487649,49,2,0
650,1009.1201467902051,429,33,0
650,971.2717292576328,2,19,0
650,937.6436268591456,397,57,0
650,944.1887934136037,995,89,0
651,846.1195179142284,75,82,0
651,893.6187758359134,1064,100,1
651,973.0514335072062,204,82,0
651,1035.214531767269,1194,58,0
651,1059.5242929429828,1255,64,0
651,1158.6183125735715,974,70,0
651,1169.9147147100834,176,24,0
651,1251.1930330288683,1118,75,1
651,1268.6823627982837,213,24,0
651,1272.3698885084307,1311,99,0
651,1516.544070744624,710,72,0
651,1441.173782353383,1263,62,0
651,1407.0172256020787,88,28,0
651,1670.0703830672646,80,63,0
651,1664.7417186024218,785,89,0
651,1752.4087647980589,158,63,0
651,1924.2971205699832,1150,42,0
651,1652.626672908169,234,56,0
652,61.024207634430105,594,60,0
652,75.61360242390553,1402,31,0
652,88.11302815468656,1344,22,0
652,106.12278102679355,56,45,0
652,139.26800577490147,1135,16,0
652,157.2454864737344,1418,9,0
652,164.15452176745774,556,2,0
653,380.8170311891267,34,98,0
653,398.1632456002636,635,78,0
653,408.0817888031016,833,7,0
653,435.8611483441852,1332,32,0
653,443.5314704064775,485,22,0
653,444.0910375001771,566,32,0
653,482.98596442288084,1075,49,0
653,480.5694772191725,285,55,0
653,487.79374444244365,83,100,0
653,523.4616426160798,882,50,0
653,531.4080430499889,593,10,0
653,566.0021529994485,1282,6,0
653,555.8025556241004,440,56,0
653,587.9565572953558,317,11,0
653,579.1925898239552,835,1,0
653,643.8729987735546,510,96,0
653,581.2841172037209,101,78,0
653,677.9290459433528,991,7,0
653,684.0938390439956,1068,57,0
653,729.759027498679,1037,62,0
653,646.2445238298922,525,66,0
653,759.0158973177272,1047,88,0
653,774.3369364284681,1218,50,0
653,784.8770570340552,1061,54,0
653,796.7432683723251,1328,96,1
653,796.6412331995953,1057,78,0
653,787.135647108227,129,52,0
654,592.798946672422,1206,35,0
654,681.388750400334,267,90,0
654,713.1779531448557,514,94,0
654,850.7525912798394,329,51,1
654,908.3135281759065,778,18,0
654,899.3403245232025,666,19,0
654,1011.6612432264565,919,96,0
654,1079.1297206444651,385,14,0
654,1199.5255396322036,405,63,0
654,1299.826979721286,1352,41,0
655,684.9099726103609,680,22,0
655,733.0995585256089,1425,67,0
655,774.3420440261741,748,8,0
655,792.9555978309577,1365,62,0
655,856.0300974703728,988,7,0
655,854.5864263794315,420,57,0
655,962.6691496359846,43,38,0
655,946.6147974366224,288,87,0
655,1014.3978592704334,1076,50,0
655,1138.2778951315145,88,26,0
655,1141.451902687583,865,47,0
655,1073.9329749066014,962,46,0
655,1097.345606138473,949,99,0
655,1203.6816280766939,1203,77,0
655,1182.718037213629,493,35,0
655,1269.8362540897626,381,27,0
655,1467.91959626705,1125,96,0
655,1440.687456266425,911,95,0
655,1454.224662849853,384,94,0
655,1534.0939917211588,652,25,0
656,786.7273462449226,1280,96,0
656,807.3057259199888,293,100,0
656,822.2525452245719,361,16,0
656,849.9192733997319,500,14,0
656,846.8104375967914,316,19,0
656,876.3330842330803,122,96,0
656,900.3004471844648,1404,19,0
656,889.1787465202522,1002,58,0
656,948.7818715316428,256,34,0
656,965.4915215047303,928,77,0
656,962.3491688047966,951,23,0
656,967.2303821165941,1310,49,0
656,1034.0062755871606,1369,47,0
656,976.1374217091306,1090,59,0
656,1011.8863812901823,33,48,0
656,1073.7148807293336,1114,54,0
656,1027.141514146994,854,52,0
656,1145.9108933254756,774,90,0
656,1090.500074399405,1304,100,0
656,1111.681406887928,1250,35,0
656,1211.0463897577833,111,48,1
656,1154.8748928643508,168,42,0
656,1245.650390980833,1062,60,0
656,1158.1425136992393,1183,14,0
656,1200.6862966323745,916,52,0
656,1167.7016261615777,332,33,0
656,1337.9902051292202,392,59,0
656,1313.5255578742392,1043,22,0
656,1311.265606261182,689,91,0
657,762.4232651773245,70,39,0
657,799.7635590353616,156,81,0
657,831.8523800211178,361,13,0
657,853.5659320611304,1355,29,0
657,887.9191921193409,946,99,0
657,950.0249544491535,834,58,0
657,967.1159780446173,741,5,0
657,1035.0430401188505,79,100,0
657,1092.794853864551,419,40,0
657,1047.051100918738,251,13,1
657,1073.1375889836047,628,89,0
657,1099.5875266896883,1321,51,1
657,1171.623033175149,647,23,0
657,1137.8132041743722,206,6,1
657,1185.3128430280135,1312,39,0
657,1231.9618906456851,676,24,0
657,1322.2695116499735,1147,63,0
657,1341.8086913808186,446,39,0
657,1470.709886168086,405,61,0
657,1556.565911164972,869,21,0
657,1443.746757564244,1323,32,0
657,1619.3789845297995,781,86,0
657,1548.0155806840762,823,18,0
657,1600.0547226452543,308,86,0
657,1686.5926273153332,856,79,0
657,1621.4148375732711,690,61,0
657,1830.2944318997775,388,32,0
657,1581.9553818800905,46,19,0
657,1868.1242307554035,1061,30,0
657,1657.3788013537728,1433,25,0
657,1871.0427854981144,27,26,0
657,1980.3153606078793,1147,21,0
658,25.359563109794067,930,3,0
658,25.957996125217253,193,53,0
658,26.475108114108284,1378,4,0
658,27.01956464486932,1378,52,0
658,27.65214420948715,1059,92,0
658,28.07571916494262,1109,67,0
658,28.89532164784667,1097,44,0
658,29.87382616986765,663,83,0
658,29.35058654983436,586,89,0
658,30.676829301130496,463,47,1
658,30.599773266615614,345,21,0
658,32.819486344007096,1158,64,0
658,33.69306893169273,1368,1,0
658,32.53512552216959,240,26,0
658,33.742094033015945,962,94,0
658,34.776666328180625,688,50,0
658,33.66046218586993,593,7,0
658,37.66181044776437,130,76,0
658,36.83797772195313,517,44,0
658,36.28823077821704,1106,64,0
658,37.31933969554212,473,82,0
658,37.19063335337377,1437,78,0
658,38.24649415966296,1326,7,0
658,38.2712963641895,326,41,0
658,40.26045318114514,408,73,0
658,43.234508003140974,822,19,0
658,43.892612015963465,1333,52,0
658,40.827144546686256,122,44,0
658,40.14697385632639,742,92,0
658,42.41010932100319,478,23,0
658,44.809266705631586,227,82,0
658,45.03384864603712,934,37,0
658,43.25582777161489,1259,44,0
658,44.84754895446318,1033,97,0
658,45.35362978265925,80,85,0
659,917.0302338301387,218,12,0
659,945.3680272921908,923,73,0
659,975.8066049141304,767,58,0
659,991.6437547514684,965,25,0
659,1015.000531634459,1076,95,0
659,1041.495512321656,1306,94,0
659,1092.7510862311788,978,7,0
659,1078.00799880608,1434,92,0
659,1154.738939513888,1217,47,0
659,1187.0289689984652,616,17,0
659,1156.762141690093,1335,79,0
659,1273.634084519731,326,95,0
659,1274.3936253279194,1053,68,0
659,1360.4206807793666,531,55,0
659,1390.9101137719676,1407,17,0
659,1272.294192081206,1209,92,0
659,1374.98484038996,884,54,0
659,1404.7667431763,781,43,0
659,1418.1219695965954,603,19,0
659,1541.538441501135,641,61,0
659,1565.0528251681872,776,45,0
659,1563.9754002630962,1046,68,0
659,1495.0920503787913,1174,52,0
659,1472.5839939590091,465,51,0
659,1677.376744637779,880,99,0
659,1672.9478336387708,383,52,0
659,1631.7145583121053,1368,12,0
659,1598.3532518268526,942,63,0
660,574.9817585168114,1047,27,0
660,582.9932714620653,71,8,0
660,592.6780522804058,607,86,0
660,607.452993786687,851,41,0
660,620.2917386068843,738,38,0
660,621.8856161301898,173,17,0
660,631.1459401573976,239,66,0
660,642.3789867368694,765,76,0
660,662.2797683173429,1007,36,0
660,655.1813945285775,1200,77,0
660,687.5988129477556,1317,24,0
660,695.0721332377507,941,35,0
660,683.2314430191169,1138,92,0
660,682.5192549907083,152,43,0
660,728.8751037032994,1191,82,0
660,699.1099102221918,165,42,0
660,721.7319468015867,392,78,0
660,723.2721533334494,313,39,0
660,737.6148259261907,1030,80,0
660,745.1904760900472,1123,48,0
660,803.8101554140363,294,70,0
660,808.0314694420135,95,30,0
660,833.2071739240305,434,49,0
660,791.8545166098131,1440,12,0
660,784.2368527980931,782,84,1
660,866.1946751757536,427,55,0
660,861.2550704530652,749,96,0
660,837.8519028938935,1094,15,0
660,813.7705315506962,562,89,0
660,835.971445456843,200,69,0
660,907.2288505807555,509,96,0
660,886.6231079293814,1369,51,0
660,903.2529355801995,938,77,0
660,906.5333019807863,374,45,0
661,686.9791963369471,671,51,0
661,776.5727417225285,975,95,0
661,892.1275884037757,469,94,0
661,935.4832019721453,872,92,1
661,1102.7469092600472,964,19,1
661,1058.8592884595143,1086,48,0
661,1325.0997602261805,1105,92,0
661,1270.8471662910401,472,10,0
661,1390.722943321623,1190,43,0
661,1538.9078154665294,264,63,0
661,1517.7384871121196,999,34,0
661,1747.957484573281,1259,21,0
661,1614.584837670114,1416,20,0
661,1886.360951014358,1018,64,0
662,696.0403164977034,60,14,0
662,793.9320166551852,600,97,0
662,897.5091465241608,603,49,0
662,1027.130712428137,688,60,1
662,1064.7695967930438,1169,53,0
662,1198.4172333520569,845,83,0
663,997.7957733305379,411,45,0
663,1034.6246162557209,52,23,0
663,1071.1445338089095,665,82,0
663,1083.8782804523003,1204,50,0
663,1138.1595344907685,547,94,0
663,1137.3457485931754,245,50,0
663,1185.7624243709529,546,53,0
663,1269.3850998072448,394,46,0
663,1246.5762083914412,502,61,0
663,1294.0213594402894,1347,50,0
663,1362.0929639766282,1233,23,0
663,1337.1831628246623,384,49,0
663,1387.2902551514053,65,6,1
663,1404.2642708072774,1407,10,0
663,1527.5617605747984,740,48,0
663,1436.7318877190112,864,33,0
663,1601.9394858939868,720,60,0
663,1658.9621270443456,992,34,0
663,1699.25001450837,164,51,0
663,1673.48948105298,1346,34,0
663,1626.2308497081663,1063,42,0
663,1720.8433547430695,557,65,0
663,1637.4402797487255,980,38,0
663,1919.5010228417123,574,43,0
663,1795.2468016751918,515,67,0
663,1812.7784305037458,1355,78,0
663,1747.67952777431,846,63,0
663,2037.4784336027042,342,13,0
663,1797.9675121303742,725,6,0
663,2026.440338478967,1236,39,0
663,1854.67003411253,831,99,0
663,2164.81688704654,69,27,0
663,2260.823895441087,71,91,0
663,1939.3145938811917,1273,70,0
663,2218.403131046992,1047,27,0
663,2371.154826036269,785,78,0
663,1998.0801435112419,965,90,0
663,2135.2807236551384,1234,34,0
663,2329.7429511606097,648,95,0
663,2321.2400355307664,34,75,0
663,2333.9233234415815,1079,3,0
663,2255.458672072741,221,53,0
663,2296.3668858384626,1004,57,0
663,2693.3313858762203,869,80,0
664,856.1865326323308,1245,62,0
664,888.001692561135,218,50,0
664,911.0268043436417,610,33,0
664,937.1477289835791,1090,85,0
664,985.9430713964679,1278,72,0
664,977.4552230758216,1211,40,0
664,1002.6489174490557,253,21,0
664,1099.5740497771221,227,25,0
664,1055.8606691077455,401,93,0
664,1123.1387704790982,567,2,0
664,1141.0115513555802,525,33,0
664,1116.128794350514,147,96,0
664,1191.3414301497382,1012,2,0
664,1207.9471558496457,386,38,0
664,1335.0084490389781,698,26,0
664,1329.8124072621272,485,83,0
664,1287.0688672965805,380,51,0
664,1389.572399393131,818,47,0
664,1312.6407078704262,871,28,0
664,1318.6743517295317,311,21,0
664,1375.649759527836,1184,50,0
664,1558.5089982865106,966,2,0
664,1446.3556677691365,381,93,0
664,1584.5778902624224,790,40,0
664,1472.674610063866,922,36,0
664,1594.0229021623145,359,5,0
664,1534.8777107798055,298,18,0
664,1599.9661525443323,368,13,0
665,237.12350478942687,404,92,0
665,241.6717220787568,170,30,0
665,245.7665150107004,342,60,0
665,248.98480037271955,231,82,0
665,252.41709344058583,306,9,0
665,258.5557456578604,142,100,0
665,266.5849667926601,1269,93,0
665,263.97904114893885,1391,92,0
665,268.0456881336823,1023,17,0
665,279.43534981847637,757,90,0
665,286.1815879379991,683,19,0
665,281.34635939884276,489,83,0
665,294.5726701149271,955,40,0
665,294.9851481936177,679,91,1
665,299.3549872225958,584,69,0
665,304.99204914207905,790,95,0
665,305.5123486226837,678,11,0
665,307.4363246051369,961,22,0
665,308.3950397687709,676,97,0
665,315.45021100161966,789,4,0
665,347.2592628024716,1215,30,0
665,344.1511437982866,1371,7,0
665,353.2267178431406,720,85,0
665,322.966737285641,1207,56,0
665,361.87619409133356,342,51,0
665,360.0289237237353,1355,37,1
665,340.4863720491271,623,81,0
665,350.86005302316255,727,48,0
665,382.2089377894271,1061,62,0
665,359.86748762329773,1215,90,0
665,391.3704244325918,393,22,0
665,397.96101862226163,1037,61,0
665,366.35049018427287,838,34,0
665,409.5648322355378,1294,86,0
665,416.46975854765213,674,15,0
665,414.79882628582493,663,80,0
665,387.90552004660606,920,39,0
665,414.03670552637584,643,58,0
665,401.19370581652754,10,83,0
665,394.9039217031408,624,100,0
665,445.4257488443602,1031,76,0
665,462.3211305584829,1414,69,0
665,460.5661947906403,1097,49,0
665,448.6739454658283,1110,22,0
665,425.50693853915413,985,53,0
665,447.14664137678017,1121,16,0
665,411.59552747006376,1290,93,0
665,486.4194762679827,184,54,0
665,466.0283809384438,932,87,0
666,311.357010868499,1172,13,0
666,323.30083461981576,1240,44,0
666,331.1488458060728,825,19,0
666,340.0705571359434,1269,24,0
666,350.5958962141055,914,92,0
666,366.8082737257847,323,84,0
666,376.40221569888075,1309,99,0
666,374.0714910102895,86,46,0
666,403.3929571618745,710,97,0
666,398.0713275498718,1089,2,0
666,411.74361519147345,797,44,0
666,415.59619654915247,1101,74,0
666,418.4093509374937,1089,4,0
666,426.6032195369361,439,65,0
666,466.1529686613465,1427,17,0
666,467.47540590777464,749,90,0
666,470.3311605409794,814,87,0
666,498.8345688842644,648,46,0
666,527.5944388066906,655,90,0
666,474.8312624509206,1235,87,0
666,492.352055780466,167,6,0
666,484.1179998295789,38,72,0
666,546.9392508577671,138,8,0
666,519.166739536529,163,11,0
666,587.8701795298442,757,86,0
666,570.9257460934263,1330,12,0
666,584.3698660200687,1161,52,0
666,619.0606030039178,532,98,1
666,646.1387792492953,820,54,0
666,624.9760844785694,767,22,0
666,580.7673440791025,374,95,0
666,581.5574846268958,846,8,0
666,672.0365267475124,646,7,0
666,615.5455576179011,269,63,0
666,628.2695723196125,1270,45,0
666,724.8896622512317,474,85,0
666,685.0368002818352,55,65,0
666,749.6336783782917,1217,28,0
666,648.243719792507,836,38,0
666,667.2196043357152,1332,45,0
666,746.6734518467724,763,53,0
666,782.7728928993863,280,16,0
666,667.1455975976714,26,20,0
666,804.1217708153016,200,82,0
666,748.0440957778151,660,65,0
666,743.6790493626052,1081,17,0
666,706.7447943277309,583,5,0
666,795.2813809511159,1248,29,0
666,827.4048534743174,750,57,0
666,847.5759562579594,1172,90,1
667,802.0689476309302,740,78,0
667,834.3662017478939,1409,18,0
667,864.9295062440395,882,83,0
667,906.0188320739184,265,71,0
667,945.22913273001,516,13,0
667,1001.3591464985468,968,90,0
667,985.1350626048343,147,60,0
667,1069.3564278404358,1155,50,0
667,1059.3547662647152,842,1,0
667,1142.609553181239,691,4,0
667,1198.2962243905542,75,1,0
667,1255.4267414146225,1019,95,0
667,1178.8441652565543,421,81,0
667,1273.317456166466,1061,29,0
668,526.9321844873645,954,22,0
668,539.3400694776282,593,100,0
668,557.2757838611225,525,69,0
668,569.9166215528626,1095,4,0
668,576.7408008831861,762,41,0
668,582.8094880663805,163,96,0
668,610.8631110447935,1385,5,0
668,616.4839271264689,633,3,0
668,647.2452889909378,473,52,0
668,671.0484304253976,1213,55,0
668,638.4705357713577,320,28,0
668,695.7628280349129,1132,54,0
668,671.1135975662197,1255,72,0
668,727.7508773067028,1150,57,1
668,716.36650520703,1334,85,0
668,764.6578410661709,564,39,0
668,723.2637184492747,821,36,0
668,799.212584042247,56,13,0
668,766.6626107095708,1152,66,0
668,802.6323005593584,1236,97,0
668,834.3285170113385,909,48,0
668,775.0624353224326,289,4,0
668,829.5848580032749,596,95,0
668,831.6049426149084,132,91,0
668,895.3608477930416,522,10,0
668,817.8705496027777,113,77,0
668,843.7608075419234,1159,41,0
668,883.6688605838112,415,1,0
668,826.5585904837968,751,91,0
668,859.0900957933757,555,14,0
668,909.5297599200751,1339,48,0
668,941.4941179459595,462,100,0
668,967.8445438480574,740,31,0
668,923.5847876619198,678,100,1
668,936.500718249529,561,12,0
668,982.3100387138834,539,76,0
668,1001.0309966489785,89,10,0
668,966.9976327057924,155,57,0
669,696.2040896203386,803,56,0
669,725.4433302586623,447,9,0
669,752.7264846066597,816,1,0
669,764.5699126928963,1353,1,0
669,804.9584613944783,581,43,0
669,836.3671440948115,1361,16,0
669,869.258328724507,363,81,0
669,876.9843332048138,897,57,0
669,884.2503112797983,920,25,0
669,930.4276752025821,283,81,0
669,986.294963867622,41,99,0
669,1028.7668429775765,317,16,0
669,1077.8415747886304,467,10,0
669,1042.0610266970798,409,79,0
669,1056.0417136796093,1422,67,0
669,1073.7701404885124,13,80,0
669,1064.676780671033,398,22,0
669,1133.805737772215,296,45,0
669,1111.0418944653545,1415,50,0
669,1120.0998945787594,1047,56,1
669,1240.4144141572224,159,4,0
669,1259.1906438644517,1071,4,0
669,1258.8422572312782,1099,37,0
669,1321.9757312464753,278,28,0
669,1218.3211401483184,224,86,0
669,1278.308924084627,90,10,0
669,1447.8030827506536,289,7,1
669,1389.5244903729163,1351,71,0
669,1352.221657764845,282,4,0
669,1529.403326730605,1291,27,0
669,1566.6881168852112,82,86,0
669,1679.178281609069,722,40,1
669,1442.000235402296,1103,80,0
669,1593.5281423746662,73,61,0
669,1633.5461140778102,1214,1,0
669,1774.0106172096089,1055,58,0
669,1755.2534588411613,1194,44,0
669,1858.8522871553473,157,43,0
669,1624.6627604951614,149,33,0
669,1618.1841701936182,1440,36,0
669,1628.4773435516954,401,50,0
670,300.34417898183546,918,96,0
670,378.66080210007357,593,63,0
670,415.9740402323171,1067,17,0
670,517.1800133427002,717,73,0
670,628.0137827509145,82,49,0
670,711.7702162696776,1032,13,0
670,802.397973607915,895,59,0
670,709.7445364273394,944,49,0
671,759.6277288091406,771,71,0
671,770.0732838666764,598,76,0
671,785.2031315270752,640,82,0
671,791.6518182599904,1130,99,0
671,816.2330848676304,306,5,0
671,816.0728851209465,132,17,0
671,849.0960087156506,139,81,0
671,833.7702663652068,791,70,0
671,851.6740367946562,975,7,0
671,889.0676086050954,996,32,0
671,875.5336835640211,538,84,0
671,908.3839468462994,722,64,0
671,925.6112155156655,1404,24,0
671,924.9196507022693,268,22,1
671,938.1921008738934,649,7,0
671,926.469528539958,602,3,0
671,958.1772023339458,83,100,0
671,939.9218866757166,527,13,0
671,955.2132474100753,644,18,0
671,1009.1520663744221,1360,69,0
671,1024.6015665100958,998,80,0
671,1036.4163777719536,1013,95,0
671,1019.3202346217754,1017,32,0
671,1102.3423457270292,1097,20,0
671,1025.5636573984082,1369,54,0
671,1098.7312480335709,192,85,0
671,1046.7998759346306,332,90,0
671,1040.561856824736,716,4,0
671,1067.6503417857773,916,62,0
671,1180.1757941386154,774,28,0
671,1081.1466052091655,1222,33,0
672,495.5847256159366,757,36,0
672,506.9575514135719,566,35,0
672,514.0871691520633,1354,91,0
672,527.2975704525911,369,82,0
672,530.9505071781723,1028,35,0
672,550.9106769922937,1335,96,0
672,556.1710151738134,226,74,0
672,572.5268880383867,1198,64,0
672,583.3105114220552,231,54,0
672,579.4961897594504,1357,18,0
672,588.1409842154179,847,21,0
672,604.7074362002546,93,66,0
672,614.7971928196854,1054,72,1
672,610.7501818126875,892,65,0
672,613.0950806494052,1040,65,0
672,642.3338747216367,221,63,0
672,644.0415097268562,652,18,0
672,662.8080540562638,393,12,0
672,687.07094278086,626,24,0
672,654.9883990279565,1106,44,0
672,691.8536158363689,54,38,0
672,674.8234197767099,283,49,0
672,739.9753077596755,145,8,0
672,731.6921250197737,1080,21,0
672,718.1735094021448,820,2,0
672,711.0304033481664,480,30,0
672,744.5151627645837,952,68,0
672,756.2831926125815,1226,18,0
672,788.415494111569,281,91,0
672,838.8162212453453,1195,28,0
672,828.6993217102488,1077,85,0
672,743.8926530696299,1260,15,0
672,770.3244487330198,459,14,0
672,865.1211834462955,1270,93,0
672,823.258777814835,617,81,1
672,803.9358043538582,928,33,1
672,905.0095834399343,1160,78,0
672,914.7776962396495,197,43,0
672,899.2801350295922,863,12,0
673,999.2665055249212,603,13,0
673,1023.2105475823731,1338,61,0
673,1056.9499862509956,1424,37,0
673,1076.2819699087718,847,90,0
673,1099.6128469306325,1069,83,0
673,1146.9797851992782,400,81,0
673,1144.3951420080725,300,66,0
673,1207.241746641962,750,90,0
673,1171.4885076763421,950,1,0
673,1184.7361707234854,71,83,0
673,1226.6034965364424,212,12,0
673,1222.68281994922,132,20,0
673,1333.3983112515978,895,100,0
673,1361.9375825686016,1108,91,0
673,1307.396739935124,1276,2,0
673,1436.1210079164414,910,33,0
673,1471.9725628176586,249,85,0
673,1466.0908316423063,1220,27,0
673,1400.6782321368985,1001,61,0
673,1556.5661371016859,1287,17,0
673,1551.7202058446724,924,33,1
673,1452.9477955962702,122,74,0
673,1528.271500461141,1034,20,0
673,1645.9265325301626,1150,2,0
673,1650.8207029844336,235,2,0
673,1721.3192315031679,405,69,0
673,1687.0549346384892,538,57,0
673,1602.2358003127497,1253,66,0
673,1611.1243961752912,30,25,0
673,1637.6235236593525,1342,17,0
673,1805.9920025678935,1434,25,0
673,1786.3419314801997,802,23,0
673,1947.9579304100043,657,32,0
673,1947.626146923144,152,69,0
673,1778.8624472611996,1174,72,0
673,1959.7761883133658,845,60,0
673,2036.1133215191098,893,11,0
674,549.478381597506,768,75,0
674,578.4716948133965,1036,37,0
674,605.7914773913559,712,30,0
674,631.6556278457025,395,77,0
674,664.3018312362753,623,14,0
674,670.1344519921571,749,48,0
674,721.5340953648591,1344,24,0
674,764.1727625849193,442,32,1
674,741.480994712162,1318,45,0
674,821.0904797814183,561,99,0
674,797.1725599852159,1027,98,0
674,835.0891279110801,158,36,0
674,836.1945607121452,848,75,0
674,891.4161707636489,1374,9,0
674,989.5261752130261,1123,97,0
674,931.6442931675922,1347,22,0
674,999.2478770070763,929,40,0
674,1000.6687898210698,799,77,0
674,1061.3889971415103,808,57,0
674,1116.1434395202173,1193,79,0
674,1174.937250501358,1004,7,0
674,1011.8961347221671,331,48,0
674,1175.900454576983,1246,13,0
674,1165.8601350324425,441,60,0
674,1198.8326770949043,883,39,1
675,229.39716760659368,928,12,0
675,234.50270217752052,796,89,0
675,238.3847023989535,1015,43,0
675,244.45084383563926,472,96,0
675,254.68193897935046,787,83,0
675,257.5231332149282,1154,22,1
675,265.4103623576992,694,92,0
675,268.7740739788962,917,75,0
675,274.22865013342687,472,27,0
675,285.74125348279273,279,85,0
675,274.4759141446234,41,5,0
675,288.9375524331172,1285,10,0
675,293.1554882289718,437,91,0
675,306.1716443317322,460,49,0
675,295.85030526216616,814,59,0
675,306.0558683909877,884,89,0
675,309.30464610354437,1073,22,0
675,328.8908911810553,1398,6,0
675,346.8658602302394,79,45,0
675,320.7163214203966,465,79,1
675,347.22641234841734,809,57,0
675,348.08232120174375,562,33,0
675,343.06440531888194,658,95,0
675,356.26869563876664,140,66,0
675,375.8180631693439,869,19,0
675,370.01521758673846,967,2,0
675,346.58289940570313,188,34,0
676,108.2591392525159,1430,54,0
676,114.81914426193909,1300,62,0
676,120.58298203943494,293,44,0
676,131.40774356323843,958,20,0
676,141.0469339281318,624,73,0
676,139.91113068950247,550,79,0
676,143.6956975219075,1135,59,0
676,160.05372045490424,1411,37,0
676,161.93905287495136,700,9,0
676,164.5693703262283,844,77,0
676,181.15816604158158,303,97,0
676,188.73797939139826,1394,58,0
676,204.31380994643297,707,88,0
676,186.04053076223423,1160,74,0
676,199.83483554504133,1308,36,0
676,204.85348790650704,520,92,1
676,234.6228481514038,871,22,0
676,246.4502670506611,1290,26,0
676,254.92209573285393,276,14,0
676,254.64465988991617,490,35,1
677,617.8719287518827,1202,92,0
677,687.6310858788703,364,71,0
677,797.5857773125339,979,67,0
677,849.2623122273056,1167,30,0
677,996.101021507965,82,6,0
677,1034.563476515168,713,29,0
677,1011.4313713407798,537,54,0
677,1068.194287973542,721,97,0
677,1223.714462422668,778,49,0
677,1393.5171312103876,1405,22,0
677,1551.4305826378022,147,9,0
677,1468.739343899176,758,27,0
677,1697.573785452559,786,93,0
677,1463.4452848274495,837,76,0
677,1763.031249876114,806,19,0
678,927.4708230490434,131,13,0
678,1073.9508028809853,388,46,0
678,1149.4452479024665,515,32,0
678,1264.7538614397158,633,77,0
678,1488.9800540714473,398,14,0
678,1578.0730087133259,527,3,0
678,1782.5459225458198,1381,96,0
678,1896.2337381096852,635,54,0
678,1797.908487368613,814,57,0
678,2026.902748971987,139,36,0
678,2294.043344669894,377,45,0
678,2345.6040219867837,526,28,0
678,2308.645910197904,550,71,0
678,2819.7290123955163,1,43,0
679,800.7984672502224,857,62,0
679,926.539798865624,448,44,0
679,1013.7973096731467,505,96,0
679,1175.6300822200599,915,37,0
679,1220.1543997324484,172,3,0
679,1319.6084599246738,1219,90,0
679,1579.65781213137,1003,23,0
679,1582.0918179901232,601,82,0
679,1707.3321997341418,34,63,0
679,1907.4710069990088,913,43,0
680,160.1521192838499,243,73,0
680,164.84817717985598,1408,98,0
680,168.27281050996854,792,78,0
680,172.93943823018964,645,78,0
680,173.33905157714366,1345,50,0
680,177.46495795887034,146,19,0
680,186.3406130859704,654,72,0
680,183.3454311911741,1260,18,0
680,191.61428885874147,6,88,1
680,191.28231996087138,1052,59,0
680,199.25459905400658,1348,40,0
680,209.53449765189154,157,40,0
680,211.83774700976107,235,25,1
680,222.08553492500502,99,59,0
680,214.01953532814008,626,97,0
680,226.8015734357486,1334,77,0
680,223.56191506772436,1416,48,0
680,236.08585571072427,21,33,0
680,236.0753786426743,1317,13,0
680,241.26154058282103,1216,78,0
680,229.07447993937535,89,1,0
680,261.8427658980469,835,47,1
680,245.98306752481983,25,53,0
680,268.55669044350566,1421,80,0
680,252.43939711620337,846,42,0
680,245.48212096519526,1038,18,0
680,272.51314159906065,861,45,0
680,254.27451913595652,1132,14,0
680,251.838020736707,599,23,0
680,292.7329986316746,840,42,0
680,280.0692055732853,877,93,0
680,293.7684044680655,706,56,0
680,287.6365198148686,1174,21,0
680,270.6893237087845,903,40,0
680,271.7834843801176,750,63,0
680,294.05704335050314,98,79,0
680,327.5759154994806,301,72,0
680,338.497927189062,122,88,0
681,463.84552967603634,393,38,0
681,499.3379472674105,288,83,0
681,541.5293487415355,1439,64,0
681,584.2285948959798,518,36,0
681,603.4251169795566,1233,20,0
681,674.196633630445,20,47,0
681,714.7192755858188,886,31,0
681,799.3188462101376,1324,89,0
681,828.7528810750784,870,57,0
681,823.486850316893,305,44,0
681,865.7386558047544,501,33,0
681,859.1358638158074,305,64,1
681,1045.5142895488602,557,31,0
681,1065.4812905801548,1248,37,0
681,1001.3812195699423,1199,5,0
682,291.3376525540836,677,19,0
682,385.4901837442962,1010,34,0
682,454.245302877109,1120,60,0
682,532.1505695869018,386,48,0
682,670.4086769650983,1041,80,0
682,753.0786394163895,682,32,0
682,725.9361458856322,857,18,0
683,557.446479648056,375,11,0
683,575.8338164021361,1319,95,0
683,605.0932560523773,1000,12,0
683,614.5995953419917,376,92,0
683,637.0809610339325,795,51,0
683,664.4867485348236,423,31,0
683,713.8418941731288,583,87,1
683,741.983668099421,1246,33,0
683,752.9472469742469,704,71,0
683,747.3378199161727,1037,15,0
683,811.2767259356812,595,65,0
683,775.6240454277297,559,49,0
683,854.016622071551,335,36,0
683,882.0201993583056,989,19,0
683,824.3747380425127,723,23,0
683,935.7571975312785,63,32,0
683,887.3100086395106,339,47,0
683,901.3674260483291,923,5,0
683,943.118552973112,296,72,0
683,980.5796000435322,1115,4,0
683,998.7322112133822,1347,25,0
683,1117.2748981159593,377,30,0
683,1110.7217998893468,795,57,0
683,1009.2879598552587,1399,24,0
683,1193.49823332466,568,19,0
683,1083.8126900680718,524,86,0
683,1183.346500019034,1114,7,0
683,1118.741397318162,1117,46,0
683,1167.4925758175928,760,36,0
683,1103.7878929022588,1103,42,0
683,1265.682660693519,119,80,0
683,1210.008303940367,909,54,0
683,1183.2814282325935,179,10,0
683,1247.6254842637645,1195,35,0
683,1259.8203334618697,239,20,0
683,1215.1902166957284,1210,46,0
683,1509.819028184122,328,78,0
683,1553.872613398457,534,85,0
684,911.9135453669276,1325,23,0
684,942.0543367004165,328,58,0
684,955.1167398734407,78,51,0
684,999.2372370268431,141,19,0
684,1025.9096309392762,587,40,1
684,1070.559369346929,440,1,0
684,1077.174207295074,869,11,0
684,1089.919238144083,747,7,0
684,1117.0904217478198,1221,99,0
684,1144.4542196096136,288,95,0
684,1229.3061801094977,1345,60,0
684,1253.998110013137,1158,91,0
684,1287.464776307806,496,47,0
684,1325.9878916909477,1160,56,0
684,1304.4678334071095,1045,60,0
684,1291.7761144418546,896,12,0
684,1298.6441291431956,73,27,0
684,1351.7945211461695,1107,15,0
684,1302.6278758855383,397,92,0
684,1317.822566739709,394,39,0
684,1347.5928669670263,937,23,0
684,1530.033877479189,304,21,0
684,1515.170002095627,81,72,0
684,1642.658222983986,562,98,0
684,1650.702370165268,1283,60,0
684,1641.0538045867395,340,22,0
684,1657.1572741446887,1301,5,0
684,1619.9468261969116,819,67,0
684,1628.7046153043061,1207,75,0
684,1728.8440657195965,57,58,0
684,1575.7464336472854,636,58,0
684,1717.1855811910386,745,94,0
684,1910.5022240778612,608,83,0
684,1622.790504205021,371,96,0
684,1639.2662538224286,350,3,0
684,1703.5359928879311,1423,32,0
684,1778.9971599237015,183,36,0
684,2089.4395813257524,262,70,0
684,1879.45613614406,778,88,0
684,1828.4561487256433,1402,74,0
684,2189.341883819173,1307,51,0
684,2182.164147793489,1169,30,0
684,2143.974564086109,558,74,0
684,2201.0411741659736,807,71,0
685,950.8104408473505,386,78,0
685,1003.0334370700622,1402,44,0
685,1030.7196181495028,775,25,0
685,1111.7582327619914,382,50,0
685,1128.355011241701,1327,69,0
685,1172.7415365883369,769,82,1
685,1250.3970459946677,891,90,0
685,1256.0576394062793,811,67,0
685,1388.9446316055432,1389,56,0
685,1319.0659045034236,835,23,0
685,1399.5225585163976,1235,38,0
685,1459.7845575858337,262,68,0
685,1465.3860282254577,934,37,0
685,1519.6265899480873,568,38,0
685,1517.9977134885214,256,39,0
685,1646.2572271145405,394,74,1
685,1723.6829160709278,1439,67,0
685,1835.862021477887,1073,38,0
685,1919.36535173728,546,91,0
685,1940.1516394661398,460,86,0
685,2022.8546568059755,672,7,0
685,2090.3324287757086,32,31,0
685,1968.7326524893529,742,14,0
685,1869.1791193734339,941,82,0
685,2245.084000682202,713,98,0
685,2201.6314227737953,277,100,0
685,2107.0322097987064,604,21,0
685,2300.777624886407,123,47,0
685,2136.8069883062253,338,90,0
685,2504.5666479310876,698,77,0
685,2178.374476623182,580,75,0
685,2637.1503036760087,1314,52,0
685,2347.8492365583315,46,71,0
685,2516.2303262011983,778,63,0
686,221.57102029435296,728,69,0
686,244.9504097002134,1128,57,0
686,264.7992785084106,1336,28,0
686,271.7368489518005,589,94,0
686,317.67360018565205,407,30,0
686,334.226045320041,1292,87,0
686,338.6837190713468,364,48,0
686,387.7267729740969,1029,19,0
687,152.65201441581573,884,95,0
687,191.0544246569749,426,30,0
687,238.02068296791944,1150,12,0
687,280.7340166924477,1032,43,1
687,329.3254714248084,694,22,0
687,323.92675263648465,783,93,0
687,425.8875726602648,1181,86,0
688,683.4743809800909,1109,16,0
688,698.5246217372749,380,39,0
688,725.706861575638,883,16,0
688,745.4914721352841,683,70,0
688,763.5828068016006,492,80,0
688,766.3002024546724,574,38,0
688,776.487173184366,359,4,0
688,786.7402914246153,186,38,0
688,811.4895452526622,857,94,0
688,817.6500807237342,437,31,0
688,861.6046137962935,1384,37,0
688,848.410341634878,988,64,0
688,927.6204491978615,827,24,0
688,888.1957144731595,1329,59,0
688,944.170618238315,510,61,0
688,915.5071313201593,998,95,0
688,1028.5815776722068,956,34,0
688,948.2072655257084,264,49,0
688,953.5245960599907,616,51,0
688,1008.5484958536579,917,44,0
688,991.9372710743248,860,87,0
688,990.8976911896618,139,41,0
688,1011.5085915832519,1160,29,0
688,1052.9763984369192,822,42,0
688,1048.746088743959,220,11,0
688,1056.229634356881,1046,59,0
688,1244.9134489461753,634,23,0
688,1095.1422798742888,510,42,0
688,1181.7000115581827,20,88,1
688,1191.8613917833363,1052,26,0
688,1166.6105164132373,380,42,0
688,1333.2818068568686,375,2,0
688,1371.4631554565744,694,36,1
688,1258.1048397919615,1226,49,0
688,1194.3625977312322,552,51,0
688,1315.173522329691,536,34,0
688,1271.0248253399618,287,93,0
688,1241.413749436412,1184,62,0
688,1489.8417752291075,904,8,0
688,1417.1284283728464,329,84,1
688,1480.2936062566823,981,9,0
688,1396.0955887740306,248,99,0
688,1529.5782585905208,1351,23,0
688,1463.3458373243961,986,30,0
689,376.68019052611754,748,6,0
689,390.81822124231013,977,2,0
689,401.9658247625468,1088,19,0
689,431.74197644974845,953,55,0
689,432.98868104981835,1433,19,1
689,444.31937018475196,1426,20,0
689,467.87836933384466,1107,92,0
689,492.81202786350786,882,13,0
689,479.2672482742863,453,93,0
689,529.193492191389,374,54,0
689,526.3314293915898,529,60,0
689,524.0559600347337,152,68,0
689,546.9102727519106,902,80,0
689,554.3073960777642,1068,81,0
689,574.4174466554897,1018,7,1
689,583.2845903436089,512,16,0
689,657.7382808967095,1147,14,0
689,597.0864574219098,791,81,0
689,626.2076950785263,1072,8,0
689,711.3093715306418,473,66,0
689,637.8340475585717,1032,91,0
689,692.5000523197227,1241,27,0
689,754.6845362660863,1176,89,0
689,706.1923851591212,404,20,0
689,678.5697874263067,357,45,0
689,813.3867211315132,924,38,0
689,849.3761223114032,1213,43,0
689,820.754540049162,775,14,0
689,755.2464084528717,191,89,0
689,901.7426979837726,58,56,0
689,902.0444955419864,88,56,0
689,858.4911081208785,796,17,0
689,963.5503714513136,22,54,0
689,789.419840608909,1365,47,0
689,930.341727632481,1405,78,0
689,991.7230852839737,8,68,0
689,986.7612203933147,1270,67,0
689,1017.9362101993365,625,62,0
689,942.4293552466702,1103,88,0
689,1071.430040617787,692,82,0
689,911.7128691011544,846,72,0
689,1030.1444822605868,1059,42,1
689,1135.4062753036767,922,67,0
689,1171.4442080118588,460,2,0
689,1147.087562789921,30,45,0
689,1194.5033112605663,926,58,0
690,916.775383228947,537,42,0
690,1029.0593535527855,389,1,0
690,1179.1686967717542,399,29,0
690,1257.937408577885,276,98,0
690,1542.121276019588,1181,47,0
690,1478.9357896353017,144,26,0
690,1721.7137311351944,600,1,0
690,1683.5354933729182,1229,91,0
690,2036.8609761336652,436,15,0
690,2139.189197161194,587,40,0
690,2009.826309141504,965,88,0
690,2124.1854243266093,974,94,0
691,315.98037373204727,292,36,0
691,331.2144405244526,1036,100,0
691,339.05573900395655,491,3,0
691,351.15344242897925,394,68,0
691,378.06569437984234,1378,8,0
691,381.067031994304,108,85,0
691,388.58448861179,363,56,0
691,415.72152912810265,820,79,0
691,417.3793060034874,563,35,0
691,467.070267655809,803,18,0
691,444.2373441004295,721,92,0
691,460.3380926478055,403,29,0
691,453.67332654809513,1343,30,0
691,480.5665406850071,1381,73,0
691,488.3305749267141,1108,9,0
691,526.3448361487428,129,48,0
691,529.4089172599993,473,95,0
691,541.0087523399625,1352,59,0
691,524.3288390545455,648,64,0
692,726.7038823527955,293,35,0
692,757.7277548593606,607,84,0
692,797.3218144853333,1152,52,0
692,816.9228090098748,198,51,0
692,835.5009949536669,745,12,0
692,868.9465226243149,1021,31,0
692,897.6561231725113,611,34,0
692,985.9354151882308,663,28,0
692,945.2360961279851,48,82,0
692,1048.706980096232,383,46,0
692,1074.6016920761003,801,91,0
692,1130.3736593401607,1413,36,0
692,1064.8828379348831,885,76,0
692,1104.5717562457585,1230,6,0
692,1224.4504866954962,221,37,0
692,1244.3603931124408,1373,36,0
692,1172.4893850592493,407,60,0
692,1371.9912258573308,843,27,0
692,1403.6688535555652,682,67,0
692,1459.3805008403908,305,20,0
692,1284.6022078107576,317,49,0
692,1490.1103022222824,850,20,0
692,1311.8876746572223,233,89,0
692,1366.894638580683,1039,73,0
692,1571.5825436678915,1083,29,0
692,1500.8505916665233,1104,80,0
692,1664.8914660061387,300,86,0
692,1456.0026359163026,76,16,0
692,1709.873663414593,1337,57,0
692,1666.0474782192055,898,60,0
692,1515.386855937476,47,46,0
692,1686.6076570493942,1332,76,0
692,1598.8364530379858,266,85,0
692,1998.1567135236282,1343,36,0
692,1690.0316925730626,463,48,0
692,1719.7903618519736,890,47,0
692,1873.2146593179734,1353,24,0
692,2066.2593220111976,610,84,0
692,2171.6822223213594,477,41,0
692,2242.279078433668,1046,20,1
692,1990.6244786247576,1107,68,0
692,2087.7791884769313,491,10,1
692,2330.319969461737,745,69,0
692,2240.0421144729744,588,93,0
693,278.2396742724195,1197,56,0
693,288.2630819546201,1078,91,0
693,294.3806129505081,579,50,0
693,305.1347650114386,109,80,0
693,312.5019081031765,13,79,0
693,322.58827607226533,738,75,0
693,336.77132074686796,1056,92,0
693,333.2004693073012,138,9,0
693,349.48296447736726,979,75,0
693,360.3430226339664,29,9,0
693,349.1813572329402,346,84,0
693,379.1234495692184,669,84,0
693,380.288179808595,938,52,1
693,386.1761900879826,1234,24,0
693,421.20682672378086,991,97,0
693,385.49981758539076,1106,38,0
693,422.9721574495878,1142,34,0
693,434.4114711996249,206,65,0
693,456.62365464655227,829,22,0
693,450.11325920670964,1200,72,0
693,429.20122232022834,927,23,0
693,452.6743214458244,857,27,0
693,435.16436753883374,580,35,0
693,488.0380254915599,472,27,0
693,482.75064073620314,231,9,0
693,493.1550866787412,605,84,0
693,513.2308011012435,1399,37,0
693,475.29101227579065,1067,94,0
693,507.3963129593801,810,68,0
693,501.7734459954713,313,39,0
693,582.7959326060702,500,56,0
693,572.8685933341538,906,47,0
693,499.5434143895051,136,10,0
693,518.8205559942106,1223,35,0
693,580.8552959677663,329,40,0
693,634.3264650504625,583,24,0
693,621.632546915121,1151,93,0
693,546.0432242837151,109,61,0
693,586.2462563148047,1424,1,0
693,598.2469108648203,46,94,1
693,652.2875893853968,137,48,0
694,728.1153520804064,1372,5,0
694,814.411636938641,1067,77,1
694,906.3969268907832,315,18,0
694,928.8470774646818,403,62,0
694,1072.4457420414828,372,10,0
694,1097.8150018021915,422,92,0
694,1157.9345996807697,1204,20,0
694,1214.3421725189355,413,46,0
694,1323.0832164052358,51,39,0
694,1542.220601855742,610,100,0
694,1436.4135593418873,244,37,0
694,1700.190536194595,1416,59,0
694,1818.0731759602513,997,59,0
694,1706.883124295141,301,77,0
695,425.05449123809603,1389,36,0
695,467.34853015965257,77,98,0
695,495.8253072128903,1044,16,0
695,558.9964271660399,663,36,0
695,609.2903169489467,246,14,0
695,584.2450701972571,51,26,0
695,673.4458855966651,1004,58,1
695,701.8464084428686,568,51,0
695,755.1057907833462,996,51,0
695,806.2348834037873,357,14,0
695,809.7774296332708,45,42,0
695,860.6859730192182,441,28,0
695,977.1312173728984,580,42,0
695,907.1963927391448,463,23,0
695,882.908206387478,78,46,0
695,1006.6421752147115,990,51,0
696,221.55086555303336,1356,42,0
696,228.02821944686988,161,56,0
696,234.9658738394634,573,30,0
696,247.01035533271852,1162,15,0
696,252.10843964217543,528,72,0
696,262.2980915520835,214,14,0
696,260.51702420236234,1298,81,0
696,283.2125389925652,1419,7,0
696,283.99574402039025,329,30,0
696,300.2548707708954,513,94,0
696,301.46461131811844,1182,80,0
696,294.135690515936,1361,63,0
696,316.32814775945485,48,41,0
696,321.5462618039578,865,67,0
696,306.4984661956894,1325,77,0
696,326.0504011517529,961,54,0
696,331.2418600582993,490,50,0
696,352.72624940468825,945,81,1
696,331.6758305865356,17,78,0
696,383.2104121026023,177,34,0
696,393.5613536280098,394,16,0
696,398.9438736806744,1286,100,0
696,371.44063861262975,716,70,0
696,400.02344932520725,950,77,0
696,378.02819576232,458,17,0
696,376.83634531211237,893,91,0
696,424.39363521163125,867,95,0
696,450.9565304240527,1385,40,0
696,405.55616057130754,914,29,0
696,468.4374973599009,1075,53,1
696,438.94727619638235,688,20,0
696,413.2496464744921,1419,17,0
696,447.6641765360316,1232,50,0
696,457.97087496954987,1063,46,0
696,494.81367509427736,739,41,0
696,503.73598081689926,120,90,0
696,472.79973278792335,382,84,0
696,505.5524965727702,1027,40,0
696,552.5325674125309,38,2,0
696,563.0767601951761,397,91,0
696,474.9501450861651,1294,69,1
696,529.4534661152704,1305,59,1
696,571.7981017795587,901,51,0
696,598.2557946187169,1362,52,0
696,580.1124806952816,1306,56,0
696,547.9398162754419,1236,48,0
696,540.6974752080928,217,79,0
696,607.0826670841128,687,69,0
696,504.3037288989758,332,16,0
696,527.4414940845849,1161,93,0
697,183.78861457411978,405,49,0
697,195.53921464209006,408,25,0
697,205.40797843932546,398,5,0
697,209.49197715787298,1122,96,0
697,223.86494478555983,1307,54,0
697,224.39557329533883,833,61,0
697,241.8888656726044,965,1,0
697,267.6680074493576,143,86,0
697,262.9362530059114,1262,19,0
697,259.53990565896476,387,76,1
697,290.77980821930396,523,96,1
697,300.62866278878437,365,47,0
697,318.0886970130667,128,17,0
697,333.89005002260274,1115,78,0
697,324.18950049340526,603,100,0
697,308.179732265369,127,81,0
697,354.78288247785804,1256,11,0
697,344.99799875193474,1277,87,0
697,355.24624528140174,740,63,0
697,361.82898871277666,354,27,0
697,371.601570001347,473,96,0
697,408.36699999247264,661,27,0
697,423.06199112492766,628,38,0
697,423.29765184302187,1236,29,0
697,390.2220678833439,1282,23,0
697,438.55925830578326,169,78,0
697,496.4325502436514,1093,89,1
697,483.0620656755314,259,48,0
697,482.6803263399216,388,94,0
697,477.05369003110104,934,39,0
697,443.2577770153577,187,44,0
698,119.97973162049732,776,28,0
698,123.06060339495531,1207,26,0
698,124.87002593501371,174,82,1
698,129.26768459826292,113,2,0
698,129.42671514135762,272,17,0
698,131.11987252235448,468,13,0
698,134.12454911826856,789,1,0
698,136.81273246430888,12,87,0
698,138.79306970872304,434,60,0
698,143.53307349228086,855,82,0
698,140.64690671749906,437,29,0
698,149.54342131226943,1212,3,0
698,147.33659596843637,48,61,0
698,153.81263444350606,560,32,0
698,161.03655278855211,312,99,0
698,162.76768846206653,600,31,1
698,164.3255104147541,1420,53,0
698,165.30944623347108,512,9,0
698,159.43867724239595,1009,66,0
698,166.61078293163857,678,38,0
698,173.44788190388948,284,6,0
698,173.07472162713123,367,55,0
698,168.12337732771908,805,59,0
698,173.84647909168922,1209,15,0
698,170.13872041278506,919,6,0
698,188.05742452879724,1062,32,0
698,194.5182993243871,743,48,0
698,177.70652143608973,612,91,0
698,200.50523404129055,1362,94,0
698,181.11943208222044,922,59,0
698,203.79663228439355,372,17,0
698,184.13348215124591,370,56,0
698,193.7989298129126,225,41,0
698,218.83182252148652,1369,64,0
698,214.02055266775756,485,95,0
698,195.56090192664547,723,75,0
698,220.85038150922995,496,30,0
698,233.37758827564107,775,73,1
698,199.88368677127568,907,59,0
698,236.48092925975266,1359,73,0
698,235.51702747289582,202,51,0
698,212.4851630276151,1252,82,0
698,231.86477096963637,1259,23,0
698,222.68379736003305,306,46,0
698,229.2883932687306,824,54,0
698,254.80445933454547,1143,80,0
698,262.1509957570994,753,50,0
698,263.40544452205324,520,43,0
698,258.3991429096999,97,94,0
699,55.168427104013574,121,12,0
699,56.639576272454406,50,100,0
699,57.234381075488216,768,24,0
699,59.0189929152037,1264,47,0
699,60.785349917975424,774,88,1
699,60.820978279884116,407,3,1
699,63.10020420157365,541,3,0
699,63.96560065330729,529,75,0
699,66.97819200667362,1243,82,0
699,64.80829909588856,410,61,1
699,69.43144077985225,904,93,1
699,68.28878613585991,291,70,0
699,69.20272409882632,1150,15,0
699,73.92129814841525,57,85,0
699,72.09425105915756,494,97,0
699,74.00405677810038,974,94,0
699,78.97345833657668,450,56,0
699,73.25323430956078,379,85,0
699,77.2087448882817,289,10,0
699,75.55305397175243,1407,70,0
699,84.44168584364363,566,42,0
699,81.61388714374216,1414,74,0
699,87.93110058442227,777,32,0
699,87.2362416905772,16,89,0
699,84.05603765844796,394,97,0
699,84.08872661223846,135,66,0
699,90.62050175662839,1173,23,0
699,94.98128503840721,264,10,0
699,96.78198064805129,1378,81,0
699,94.2788865045305,1017,29,0
699,99.96170404423265,1037,59,0
699,89.21733334859235,1203,48,0
699,88.58766624213573,1118,32,0
699,98.67125654940759,602,90,1
699,92.31960037224651,705,71,0
699,94.71737146239568,1055,25,0
699,108.54707483296423,346,13,0
699,98.62009040575674,932,59,0
699,97.25107700039908,499,89,0
699,105.73042701451931,955,24,0
699,105.88613338358606,1334,86,0
699,106.90849140889091,911,52,0
699,103.16086664965579,598,19,0
699,105.60868647324757,71,65,0
699,107.35949452335782,827,35,0
700,969.2105693986312,907,18,0
700,1030.5891803600032,844,21,1
700,1123.0054938519413,889,56,0
700,1203.9372758599125,766,38,0
700,1204.0697262520182,188,70,0
700,1297.4014161623677,346,26,0
700,1313.2921800447536,168,31,1
700,1369.828467441097,202,52,0
700,1451.4835547658802,624,67,0
700,1632.252191966098,1043,71,0
700,1710.6015026316143,688,88,0
700,1760.9911598853837,1300,67,0
700,1784.697870740164,86,49,0
700,1942.0151478743092,1330,47,0
700,1774.1092822746123,135,9,1
700,1984.0649351664197,290,47,0
700,2044.8968816700458,701,17,0
700,2290.6173981069487,747,11,0
700,1959.2293346804986,1328,44,0
700,2056.9946025225804,1234,67,0
701,22.314565697344413,542,46,0
701,22.92479977484084,61,52,0
701,23.641923554584494,1165,98,0
701,24.073005396310915,150,52,0
701,24.708690571071443,1309,60,0
701,25.113743085799694,420,37,0
701,25.006575261489438,1104,13,0
701,26.03733399378394,1154,58,0
701,27.614689827111505,952,98,0
701,27.467325709104387,766,100,0
701,27.29170421854772,648,22,0
701,29.29358062694422,607,38,0
701,29.7100208212261,633,56,0
701,28.777502898583993,4,10,0
701,30.839244310115877,838,36,0
701,30.97589204578417,728,58,0
701,31.399071512314467,935,33,0
701,32.365361719014764,793,44,0
701,33.91753351475697,1060,72,0
701,33.93632124176617,926,65,0
701,34.54140936037939,201,46,0
701,35.107367360395024,915,10,0
701,32.10966870888019,1144,36,0
701,35.459163747934134,212,3,0
701,36.36024584669765,108,57,0
701,34.62915378131529,333,41,0
701,36.33703958833196,629,91,0
701,35.454109402481585,1381,65,0
701,36.25087134948909,351,81,0
701,35.262771822937054,154,55,0
701,36.6280796188176,133,32,0
701,36.7189589226752,654,7,0
701,41.82380662264687,1146,11,0
701,41.63564040599533,315,31,0
701,44.10876174513504,509,91,0
701,43.85385804262013,1332,82,0
701,40.55096948761853,90,17,0
701,40.80148266048789,1170,66,0
701,44.890981593559104,515,94,0
701,41.691393248883536,857,71,0
701,48.58112505370945,725,72,0
701,41.89365583215242,794,65,0
701,47.693712747810665,900,32,0
701,50.106675126584406,93,67,0
701,43.200267984786336,41,60,0
701,42.59801723746223,1357,42,0
702,654.4420146707893,84,26,0
702,718.860701503551,662,32,0
702,791.5728655647258,1126,82,0
702,880.3293898609921,575,20,0
702,940.6189779667645,294,70,0
702,1048.0738019560588,680,46,0
702,1050.7771976138988,1339,25,0
702,1300.4892435338384,1123,18,0
702,1248.8014767847972,834,89,0
702,1258.6511697881638,51,100,0
702,1579.3690515910757,677,47,0
702,1477.0422659911537,903,11,0
702,1767.5660006978255,171,58,1
703,486.1957040293108,328,96,0
703,507.38973185320935,1263,75,0
703,523.3393574836891,1117,11,0
703,539.2816019231051,168,80,0
703,578.1716220887156,178,74,0
703,576.1931381332068,1018,23,0
703,631.9056342446031,120,22,0
703,607.9879905615289,1122,6,0
703,656.0915033264281,23,56,0
703,643.9683613701965,1012,1,0
703,674.8798794986003,1003,51,0
703,666.8987905959066,1008,61,1
703,708.2857467326847,601,41,0
703,780.9116313809011,304,20,0
703,724.1496850961685,622,16,0
703,765.6315070639995,749,60,0
703,863.4329063610833,28,64,0
703,797.6384117753946,681,97,0
703,852.8075948821958,648,90,0
703,859.6735052867072,1145,77,0
703,888.5320921817645,450,20,0
703,987.2932887076267,910,69,0
703,960.4481868678197,960,73,0
703,1024.0788537856706,346,48,0
703,890.1407015566062,1188,41,0
703,1094.389877031586,1438,17,0
703,980.4821162884443,974,6,0
703,1085.8749316992323,1356,97,0
703,992.2024993379288,810,74,0
703,1151.2255044664782,165,10,0
703,1167.9747913382464,6,77,0
703,1195.303715230161,1322,40,0
703,1137.838660067269,513,82,0
703,1112.5681262447372,876,83,0
703,1262.303969493343,140,68,0
703,1333.866944819814,896,91,0
703,1336.5735601357114,462,85,0
703,1258.9039441301159,49,100,1
703,1396.0139699100093,1240,13,0
703,1304.8090601677286,876,96,0
703,1457.3589141096293,930,38,0
703,1389.825011312526,1260,45,0
704,146.783923391087,509,97,0
704,152.79603193931635,437,66,0
704,156.3514115122445,202,98,0
704,164.97788409100772,876,24,0
704,171.17744793320583,791,5,0
704,179.32062172283244,1284,29,0
704,178.91972255733486,1252,51,0
704,185.92188724490322,1132,90,0
704,192.29756686082453,706,84,0
704,195.50951246348376,809,80,0
704,195.41248780109294,321,28,0
704,207.29437756922744,487,61,0
704,205.0053959222198,1039,72,0
704,234.70189152304758,796,84,0
704,233.5103855516332,53,86,0
704,250.02604471925278,1423,30,0
704,258.80807302954355,469,74,0
704,261.2145810364954,1083,14,0
704,256.7236075733313,621,86,0
704,269.48143709172433,495,96,0
704,249.10171002113626,156,64,0
704,286.150410657753,983,71,0
704,256.898618909084,226,14,1
704,274.3799885138528,1376,98,0
704,293.5730352089248,94,90,0
704,310.57918866258433,414,39,0
704,324.8282996192482,399,96,0
704,321.94722844140176,802,35,0
704,334.9404623048899,967,52,0
704,312.89500742760106,761,91,0
704,333.19792387232104,646,75,0
704,305.1404983344828,636,43,0
704,319.6595586220484,1186,84,0
704,324.3881052331616,54,70,0
704,318.53265126107203,458,73,0
704,338.2258306359512,549,30,0
704,328.770479265055,784,79,0
704,405.5046379327068,786,81,0
704,371.4557216455365,1339,100,0
704,398.9497077962315,1193,44,0
704,395.2541880930909,669,22,0
705,734.4645188630342,1416,75,0
705,742.2264893191578,761,94,0
705,752.493955881159,235,96,0
705,758.4751368088641,179,52,0
705,775.7162426522902,566,75,0
705,779.9188796284546,1084,21,0
705,793.602178818713,630,8,0
705,802.8202454296218,413,7,0
705,808.2959394610978,25,57,0
705,816.5070996380424,524,48,0
705,839.6251703358321,544,51,0
705,837.9593674765586,524,58,1
705,835.4346356198198,508,38,0
705,880.732930015695,1231,10,0
705,874.0893890922225,659,76,0
705,856.155818377278,25,81,0
705,869.5455120882867,111,78,0
705,881.6327155031458,1136,76,0
705,924.6044705432118,665,17,1
705,940.1093902914292,405,83,0
705,961.0286325447769,191,98,0
705,957.9328147221811,1258,13,0
705,975.9283687132239,88,2,0
705,950.7983566748485,753,68,0
705,1004.0730832976897,1089,47,0
705,996.7965672615037,470,6,0
705,1013.4995055115326,1001,43,0
705,988.0071659086148,221,29,1
705,992.7720969262632,1078,21,0
705,1025.7481539389642,1287,80,0
705,1074.020701928675,1048,65,0
705,984.5260199127622,331,94,0
705,1018.1217749583128,960,38,0
705,1013.3803201750131,46,39,0
705,1025.2731829733282,384,72,1
705,1036.150921403261,127,77,0
705,1072.99900952508,632,100,0
705,1088.8075833549428,660,64,0
705,1134.9584690103204,1110,64,0
705,1070.3733608562225,1311,26,0
705,1049.5308189445045,1109,95,0
705,1150.7897608356943,642,81,0
705,1094.6021923338158,41,65,0
705,1130.1758606785322,481,14,0
705,1145.1931685560871,815,52,0
705,1124.1615416856675,1053,8,0
705,1086.7816716313857,285,29,0
705,1140.2386016904627,119,26,0
705,1142.2856614301918,249,99,0
705,1247.3767476156313,1208,96,0
706,977.0793783035721,313,37,0
706,1001.5966359198948,365,31,0
706,1017.8665206872557,1183,19,0
706,1044.5576541663368,93,34,0
706,1078.4458756276333,520,17,0
706,1096.1129521049409,869,74,0
706,1121.246966659089,901,55,0
706,1118.9388567168814,1070,12,0
706,1148.9714886010206,629,92,0
706,1150.0711426696457,386,72,0
706,1219.0243355709788,1048,43,0
706,1193.930234816093,876,3,0
706,1198.3599284435084,594,57,0
706,1197.792009426814,316,34,0
706,1305.9781356151161,1431,37,0
706,1279.488265693829,395,84,0
706,1308.9679916385144,299,80,0
706,1396.8593662116484,56,14,0
706,1352.5817607776455,869,69,0
706,1317.2840773678984,973,46,0
706,1334.1992107403316,650,17,0
706,1347.3888600393257,1139,46,0
706,1510.1599110553466,609,42,0
706,1512.6030537943434,519,21,0
706,1480.3593979744833,630,77,0
706,1586.7997288873935,1428,52,0
706,1584.1679801255418,293,8,0
706,1581.3433479931755,1317,9,0
706,1452.8000135763184,1156,42,0
706,1567.406544478695,1146,89,0
706,1518.5691343703897,890,49,0
706,1615.3183023871252,470,28,0
706,1610.2622629885054,1043,10,0
706,1628.6344635544874,1290,45,0
706,1658.2816996805846,771,80,0
706,1796.3625038731682,566,86,0
706,1818.5488668196872,1165,99,0
706,1854.7172517769213,1259,38,0
706,1798.7284350000634,684,27,0
707,946.3178751324413,755,21,0
707,1036.872286940345,977,18,0
707,1135.0201909862774,1179,63,1
707,1232.5791404553347,335,7,0
707,1293.413074845585,978,35,0
707,1533.2628159008023,822,18,0
707,1546.2511848033419,1358,53,0
707,1552.9601024231838,34,40,0
707,1655.5938072425974,112,75,0
707,1825.7949446531388,834,55,0
707,2129.830544677131,1265,53,0
707,2011.7629635989642,363,21,0
708,144.60423948416684,1183,19,0
708,148.65963252484235,996,82,0
708,153.532416821903,1310,68,0
708,159.97216899341447,352,1,0
708,163.79015365453205,160,96,0
708,171.4854596972816,722,9,0
708,175.3616720210755,523,4,0
708,180.41717405172278,1426,9,0
708,187.8290178876487,1348,46,0
708,185.21572286109665,71,98,0
708,188.06838326104744,147,40,0
708,202.2141106228288,493,74,0
708,194.52797876640017,837,84,0
708,205.68212987813382,142,47,1
708,206.67083405282744,607,5,0
708,222.25832133968942,967,13,0
708,213.94431290554647,704,17,0
708,220.08891880100435,78,15,0
708,236.7144242763668,201,75,0
708,232.6350924863264,446,94,0
708,259.0719138236338,1346,40,0
708,260.43116244829747,106,89,0
708,231.98199520784226,749,99,0
708,250.98877248115085,191,48,0
708,268.95376954330027,1150,17,0
708,251.73458986229906,358,72,0
708,294.6805772915109,507,63,0
708,279.526871630442,757,14,0
708,264.3606702764042,1341,52,0
708,281.4676846601252,1114,10,0
708,316.86620481683383,586,78,1
708,293.23895468778227,666,74,0
708,329.3789329334446,440,97,0
709,117.05284761712592,1423,25,0
709,122.06366744712253,561,12,0
709,127.24207169363181,256,58,0
709,131.55955925865428,947,20,0
709,143.51420124601105,455,79,0
709,149.47701898380598,1392,77,0
709,148.08925161931572,917,92,0
709,160.27338544840404,1012,94,0
709,155.72591407462215,208,72,0
709,170.2413128119733,649,97,0
709,180.67652889408075,1257,71,0
709,181.86470065214277,284,5,0
709,176.65687181682648,1433,42,1
709,206.18469140770628,681,66,0
709,215.74544626496123,1004,91,0
709,192.16083825194522,469,39,0
709,211.51531239881817,1363,75,0
709,233.82071536502025,1406,4,0
709,238.93932250391055,1196,44,0
709,223.20045207546988,696,70,0
709,214.36393300302876,1406,31,0
709,246.23895520622364,101,44,0
709,228.4351176704601,103,95,0
709,231.3847698424827,730,100,0
709,260.00339157398076,379,43,1
709,249.99747661137383,1276,92,0
709,256.37395010356016,112,68,0
709,261.7203603342441,699,63,0
709,308.53374539667647,115,1,0
710,264.31910551447277,1112,66,0
710,267.56635549172086,274,100,0
710,272.4656993793388,1015,70,0
710,274.0316612113352,1257,13,0
710,278.2922140319317,269,77,0
710,279.5133735098569,431,1,0
710,281.1614676115133,26,32,0
710,286.29141210219956,162,4,0
710,286.7263237394947,839,56,0
710,291.88797741629895,912,53,0
710,300.9529281579526,164,32,0
710,297.71418348618374,605,16,0
710,301.44742616229195,59,29,0
710,301.2664195538026,557,13,0
710,317.97399374128753,913,46,0
710,322.4060369572362,283,13,0
710,312.2955415419362,1102,77,0
710,320.90358824914574,911,29,0
710,320.0023816331883,515,92,0
710,343.37717603468394,505,37,0
710,329.42955836141164,45,9,0
710,335.4784067457661,43,67,0
710,339.9935378320162,1195,92,0
710,353.87790881500473,381,22,0
710,344.3491779249594,441,1,0
710,363.47222933108264,133,68,0
710,364.1028650342683,577,73,0
710,358.09568842184353,500,60,0
710,368.0066350508646,113,44,0
710,375.34112971057755,163,70,0
710,381.55417342144034,808,68,1
710,351.0993007662872,916,4,0
710,380.72093916959824,303,95,0
710,391.79283136455354,1309,74,0
710,376.73523960522044,291,89,0
710,409.00543042155425,267,43,0
710,383.24454908787754,1104,66,0
710,376.0649567537349,518,17,0
710,415.3215656420341,781,21,0
710,374.72654878480216,585,37,0
710,423.72856366673034,523,44,0
710,390.83851309973204,1429,93,0
710,403.63918961573086,862,76,0
710,444.0738683346731,323,78,0
710,399.70347750444654,890,82,0
710,410.8439378007519,1355,26,0
710,428.7463717653716,1162,82,0
711,32.604915722535736,557,79,0
711,40.98493037097227,1169,81,0
711,47.497829719217876,106,78,0
711,56.943814054843315,545,16,0
711,64.57020009309069,889,64,0
711,73.03295634898141,336,96,0
711,72.4981121397167,440,73,0
711,78.7976301219298,615,72,0
712,978.1529262836262,507,4,0
712,997.0158862430451,726,60,0
712,1023.6650439848993,160,100,0
712,1047.9536520929432,563,68,0
712,1060.0869780865912,250,59,0
712,1084.4570537158963,676,23,0
712,1104.5290966337473,134,53,0
712,1146.836617163944,397,76,0
712,1168.079361278219,575,83,0
712,1222.0458027052127,544,16,0
712,1224.7038546174795,930,21,0
712,1205.5586526785507,257,93,0
712,1297.6776175314349,1202,64,0
712,1225.8535881192347,94,45,0
712,1262.236965832681,112,63,0
712,1264.7292288271062,56,58,0
712,1301.5168958412532,331,53,0
712,1378.2074122508875,626,44,0
712,1466.8348912469514,1112,15,0
712,1333.7023659589727,662,91,0
712,1386.2015023802733,1067,28,0
712,1379.5588344829762,42,25,0
712,1399.4590458644086,70,42,0
712,1447.6125192107916,763,29,0
712,1589.8424518247916,1118,85,0
712,1453.3530512964146,833,75,0
712,1501.7105798677578,16,74,0
712,1625.746079541484,1142,15,0
712,1513.7704322453596,1018,60,0
712,1555.9134524346764,897,73,0
712,1776.6233704720587,1208,16,0
712,1759.50839884909,1081,78,0
713,803.8754277886309,998,40,0
713,887.7086274552753,1324,35,0
713,975.0034059896925,993,47,0
713,1003.9607652865394,858,23,0
713,1144.8879328038204,406,77,0
713,1282.3495742086045,1332,62,0
713,1353.97470310165,636,43,0
713,1332.1654599559006,880,3,1
713,1492.388067602059,730,100,0
713,1594.2932735485906,1225,19,0
713,1464.014879879885,1437,88,0
713,1608.7361836856653,35,34,0
713,1898.1439999164445,1261,33,0
714,657.0306957358204,1320,95,0
714,693.2876051414598,670,67,0
714,723.0232628163787,321,28,0
714,765.5497733256569,344,47,0
714,822.8369334451445,365,28,0
714,815.442884467504,423,78,0
714,854.1683720587469,1426,70,0
714,856.4647029310293,748,74,0
714,917.1833648254382,658,69,0
714,1000.028972729385,677,88,0
714,950.3135871234651,1083,100,0
714,1076.8439744614889,12,75,0
714,1158.5396314236655,1372,100,0
714,1106.0400167147195,233,95,0
714,1124.1037620039745,446,14,0
714,1116.8451960255857,91,68,1
714,1108.151801196712,195,45,0
714,1273.6648764485394,1384,20,0
714,1389.3253127831035,10,44,0
714,1326.4666425663277,623,39,0
714,1259.850475972045,798,69,0
714,1398.7921521076837,1328,54,0
714,1423.1029393385588,751,41,0
714,1551.5830119237692,1241,78,0
714,1661.584395691973,572,80,0
714,1478.465279830453,1180,12,0
714,1711.7753446686324,1307,48,0
714,1724.239570261428,656,2,0
714,1758.0657919121063,1379,68,0
714,1718.0287768728708,458,47,0
714,1872.908219475295,763,33,0
714,1688.0760610547054,699,97,0
714,1650.6284025140212,1193,73,0
714,1655.8139246491733,1009,56,0
714,2008.9809714343041,76,74,0
714,1781.2112785861814,959,14,0
715,43.39020501216776,199,6,0
715,46.190555958332666,44,76,0
715,48.48034026852015,821,40,0
715,51.420960325481914,296,61,0
715,54.00271556300943,652,32,0
715,55.98388322447866,750,92,0
715,55.33320373589936,421,72,0
715,60.92561637359522,1104,61,0
715,61.31872565368958,1219,87,0
715,64.55875342284875,218,15,0
715,65.87157870893503,1429,26,0
715,66.16741705320277,1357,34,0
715,73.02936758064219,1418,25,0
715,78.95930820301498,813,91,0
715,79.39407010861385,350,97,0
715,85.54210631740177,790,99,0
715,87.2438064166553,821,44,0
715,79.97768135211464,286,31,0
715,92.20297064113909,1435,100,0
715,82.62296836045171,1026,25,0
715,84.15930808601895,774,74,0
715,93.8682794324764,744,65,1
715,92.93049209440787,786,89,0
715,104.02571137181039,939,70,0
715,100.63888411858966,850,24,0
715,93.05408087431184,211,48,0
715,104.59136636442568,1413,39,0
715,120.07652078049384,611,69,0
715,109.95948197541142,874,40,0
716,536.4746858276812,569,63,0
716,548.1402332179678,1439,38,0
716,553.9819967127152,374,74,0
716,562.1425365043033,791,62,0
716,573.7730601685126,281,82,0
716,600.4273521177284,604,99,0
716,606.0449317900128,1190,2,0
716,598.0719517441756,1413,23,0
716,616.6774982633283,768,67,0
716,624.2045710144916,541,27,0
716,648.489689372044,1405,100,0
716,658.933624753876,1154,82,0
716,672.6990477926722,1035,13,0
716,689.6089385721673,264,31,0
716,709.4796693329026,823,45,0
716,715.2771752217161,1318,88,0
716,710.4652725760866,1028,93,0
716,748.604789392103,622,58,0
716,716.974480788001,232,91,0
716,779.7243712385791,69,17,0
716,758.5660796407954,545,7,0
716,724.7291579907071,161,53,0
716,800.1508432001721,698,50,0
716,805.8916677078607,836,39,0
716,757.2672331630666,899,30,0
716,796.6276007741143,477,66,0
716,775.6101349135108,1024,2,0
716,817.2849089435539,1358,85,0
716,815.9936959360998,1325,30,0
716,884.9974504509539,1037,42,0
716,851.3950433650772,1245,52,0
716,842.5249762767921,420,68,0
716,845.6781942270263,528,73,0
716,871.16128571004,509,61,0
716,871.0695448968265,816,59,0
716,869.3877968955784,834,54,0
716,948.3562458281046,828,47,1
717,894.7002738384854,379,81,0
717,966.0230928922508,285,27,0
717,1057.4997456847664,1130,15,1
717,1091.4563471408878,1115,75,1
717,1182.8461316597818,984,53,0
717,1226.5220929980985,1077,58,0
717,1330.9235620171135,603,99,0
717,1370.547131529489,967,29,0
717,1344.1750425450746,442,87,0
717,1618.5200571659527,825,79,0
717,1506.7753356776648,141,95,0
717,1660.6864046172527,381,43,0
717,1575.4972473347534,866,1,0
717,1784.4213009360365,1222,11,0
717,1966.2390249174673,1135,93,0
717,1772.4338566452957,326,94,0
717,1837.4110074694559,657,40,0
717,2240.7373522928783,580,87,0
717,1907.075936958924,1400,7,0
717,1998.1172974267843,1376,91,0
717,2038.228772312724,922,1,0
717,2059.3455965089115,1351,6,0
717,2490.4439406567963,1040,95,0
718,209.96115754565707,199,65,0
718,214.05851111034437,112,45,0
718,218.61247758848668,1304,100,0
718,222.2983647034807,552,77,0
718,222.37449320375526,1337,33,0
718,232.00536261221995,13,63,0
718,236.24930634359995,983,32,0
718,235.48692963347705,1065,24,1
718,240.29602925276586,192,52,0
718,247.59484444995326,1218,12,0
718,241.2355556405863,1392,20,0
718,253.76454285153716,249,32,0
718,261.48311672331386,1271,16,0
718,263.5859417028218,749,24,0
718,252.1745834454515,1109,2,0
718,273.7867097529927,682,74,0
718,263.0896340562054,28,22,0
718,260.91368204440903,770,67,0
718,278.27321842797056,1301,75,0
718,285.8414685551073,766,4,0
718,288.9045282818711,64,20,0
718,302.29210357186116,1257,6,0
718,300.57197758583925,617,53,0
718,303.7158033614227,166,66,0
718,298.04031768752554,1330,74,0
718,317.0722588755266,753,12,0
718,308.9264787673127,425,68,0
718,290.7281067148309,635,19,0
718,303.41248133299507,45,84,0
718,315.97470287520827,1075,43,0
718,315.55221155172103,329,100,0
718,319.6546950638601,1237,61,0
718,312.1899208705717,1337,94,0
718,329.3137152743798,77,35,0
718,315.8604490659392,134,58,0
718,349.3177211464304,1392,21,0
718,355.5376067058916,751,29,0
718,366.46353784466055,1425,85,0
718,342.7348625591344,1048,56,0
718,343.7029227844962,970,89,0
718,372.0258979962863,407,46,0
718,369.6528368932328,701,97,0
718,360.4930414701576,499,45,0
718,340.2935984814932,294,93,0
718,353.37303689778025,1314,14,0
719,202.04114461921284,706,5,0
719,213.91317127747183,1120,92,0
719,227.3287624971001,392,53,0
719,238.75790738019487,1,69,0
719,256.6264084106922,693,65,0
719,263.9777760937633,623,84,0
719,277.2906817911549,877,18,0
719,268.50756410655055,1207,79,0
719,305.0166790141653,451,18,0
719,317.20906662789173,843,32,1
719,305.5211927024872,665,78,0
719,308.9225482892365,1363,46,0
719,333.1392868167702,811,49,0
719,367.30158478747694,1364,36,0
719,358.99049861318605,1414,57,0
719,379.07314283435613,1186,27,0
719,402.86130960803837,729,94,0
719,405.8796478165892,53,18,0
719,432.3258419265877,964,56,0
719,470.40795421950526,1432,57,0
719,457.40393764805367,523,79,0
719,421.3340958309759,548,84,0
719,490.0085375933165,927,94,0
719,490.1041850553043,831,10,0
719,501.30774708216285,1002,50,0
719,506.52014773526133,1136,82,0
719,453.0247501890235,730,51,0
719,485.8931703626794,1156,14,0
719,567.3171619591873,877,58,0
719,603.3710665565918,1091,15,0
719,489.3063970331112,1352,76,0
719,575.8590522946012,1425,31,0
719,530.9199256164229,950,1,0
720,347.0891312123388,727,62,0
720,356.85090919801644,41,78,0
720,362.8641173792464,992,23,0
720,373.1692280682368,1035,69,0
720,385.5823059352764,1004,86,0
720,389.2995681020414,917,24,0
720,404.8934286439658,734,39,0
720,412.6359155020394,1295,36,0
720,409.6937111059086,760,8,0
720,409.857262046665,1240,18,0
720,435.3678230398312,1205,81,0
720,446.4218617434816,190,52,0
720,426.8677314506223,1413,48,0
720,471.5730714359118,111,71,0
720,449.68332735989276,549,95,0
720,465.8192753771439,547,7,0
720,491.27615038156216,723,71,0
720,506.30498457966473,399,100,0
720,506.5718107560341,153,79,0
720,518.6410297448608,281,48,0
720,491.4234708012847,354,21,0
720,492.0482220607856,435,19,0
720,513.9871698359135,1360,69,0
720,538.2130289420244,179,61,0
720,509.40101396639596,720,72,0
720,555.489288692332,840,44,0
720,564.2513834606059,987,82,0
720,555.5313566904581,1208,78,0
720,549.7688015389099,366,57,0
720,560.5404968432059,284,9,0
720,556.6580179688324,544,87,0
720,646.8079186908099,1401,23,0
720,574.7305802488412,552,79,0
720,566.5989256255634,602,1,0
720,612.5169191207128,1393,8,0
720,643.7936340318195,1332,97,0
720,599.0550370453075,398,81,0
720,652.3296071004331,835,43,0
720,627.7558095247618,486,48,0
720,630.163778219247,1356,48,0
720,668.8253147069681,530,43,0
720,694.1911789041317,1073,79,0
721,423.50261228960557,1255,55,0
721,443.89441002950036,755,25,0
721,454.72329106369824,29,66,1
721,483.002638306877,800,60,0
721,490.79417228452786,776,46,0
721,522.5503057017514,789,90,0
721,560.616048378698,704,4,0
721,562.7860290121681,1139,72,0
721,604.4974037511353,584,53,0
721,625.98356169339,763,8,0
721,595.4964525596013,268,23,0
721,611.27507245455,73,88,0
721,664.2252225347531,44,79,0
721,629.7455606940124,1363,73,0
721,738.913794946518,584,40,1
721,671.0675810365167,1168,15,0
721,750.5124764358964,764,91,0
721,812.2959018561819,1271,56,1
721,724.3224397469204,47,80,0
721,721.884649599499,162,17,0
721,843.5210246699423,364,56,0
721,837.5228963128343,28,99,0
721,804.4741803808969,423,47,0
721,872.9063628348415,544,58,1
721,916.192536898836,319,49,0
721,823.7509033373526,619,78,0
721,865.5031868568907,1430,41,0
721,1025.2186509523958,877,67,0
721,881.2886479498022,381,7,0
721,1006.5208611368882,31,58,0
721,1090.7864657813943,487,93,1
721,912.5229498948361,937,14,0
722,818.7680395773717,559,82,0
722,846.8451266387624,1182,66,0
722,886.667250720458,111,75,0
722,891.1061303725711,485,47,0
722,924.0634055387955,865,63,0
722,944.463519850106,939,7,0
722,1005.10370911073,1281,83,1
722,1044.61513306792,598,13,1
722,1089.4010069183569,1125,58,0
722,1105.8467796190853,496,97,0
722,1143.2409863669222,393,48,0
722,1209.256195370968,565,92,0
722,1131.204782633142,18,78,0
722,1247.6338993492086,518,60,0
722,1260.7972091904523,188,55,0
722,1190.992687049626,1042,78,0
722,1340.792147373646,719,16,0
722,1389.7254312878792,1117,51,0
722,1392.7537338175987,7,96,0
722,1371.4265641952775,651,51,0
722,1390.5067080810563,632,94,0
722,1425.9208127836596,1002,22,0
722,1473.0050336152433,998,36,0
722,1504.0600121036355,589,48,0
722,1635.6324795653654,699,77,0
722,1496.8928817346855,371,6,0
722,1528.2148402562825,481,92,0
722,1669.3339866187557,754,20,0
722,1736.1676823257662,11,54,0
722,1622.7427382727437,504,53,0
722,1620.0013213331517,424,48,0
722,1926.5368631464362,325,65,0
722,1956.9377932900506,104,86,0
722,1624.0824268752733,233,18,0
722,1896.1180317767225,623,96,0
722,1984.8857644844147,843,66,0
722,1831.7353369468851,465,95,1
722,2121.236155073665,616,45,0
722,2027.8826407802803,588,58,0
722,2139.8308606563933,1000,31,0
722,2054.3931901933825,1423,44,1
722,1826.0812664876821,1180,64,0
722,2277.282804111524,494,56,0
723,179.3016328318934,182,56,0
723,189.70807831625515,1114,53,0
723,194.403596923436,1402,9,0
723,204.885144568398,392,27,0
723,220.17750661224716,438,16,0
723,222.72924969472376,660,50,0
723,236.5512408129361,407,36,0
723,244.56323915811709,1048,33,0
723,258.78139905360183,1411,3,0
723,245.94734943735136,640,21,0
723,258.17296630237627,377,99,0
723,277.7272358968331,464,5,0
723,279.31870788227855,45,95,0
723,294.95427664319317,439,24,0
723,296.9693209679979,1272,73,0
723,302.6283193953764,87,27,0
723,337.93046263523865,71,18,0
723,356.5997608929133,962,96,0
723,318.5135050048917,148,90,0
723,323.4593269803683,696,11,0
723,386.4960277912827,1318,63,0
723,331.77298912184915,1203,2,0
723,410.77649588404427,1120,36,0
723,383.2342886340456,455,66,0
723,354.6254865161621,71,66,1
723,363.7133941726454,981,17,0
723,387.85813763684826,130,84,0
723,386.4641763544257,1387,33,0
723,452.88137665662975,443,15,0
723,449.42998027740157,1316,85,0
723,411.242570083436,1211,26,0
723,489.9476283447451,728,76,0
723,514.1966501556444,370,54,0
723,413.7863345065337,1174,25,0
723,518.9722977856624,23,78,0
723,546.271798878073,621,39,0
723,526.6578964147494,414,38,0
723,482.8020081907272,275,7,0
723,483.3371188462362,290,41,0
723,554.7371741551738,1085,6,0
724,360.6822249288386,218,23,0
724,421.09990939573856,544,91,0
724,481.4525024965895,492,51,0
724,616.2766745480877,1224,31,0
724,702.5113674372759,608,65,0
724,730.1091335813062,52,58,0
724,773.5347869996222,1116,17,1
724,889.8412645595765,680,61,0
725,250.9264503256973,1296,16,0
725,258.1125790906948,435,77,0
725,269.4865825097708,945,34,0
725,279.4417191647363,1021,10,0
725,281.0093891789482,1164,31,0
725,295.75610157048686,774,29,0
725,303.7142736665684,1076,59,0
725,306.7169393552787,1029,77,0
725,336.7584607343839,213,92,0
725,327.09908137968887,66,38,1
725,339.8635362760503,329,61,0
725,337.8660339844322,1031,58,0
725,373.1558957951737,1066,21,0
725,351.75774967011193,462,70,0
725,366.86476360278834,116,9,0
725,368.73629959712423,982,47,0
725,371.55150268312235,1434,95,0
725,421.9381475426453,147,90,0
725,401.32079770406625,1172,71,0
725,422.11400199638877,981,55,0
725,417.64328737906663,602,100,0
725,421.7637159542751,59,53,0
725,430.6855315348352,490,79,0
726,530.1626884275386,712,10,0
726,541.1432500047505,984,99,0
726,551.0929931880755,294,37,0
726,561.7625117394487,753,49,0
726,568.4813066443648,952,50,0
726,573.4502903822298,1427,93,0
726,591.9329901297737,1093,55,0
726,614.3657230461716,1217,22,0
726,615.0101328514538,1338,100,0
726,608.1393212614818,733,8,0
726,624.5093949159848,161,37,0
726,622.5503908381636,1128,51,0
726,677.5465224966248,205,55,0
726,649.1873334405814,961,29,0
726,663.4689790917837,536,7,0
726,701.0481251836603,274,96,0
726,713.97928949214,551,87,0
726,691.4164947921911,50,74,0
726,687.7507207777066,1423,9,0
726,696.792355597442,923,55,0
726,735.6072037227336,235,39,0
726,757.1786073755233,358,38,0
726,791.6998030643355,35,71,0
726,788.5805174926102,1052,26,0
726,768.3599445983024,64,39,0
726,793.2989400428644,867,24,0
726,746.2500718140572,292,33,0
726,845.2283019970348,511,49,0
726,817.6766093011591,1127,31,0
726,800.4410134434208,843,30,0
726,837.3913041306457,34,77,0
726,896.9200241406666,1290,96,0
726,855.1311134172556,1092,94,0
726,895.1436511125695,842,89,0
726,888.6120354751058,46,52,0
726,910.887766946928,1023,85,0
726,966.5712741832599,429,39,1
726,955.2628985218026,1006,68,0
726,889.1438008162731,1395,86,0
726,928.7744139078025,1393,11,0
726,887.722147971223,894,99,0
726,1030.1741084875246,1295,11,0
727,599.467692467489,1053,8,0
727,612.2153336029563,1002,34,0
727,622.2796880740369,88,80,0
727,640.9369069734615,755,87,0
727,646.546819711223,164,83,0
727,666.1289809471887,195,87,0
727,663.8738781477713,362,41,0
727,699.8376355232558,938,66,0
727,711.6129967438092,585,75,0
727,719.2083138567448,84,49,0
727,708.8833417633759,25,32,0
727,752.2974404414939,1209,80,0
727,746.5264918112897,1440,96,0
727,729.6665330924518,589,72,0
727,799.7900357433437,719,62,0
727,802.0414118905608,483,35,0
727,805.25228286974,373,34,0
727,793.6147277455375,254,97,0
727,777.1278141558105,37,66,0
727,801.3762756323205,441,40,0
727,883.0004597292661,90,53,0
727,879.5419109294493,493,81,1
727,846.5077762608942,364,16,0
727,828.8099404212802,62,90,0
727,910.8348041672064,822,76,0
727,867.3353853331139,618,35,0
728,577.3815949453139,200,67,0
728,593.9416019394843,1228,52,0
728,611.3805727678019,122,86,0
728,631.3532723728663,1329,22,1
728,657.9464251489217,767,68,0
728,656.4828239147846,1239,58,0
728,675.5476328392692,1383,84,0
728,714.3429187797851,182,15,0
728,725.3934037210572,678,3,1
728,752.287828108689,904,41,0
728,762.4609071044695,203,42,0
728,741.3452534526541,454,48,0
728,828.9483654140756,1040,8,0
728,823.8806014658719,1238,18,0
728,871.170860119767,76,51,0
728,856.9844640041202,1127,81,0
728,865.6122700109859,530,43,0
728,865.7787912075692,1227,7,0
728,851.4492266342959,869,55,0
728,876.5302951705698,1158,24,0
728,907.2342969986294,462,50,0
728,888.2664787087144,148,55,0
728,957.0889237085696,389,22,0
728,911.3147995450438,991,71,0
728,968.4506885716592,577,93,0
728,1009.6514054248303,631,71,0
728,1052.845244579573,51,18,0
728,996.7779578120862,129,96,0
728,1067.4948090293126,21,32,0
728,1117.566078885356,485,71,0
728,1112.062024659574,93,45,0
728,1132.2651427471233,400,19,0
729,204.08663096466185,163,85,0
729,212.18790815053293,271,91,0
729,220.17509057635584,30,99,0
729,224.39498579623321,43,77,0
729,232.32161460293287,1188,16,0
729,234.29652637979763,139,49,0
729,248.60448830677052,1438,56,0
729,244.70887800988112,170,14,0
729,252.3067033928404,591,32,0
729,260.5704866956807,896,16,0
729,283.06688546437704,1076,12,0
729,291.4876769841167,541,59,0
729,289.0183048094123,849,81,0
729,288.12545149003125,416,2,0
729,291.3713993678757,769,67,0
729,322.1462661302802,115,49,0
729,322.63573597260955,258,42,0
729,334.45370990848255,1111,45,0
729,343.90836712290024,1155,41,1
729,357.79351262807006,1215,40,0
729,333.71814229084646,944,83,0
729,350.3583140101749,743,23,0
729,336.4840416815996,997,88,0
729,334.26704181866216,641,54,0
729,348.90633314178274,141,71,0
729,383.8926011722224,343,22,0
729,358.15478071334627,777,38,0
729,421.3270372204177,252,9,0
729,427.89995501667215,15,93,0
729,384.7859098319674,23,54,0
729,429.97474952493985,1093,53,0
729,435.04161611420943,822,33,0
729,407.7367617980564,126,72,1
729,391.0482449704846,430,94,0
729,482.9144061211671,1340,67,0
729,459.0140017089906,813,51,0
729,415.0310306625869,222,83,1
730,64.83192527427784,1256,3,0
730,66.882663629446,782,2,0
730,69.80404654887136,1202,57,0
730,72.46797751623679,684,96,0
730,75.66330606698007,1338,81,0
730,75.63065281024078,486,3,0
730,76.40990983644092,820,67,0
730,83.91385084885523,479,86,0
730,81.82187661308815,650,62,0
730,83.67606939922086,1003,58,0
730,90.90823296434615,1363,64,1
730,94.97093569978576,289,66,0
730,95.27346211764674,651,48,0
730,92.09829127270461,855,8,0
730,92.73487943851315,80,57,0
730,99.75303260044981,321,52,0
730,101.54472006673043,571,41,0
730,103.04587629796885,133,52,0
730,101.97544634333529,232,28,0
730,103.72922681147232,639,64,0
730,116.49929984478766,544,12,0
730,115.48806419672498,571,85,1
730,122.62164236931434,913,82,0
730,110.245628614264,244,98,0
730,121.80738091403497,158,80,0
731,513.6573043437628,1044,88,0
731,535.1175663348417,532,53,0
731,552.6232705551757,533,22,0
731,582.3577428023469,1038,17,0
731,581.5452924168088,387,63,0
731,592.3797695477703,1147,89,0
731,608.6356452419637,1321,26,0
731,667.1549192642287,1083,74,0
731,669.5043001426936,763,61,0
731,716.6157209069137,88,49,0
731,717.8149378197787,814,87,0
731,745.4998565658713,307,99,0
731,787.3022704964344,1287,80,0
731,785.5943194431063,528,67,0
731,832.4727449241718,1220,97,0
731,802.5497731897608,1183,57,0
731,762.2507623335326,253,27,0
731,816.2517403181698,83,41,0
731,896.8314594388297,904,51,0
731,934.6791546922408,1009,93,0
731,825.420904466178,140,73,1
731,876.8402066607443,841,27,0
731,892.6710125684872,91,83,0
731,936.2844554195577,1359,1,0
731,908.7394820883387,780,96,0
731,1008.6578825341167,484,88,0
731,942.6789670427327,787,83,0
731,951.1885921204193,638,25,0
731,1013.345035575734,1424,81,0
731,1036.2797071596115,699,62,0
731,998.6084336686772,369,74,0
731,1215.2090899094942,970,19,0
731,1152.4836637110552,100,44,0
731,1114.4228956968393,361,50,0
731,1260.5940316834858,660,77,0
731,1289.9033690561441,229,16,0
731,1104.8084249259318,724,42,0
731,1320.4588272331948,196,33,0
731,1107.3623292399707,41,35,0
731,1128.90092550986,737,93,0
731,1193.150596860287,372,44,0
731,1314.3461986240482,53,68,0
732,571.0628461014378,1195,63,0
732,592.9019412326041,1050,89,0
732,606.6223692904165,1404,30,1
732,627.7133544758942,1378,28,0
732,654.7079533199677,247,54,0
732,667.1429635703665,709,23,0
732,706.0437031675563,1213,51,0
732,708.0967036998311,787,50,0
732,765.7173068487747,1136,73,0
732,728.8713311543917,110,1,0
732,810.059179253549,217,59,0
732,820.9099758748118,1032,14,0
732,859.3002744579312,629,44,0
732,827.2646749288763,77,9,0
732,883.6787054026365,556,99,0
732,834.7095397913488,768,62,0
732,961.8721358559237,358,61,0
732,980.0894612593128,1003,57,0
732,1026.0596570715384,903,17,0
732,1052.8079279333201,206,18,0
732,1013.2895572969362,813,90,0
732,941.1574952815242,128,24,0
732,1097.1708957369478,242,36,0
732,996.2416788052951,519,14,0
732,1165.4312106761472,1425,55,0
732,1005.9387677865552,725,42,0
732,1169.3536109141953,735,19,1
732,1141.5989099277358,170,20,0
732,1108.2137054059158,584,38,0
732,1127.5839314761556,270,54,0
732,1165.7303096755766,1175,5,0
732,1324.8824991879026,174,6,0
732,1358.2369352894502,113,23,0
732,1384.5861371813871,1313,37,0
732,1374.5531916148325,697,66,0
732,1459.9794047635842,577,74,0
732,1485.210425087294,1169,92,1
732,1464.233050325539,604,85,0
732,1466.2889775247274,180,26,0
732,1327.8735205566331,638,28,0
732,1525.5771735740386,1104,75,0
732,1482.1375039861878,201,17,0
732,1357.5246802844044,1051,5,0
732,1427.3952383794153,634,1,0
732,1397.0468586620414,204,23,1
732,1424.13881472177,685,92,0
732,1693.5646808304973,606,1,0
733,364.6704524916149,159,25,0
733,371.38978698091626,611,61,0
733,383.1621217884747,698,47,0
733,384.6028397641308,688,62,0
733,400.54046079487244,1222,86,0
733,409.42263388618704,131,29,0
733,420.48882363258883,1422,20,0
733,410.17183239113194,612,55,0
733,420.48984199685384,735,50,0
733,422.97551132732593,836,86,0
733,427.35146284699044,1235,11,0
733,435.78611435678033,1361,57,0
733,464.05088470600225,493,27,0
733,480.3989573148633,180,47,0
733,469.5273547482081,650,16,0
733,463.22029621054264,117,19,0
733,473.87123815860184,976,22,0
733,516.932365502308,1335,60,0
733,514.1204538036006,1301,15,0
733,538.1000858052465,233,95,0
733,506.5183864611597,477,91,0
733,534.4499680883393,856,17,0
733,544.0696680873478,25,58,0
733,579.783108158522,932,69,0
733,566.2729499144999,491,73,1
733,529.3468388367705,78,49,0
733,554.7836851584234,1306,29,0
733,579.4130421976569,226,4,0
733,621.540259444017,1349,68,0
733,579.1325436991506,939,78,0
733,597.3257263701769,753,67,0
733,561.0061760232536,1108,34,0
733,589.2110395699166,97,23,0
733,583.7985807341878,740,95,0
733,675.5072244581461,687,87,0
733,648.9839421695972,434,34,0
733,613.4590691589667,609,46,0
733,663.9018829173467,943,1,0
733,662.7907546591671,1417,29,0
734,366.2533048547862,782,10,0
734,380.44730741544697,134,87,0
734,392.808801345698,523,29,0
734,404.7415087837105,341,75,0
734,421.2461031482174,362,7,0
734,420.38645740667585,506,19,0
734,427.57471640369977,1051,56,0
734,451.72530132308776,1296,65,0
734,463.5863340349843,287,47,0
734,472.1325695959341,440,42,0
734,506.001866451579,987,76,0
734,473.9408018132855,849,71,0
734,512.5298633844586,329,3,0
734,513.9358804700387,1406,2,0
734,541.9898003786814,28,6,0
734,527.3278629356923,1296,32,0
734,561.3318674331621,91,31,0
734,585.5754337258268,1004,84,0
734,580.6308200271425,1039,63,0
734,601.1496405136842,1257,84,0
734,564.0894902460998,351,42,0
734,660.413039575935,1346,17,0
734,599.3886025594546,226,24,0
734,664.3015324093906,549,53,0
734,694.6200009656167,733,15,0
734,694.7681682914248,1241,68,0
734,655.2557398203523,652,20,0
734,711.3745437857376,232,9,0
734,775.1987570534593,550,85,0
734,668.909362801475,791,91,0
734,731.0535859510587,307,21,0
735,854.9928044249085,1054,3,1
735,882.832971722002,819,46,0
735,917.251628760851,721,97,0
735,962.7943594011009,780,84,0
735,956.1522023345881,1183,36,0
735,1028.7337218696407,358,26,0
735,1011.8971969348688,401,90,0
735,1043.4081825581886,207,14,0
735,1117.8540461778507,1350,39,1
735,1095.0855497461605,1115,26,0
735,1166.9402044407666,285,84,0
735,1245.7929841643797,135,69,0
735,1265.9737471804983,1076,82,0
735,1198.5036365741425,337,10,0
735,1295.7461339288507,955,23,1
735,1241.8561873065828,1277,29,0
735,1443.7054208890113,1238,4,0
735,1376.8196383840882,14,67,0
735,1402.4608754823162,329,17,0
735,1368.1742040469067,234,93,0
735,1494.5615642212265,358,88,0
735,1408.903214814765,246,27,0
735,1519.9036171590108,712,3,0
735,1562.6103391367928,195,25,0
735,1728.7619497058868,1140,71,0
735,1691.8044066454631,329,26,0
735,1593.5335257873996,1112,98,0
735,1847.1293754868889,8,86,0
735,1684.331301481393,137,90,0
735,1911.3257967642553,499,11,0
735,1620.161136360396,522,24,0
735,1891.518891480307,203,10,0
735,1707.0424402576307,1353,66,0
736,872.8766437395719,574,65,0
736,1002.7788762566947,266,42,0
736,1207.2561691681594,1341,42,0
736,1357.4135094778665,1266,14,0
736,1468.6774645029004,1439,76,0
736,1483.8822523474723,149,44,0
736,1693.5373145999674,430,72,0
736,1869.4494377521196,1187,44,0
736,2250.314553167204,662,93,0
736,2140.5337438785855,210,52,0
736,2248.4496257553938,1307,5,0
737,228.0853872978582,344,24,0
737,235.19278491982232,91,96,0
737,241.02878232838813,1384,12,0
737,247.51060650828856,503,32,0
737,265.63821680834684,426,69,0
737,265.4808259608659,1416,55,0
737,282.6002641903051,290,36,0
737,273.4602407379211,93,47,0
737,304.2385837183233,519,53,0
737,306.9941438528515,758,82,0
737,309.4413045584775,232,12,0
737,311.4245236064711,514,88,0
737,319.71702284321213,1015,12,0
737,342.54633498626544,38,65,0
737,317.7850461974089,455,89,0
737,346.0268427917159,957,75,0
737,374.9835784248638,780,8,0
737,345.14790086241703,678,48,0
737,363.1542346336023,184,37,0
737,369.7692338384137,280,87,0
737,387.1928160784987,414,18,0
737,419.67665459336,317,99,0
737,397.59310750304644,185,17,0
737,433.05152247877027,1351,19,0
737,408.96958735649866,1194,4,0
738,85.3409199556418,946,84,0
738,91.1538805418862,249,91,0
738,94.82894067067677,820,38,0
738,102.08994942471877,553,79,0
738,108.55906780604488,513,77,0
738,110.4174224522819,1020,37,0
738,115.69045109511819,692,41,0
738,127.08141995970755,876,12,0
738,124.2486584402463,1150,1,0
738,131.25293187962902,985,17,0
738,148.01523175489353,1191,44,0
738,154.64502080279786,1169,31,0
738,161.87045883613115,969,70,0
738,158.77741607014838,943,30,0
738,151.7615999974209,593,32,0
738,173.13853109509074,1117,58,0
738,187.42486285405465,311,81,0
738,177.08096859465283,689,62,0
738,186.9315707720516,789,64,0
738,170.3612659876757,1280,1,0
738,210.47276925270367,989,90,0
739,597.4090683384791,1057,64,0
739,619.7761253492235,1305,71,0
739,643.5183134945942,695,94,0
739,657.5242957512373,691,53,0
739,673.3929085438325,662,20,0
739,710.5210720746408,295,37,0
739,707.6310580246599,197,44,0
739,774.9026888565243,104,86,0
739,749.4606666704293,119,78,0
739,779.998207786555,399,43,0
739,798.9778829975351,30,24,1
739,850.8466116536683,193,79,0
739,805.0587688638368,1297,59,0
739,865.1029750960141,878,25,0
739,847.1995907189633,343,38,0
739,903.2458793974156,400,44,0
739,873.960630673871,1040,88,0
739,992.3072366373119,1273,38,0
739,923.4964513671882,275,27,0
739,991.0670080219613,885,42,0
739,1076.2150185010364,425,21,0
739,1015.3074902437291,202,17,0
739,1142.2101594232604,125,47,0
739,1148.3429743173217,917,77,0
739,1050.2388999660984,208,16,0
739,1185.6226769820134,623,18,0
739,1084.2337275700252,1148,1,0
739,1229.9277492316432,397,77,0
739,1133.9559201388104,796,29,0
739,1281.2532034260184,1130,21,0
739,1334.256131731318,117,25,0
739,1155.3132138628196,757,68,0
739,1400.785326553028,504,79,0
739,1433.5867627466746,559,49,0
739,1333.6534365665398,301,13,0
739,1433.8826720412524,248,85,0
739,1251.228424735879,1146,51,0
739,1343.165872700215,1255,30,0
739,1547.4993142142089,1270,86,0
739,1439.1138207031822,669,11,0
740,189.4641688146841,754,55,0
740,193.79530487735067,949,50,0
740,199.808389209416,10,8,0
740,205.35691106628673,958,48,0
740,212.22643553235775,1132,55,0
740,212.97823559425913,749,17,0
740,219.59552362122778,200,27,0
740,226.8768844708334,1110,10,1
740,232.02636063306642,775,96,0
740,226.76246224808298,214,32,0
740,237.86209402581832,1294,36,0
740,234.78016403397845,1306,63,0
740,237.96357024853583,119,95,0
740,264.0222925314276,1353,84,0
740,267.2476506610408,1430,8,0
740,263.50112459694014,547,60,0
740,279.06985312611533,1029,99,0
740,265.4529112538595,825,51,0
740,273.5273875156872,370,15,0
740,280.3117219183756,1169,24,0
740,291.6569919383137,533,70,0
740,295.11548425835724,22,29,0
740,287.1382405360168,468,62,0
741,692.5586354769545,1411,30,0
741,751.3918452660537,1008,73,0
741,813.3520656563987,594,45,1
741,887.6235761570075,804,35,0
741,910.5476397336492,319,23,0
741,1067.3566699948165,257,47,0
741,1095.69308293127,245,22,0
741,1108.221401843337,376,11,0
741,1246.894748042193,1152,15,0
741,1179.9691634952965,512,49,0
741,1248.088887910427,474,55,0
741,1482.0742678603167,566,79,1
741,1627.5917515403398,1282,61,1
741,1411.2137539507862,1180,65,0
742,790.9432981033981,42,87,0
742,830.3041342507101,352,19,0
742,879.4054502281866,937,29,0
742,906.2210125666036,590,72,0
742,955.4330616806941,1031,44,0
742,1012.2397323599541,1322,5,0
742,998.7368502976882,628,58,0
742,1108.7862155375713,227,72,0
742,1135.6973315187943,1128,39,0
742,1085.3671588353855,577,13,0
742,1202.8259558524628,699,59,0
742,1156.5072339021935,1211,62,0
742,1298.8919026271324,1035,74,0
742,1311.5167443068876,1400,58,0
742,1463.2506624601785,636,100,0
742,1342.0129430486431,795,68,0
742,1547.1777822673475,40,44,0
742,1604.2466195823886,326,43,0
742,1535.4791889182434,589,52,0
742,1592.5686559939588,430,59,1
742,1484.0767651058757,689,53,0
742,1764.7655765219406,191,53,0
742,1814.63239317287,857,75,0
742,1696.9207490024414,1188,95,0
743,507.6872785053176,268,50,0
743,558.0260469230866,295,87,0
743,596.6126729377472,1081,92,0
743,678.921392919755,337,75,0
743,732.3503368318956,1053,63,0
743,732.9529272509004,586,9,0
743,836.317933525451,1257,69,1
743,796.372168400273,1344,80,0
743,887.2362455430316,988,5,0
743,997.6507035967709,601,91,0
743,1050.7792057425945,1196,45,0
743,1143.941034501301,436,47,0
743,998.1871837885163,670,32,0
743,1139.1687582899299,945,60,1
744,843.1150616530601,47,24,0
744,940.0092370497866,449,10,0
744,1120.5680554126607,193,52,0
744,1217.816945294596,334,38,0
744,1287.2313720088496,1291,6,0
744,1547.4040943204018,1285,79,0
744,1605.8352833608737,489,54,0
744,1684.440353454249,237,17,0
744,1702.162595892661,990,52,0
744,1701.5896606452984,1353,63,0
744,2159.4614592991193,25,69,0
744,2001.8479420345789,1159,28,0
744,2204.501219861464,90,23,0
745,995.2334101893848,1267,74,0
745,1023.3095373110524,108,83,0
745,1047.960004027662,1326,27,0
745,1087.842700890589,767,25,0
745,1126.968000591708,1320,65,0
745,1132.288692459618,170,70,0
745,1206.855599757039,1395,56,0
745,1206.1189234370565,63,58,0
745,1280.9437316160556,1051,36,0
745,1255.9736256368801,1422,58,0
745,1313.804160115305,713,54,0
745,1343.3716560820585,20,78,0
745,1315.5130522832767,965,37,0
745,1442.9222805268516,596,33,0
745,1499.241105042551,448,11,0
745,1444.7078362157074,773,74,0
745,1475.3937761707043,275,22,0
745,1492.1208557575292,620,88,0
745,1550.378115297348,224,62,0
745,1576.9173922212403,489,28,0
745,1645.5366691765992,1072,63,0
745,1590.4054921323916,589,75,0
745,1696.7437315451925,16,22,0
745,1826.5949092577705,1098,96,0
745,1799.380219337886,991,39,0
745,1725.2950536757962,96,88,1
745,1951.8039681169914,1345,79,0
745,1813.6269221013608,178,89,0
745,1984.6946773725967,580,11,0
745,1899.5858560492993,1058,73,0
746,822.6262845515397,200,19,0
746,838.9679435894847,1401,17,0
746,856.0279373642672,176,88,1
746,858.2371268393297,840,2,0
746,888.6929021709234,797,52,0
746,905.8130584167776,551,76,0
746,923.0869987327303,880,93,0
746,932.951145995729,1104,60,0
746,927.9909144278236,618,9,0
746,938.5758324396692,149,32,0
746,972.1316622864093,234,42,0
746,1008.6930014259335,567,52,0
746,1023.7606123268627,1287,29,0
746,1044.9093794023584,422,30,0
746,1046.7546824900483,614,92,0
746,1009.4360925102799,695,44,0
746,1071.8443555632275,1262,91,0
746,1037.2380089901776,239,55,0
746,1096.8108872111884,892,14,0
746,1052.479179544039,866,82,0
746,1104.653333979787,1384,25,0
746,1115.2000401210971,685,39,0
746,1199.8677745911768,1025,89,0
746,1127.8489367965713,743,28,0
746,1133.8991020159194,313,87,0
746,1219.9087205366675,819,35,0
746,1241.696657202918,1335,20,0
746,1154.0377562392346,774,62,0
746,1222.1616005298392,647,55,0
746,1175.1472282017505,762,44,0
746,1239.4656049850394,839,51,0
746,1178.121833751323,1322,100,0
746,1197.1488502273937,104,85,0
746,1306.0408330447865,568,20,0
746,1343.2651932275915,882,81,0
746,1382.0180424958694,1342,81,0
746,1265.045265175092,345,40,0
746,1415.1028639637884,404,36,0
746,1277.9361146520334,1077,45,0
746,1355.4704383113112,1091,26,0
747,212.58607825189532,852,32,0
747,228.88770064969293,799,8,0
747,249.52134602366883,1074,3,0
747,263.05173275909095,584,34,0
747,282.9438306675338,588,16,0
747,307.98055632875526,678,13,0
747,315.6182904512424,1025,75,0
747,322.93268124516317,1348,30,0
747,332.63455253041195,92,45,0
747,363.1220589252565,848,28,0
747,393.7590745367397,905,60,0
747,378.11412529129416,815,89,0
747,388.73757573337446,423,14,0
748,515.4779740808701,979,87,0
748,527.8703807758288,1018,79,1
748,544.2185877665197,489,35,0
748,551.7910246159945,499,70,0
748,574.9538502709548,283,98,0
748,586.9030168851903,454,24,0
748,590.143040692248,575,50,0
748,620.9986952801422,100,59,0
748,633.605747382797,136,97,0
748,624.1878756154017,848,79,0
748,651.0613080051496,988,12,0
748,651.1030709764236,465,75,0
748,672.3047233033913,131,93,0
748,711.1046752176871,138,60,0
748,724.4577902805395,373,24,0
748,674.3783146569144,1281,44,0
748,706.9250850047569,304,54,0
748,743.3024003895138,666,75,0
748,723.2198962826845,485,87,0
748,727.3110603639662,14,14,1
748,747.0154154658219,858,33,0
748,767.7675762047201,597,29,0
748,825.2007046314498,1311,66,0
748,806.7885390233025,1437,28,0
748,769.4667481306637,50,43,0
748,858.5946926410197,943,80,0
748,910.994992275237,839,53,0
748,865.766831245757,1020,47,0
748,885.3971628368032,485,41,0
749,92.26462071054027,1022,69,0
749,95.52442000783304,1256,21,0
749,98.80371878498187,466,83,0
749,101.44954813710594,36,78,0
749,106.35164023811487,755,82,0
749,106.42637975883945,612,64,0
749,112.37293237500141,472,98,0
749,118.48285155717986,777,13,0
749,115.97995382673173,940,63,0
749,117.01926598703841,1290,90,0
749,123.4771603581096,454,95,0
749,131.79302599808213,561,42,0
749,137.16246784071612,1430,56,0
749,131.72974459047413,317,26,0
749,144.70288565145646,908,64,0
749,143.67634927742773,1358,46,0
749,134.9898792321552,1018,17,0
749,142.60705332733454,13,57,0
749,158.03755020680262,157,10,0
749,156.8915310529719,1276,5,0
749,169.30220752577821,252,21,0
749,157.93396922021958,206,81,0
750,658.845106426523,724,76,0
750,673.6055359212367,680,49,0
750,686.1883337533104,150,94,0
750,709.9860955012117,513,3,0
750,713.7875365937255,743,97,0
750,725.2246936709802,108,77,0
750,745.7995242153357,1148,93,0
750,755.287878544341,17,59,0
750,788.5527186180927,1065,68,0
750,782.1900507163933,1241,23,0
750,820.2280539286857,57,69,0
750,830.9936914812845,492,17,0
750,829.9379933921533,193,97,0
750,904.1554445863411,267,34,0
750,899.5182512844139,977,54,0
750,936.9317887327247,1182,49,0
750,891.703798636468,1362,36,0
750,906.5494271322968,770,17,0
750,960.6700861129389,644,71,0
750,954.0940762354323,411,26,0
750,1007.3041686545711,565,26,1
750,1042.4501250685921,815,3,0
750,1066.1925942651148,997,36,0
750,959.0946306642913,1323,39,0
750,1046.2260206558808,572,60,0
750,1023.5282572900176,934,43,0
750,1016.0286086805306,652,96,0
750,1083.9540031376587,995,3,0
750,1134.6114952777077,585,31,0
751,547.3853399391903,52,72,0
751,580.8901936361991,604,62,0
751,608.4804647261586,1240,1,0
751,677.5139550615205,1041,58,0
751,706.6746173103415,141,94,0
751,710.1306241447179,1399,71,0
751,796.0841475478345,293,13,0
751,853.059417488003,127,23,0
751,906.1277926477659,816,85,0
751,879.7325518912598,919,14,0
751,886.6338997080883,1167,44,0
751,954.3217531812564,52,57,0
751,943.1098186120208,1398,91,0
751,1051.5910642986028,670,14,1
751,1134.485140547962,1330,100,1
751,1070.4944737017113,1106,35,0
751,1210.22878185118,1144,62,0
751,1168.0437633570618,615,99,0
751,1169.6532711786258,1020,96,0
751,1179.1894045282272,1269,41,0
751,1431.301833803193,1037,80,0
751,1453.8525837396874,385,81,0
751,1485.2403861214498,265,54,0
751,1576.0745515935334,1202,95,0
751,1277.7301985870718,218,40,0
751,1486.1985342710202,969,100,0
752,711.795978057857,854,62,0
752,775.4869334641553,967,31,0
752,842.8610328170193,1195,19,0
752,900.4246013897134,550,37,0
752,926.7108767323529,1041,55,1
752,977.8281317297491,588,18,0
752,1045.8982210726772,1128,28,0
752,1052.9810934046623,1148,71,0
752,1252.3250874640632,1124,41,1
752,1286.5293746987572,103,69,0
752,1364.5920191379778,889,56,0
752,1297.4052355751235,1102,100,0
752,1463.6794848505149,1031,94,0
752,1532.8906506571298,720,42,0
752,1616.1668299379912,210,88,0
752,1635.1748459893324,974,29,0
752,1747.9300618584075,1247,45,0
752,1521.326760461237,314,87,0
752,1619.7230713641218,976,79,0
752,1626.3109918433497,1144,51,0
752,1712.4649198513148,271,33,0
752,1749.114687579905,487,3,0
752,2205.451600965317,1171,31,0
753,199.52630122179286,828,51,0
753,211.8069658427582,76,11,0
753,222.30035949024662,55,11,0
753,243.99981495887215,1076,53,0
753,247.46625349489153,143,1,0
753,264.24214727959384,314,33,0
753,271.15689947888904,184,77,0
753,304.7182241059047,272,21,0
753,316.4389496673876,439,66,0
753,311.0970329555986,450,10,0
753,325.86213169746856,200,49,0
753,331.8049185218635,916,49,0
753,342.97790969731625,520,18,0
753,351.55677921884285,1433,57,0
753,405.3552948682972,34,53,0
753,353.88119074778433,1311,27,0
754,209.6534546065118,426,40,0
754,217.93058786076307,791,58,0
754,225.1102517965174,1349,37,0
754,234.15242764285932,1262,85,0
754,245.88627451696075,1275,78,0
754,244.81880207295993,948,59,0
754,260.84519720949123,1070,8,0
754,264.412616894456,336,63,0
754,282.5335359405389,1229,67,0
754,271.0303983629484,957,50,0
754,280.5470980223706,343,82,0
754,305.5835277932147,425,80,0
754,291.5178207608813,1283,87,0
754,329.21016804798836,1251,51,0
754,307.68916009417904,1306,40,0
754,342.35843148024924,1072,26,0
754,340.8917957659278,951,56,0
754,326.5613236111854,368,42,0
754,344.00356365348114,774,59,0
754,376.9988758730201,1366,4,0
754,356.01323278046834,683,54,0
754,385.0028021483405,364,76,0
754,392.5891370161375,426,44,0
754,381.4782200654846,689,25,0
754,421.62381216306665,741,17,0
754,446.11710077399334,923,96,0
754,440.2548006399743,1070,37,0
754,464.63359560891513,1107,49,0
754,403.8587813704071,928,53,0
754,421.1492288690549,203,77,0
754,450.35979412585107,1341,80,0
754,464.80429887085614,1061,48,0
754,460.16165468730287,1253,28,0
754,518.7564412430049,509,84,0
754,476.15325639362186,1386,33,0
754,456.60092798860444,256,90,0
754,534.4918951152787,97,74,0
754,479.13439148847465,420,78,0
754,540.352658982958,1411,71,0
754,484.0006675798019,394,71,0
754,567.421580333116,321,87,0
754,514.5080546771833,1222,8,0
754,597.2664212843343,482,23,0
754,571.9944814858518,1012,36,0
754,564.6031745923312,876,73,1
754,628.6087263457939,1197,74,0
754,613.9365378144921,14,6,0
754,519.1533385246919,944,92,0
754,662.0558815704729,1151,14,0
755,50.24188678521115,1419,54,0
755,53.01398414365478,282,59,0
755,55.495193421367816,397,8,0
755,58.70146265540232,1324,83,0
755,62.529861260571174,756,48,0
755,65.29310333610229,311,82,0
755,63.4398699735834,674,66,0
755,71.49409404251708,696,47,0
755,69.97540807923363,107,50,0
755,71.77679716729727,791,100,0
755,78.83857280161257,1081,18,0
755,76.46346169300628,1016,51,0
755,85.78361861307985,343,59,0
755,86.95228160816936,1248,43,0
755,87.27070156336502,963,62,0
756,325.6550325246104,812,49,0
756,345.4598727013651,1171,36,0
756,364.0968517307892,1316,54,0
756,387.60478772749065,901,58,0
756,388.40094472406275,343,95,0
756,427.29667027169796,1058,61,0
756,438.03381156098055,581,56,0
756,453.522906918108,592,49,0
756,472.9823225612347,1218,71,0
756,470.1497554731957,1340,14,0
756,501.60578760679573,1030,63,0
756,535.9320365507364,648,77,0
756,554.0154080492002,984,11,0
756,549.578555633523,837,93,0
756,539.5760047525036,899,2,0
756,573.2978667979995,231,68,0
757,779.0462160091583,31,19,0
757,798.7725269552664,15,84,0
757,820.2371731280043,129,37,0
757,834.273964090985,889,10,0
757,873.5044047910193,158,61,0
757,885.9253247398311,727,42,0
757,905.256539213997,747,81,0
757,898.0301704333903,1276,97,1
757,927.0769058456349,1351,46,0
757,986.7600183003412,725,71,0
757,947.4502784666198,1420,69,0
757,1015.4984228034418,1036,28,0
757,1061.052674019331,995,26,0
757,1057.2706974791784,1133,75,0
757,1114.569038838491,1387,11,0
757,1082.7447360027902,506,42,0
757,1156.1461593669276,1204,9,0
757,1135.3124574773665,1107,12,0
757,1190.0246841027688,916,8,0
757,1209.894185733143,1142,14,0
757,1221.9956402580092,246,23,0
757,1163.545024062268,240,88,0
757,1165.1247504540243,883,42,0
757,1186.968586882819,535,42,0
757,1293.06727523397,1329,13,0
757,1193.0488943842086,1436,30,0
757,1283.4257870071037,685,47,0
757,1382.6176574531396,682,47,0
757,1277.096560666981,637,99,0
757,1477.4212211046724,584,60,1
757,1440.7834115072153,514,93,0
757,1436.0856336191168,1369,60,0
757,1565.5366803211691,966,72,0
757,1402.1027789972823,1139,5,0
757,1429.1179201478378,301,3,0
757,1569.7300777933285,1063,34,0
758,421.0535662111649,876,48,0
758,437.3790075737072,65,38,0
758,460.94634699861155,120,28,0
758,470.0504403834474,906,19,0
758,498.3242547260678,293,43,0
758,512.2768517838035,760,22,0
758,525.3536767872231,14,40,0
758,548.6561586760301,1096,37,0
758,560.067533070591,1128,50,0
758,563.5064048784309,275,5,0
758,563.0094728258813,1075,30,0
758,639.3132620916823,377,96,0
758,633.7322164463308,253,2,0
758,652.3061954975511,7,84,0
758,663.0049225921086,485,85,0
758,686.7904767331859,774,19,0
758,690.7640192880629,1440,75,0
758,713.4900753025413,975,14,0
758,787.4107236696746,711,63,0
758,769.8923725907546,575,73,0
758,726.552042837773,181,85,0
758,718.7712806616146,614,36,0
758,743.0995493285673,247,17,0
758,795.8896836207449,43,56,0
758,898.0293667332597,127,53,0
758,878.5404875439561,1003,72,0
758,959.2356943546113,1435,30,0
758,922.0601217528781,1085,26,0
758,873.281333127828,475,50,0
758,1004.5656451809248,174,28,0
758,942.5780426203521,1234,73,0
758,967.9484683512424,714,26,0
758,950.2424162538139,726,5,0
758,922.7141075432442,719,5,0
758,1027.120680415393,1066,100,0
758,1091.2394453414377,19,10,1
758,1130.2778817644585,595,21,1
758,1077.8163854418717,398,48,0
758,1180.837856779045,1242,78,0
758,1091.3168074882722,1224,70,0
758,1016.3022417858942,701,3,0
758,1135.6273466579555,980,30,0
758,1085.1476004018978,665,12,0
758,1315.251399660735,136,60,0
758,1052.9610071338739,245,97,0
758,1329.3895988262673,128,98,0
759,654.7397614093246,1037,99,0
759,681.3471956900778,1305,93,0
759,709.2212243487643,237,70,0
759,719.5032790109427,188,21,0
759,756.4031148163186,24,77,0
759,809.0350188081723,743,29,0
759,806.9390272421376,1422,15,0
759,812.7912899961491,1213,14,0
759,889.637106673148,338,96,0
759,878.045874094735,455,52,0
759,906.2152480575778,642,92,0
759,982.8897065029105,143,26,0
759,963.754784538266,319,49,0
759,1026.866898889161,769,32,0
759,1088.807298835147,1140,69,0
759,1070.5226468731403,395,52,0
759,1160.795115949688,30,31,0
759,1016.7275209165996,1226,21,0
759,1151.1274313062463,736,73,0
759,1122.6034450765271,1228,58,0
759,1189.8584944982736,287,82,0
759,1270.264341852896,77,52,0
759,1125.3668051940813,1318,12,0
759,1239.1858894850711,1111,8,0
759,1353.5447465893812,1054,38,0
759,1291.466014355628,514,99,0
759,1226.8688478978484,364,76,0
759,1386.46449274508,306,46,0
759,1339.1082482367615,846,50,0
759,1403.281330376752,1075,32,0
759,1490.1085275659457,529,4,0
759,1445.5580899668644,67,88,0
759,1536.6114529380911,1423,83,0
759,1398.2789937998523,1078,9,0
759,1654.2759579944395,99,25,0
760,948.4847134742539,589,87,0
760,1049.5916135163145,867,88,0
760,1152.1254304480897,1413,51,0
760,1346.0681121609202,1157,59,0
760,1490.680920817287,315,92,0
760,1654.381420691947,407,79,0
760,1797.6441365017236,248,63,1
760,1769.5561650795976,783,46,0
760,1878.5274718579924,67,89,0
760,2003.829977288809,885,41,0
761,49.78276179041905,970,38,0
761,54.17169005838185,214,95,1
761,61.68178495925132,338,13,0
761,64.75968365268683,233,10,0
761,69.12515908418897,675,47,0
761,73.73360467934108,387,94,0
761,85.66927517696037,765,16,0
761,86.42212469678735,900,76,0
761,87.28429124710485,729,83,0
761,100.07102824533581,845,99,0
762,347.6677562541378,1076,23,0
762,368.9327345009791,620,43,0
762,383.0824962440718,444,15,0
762,411.327184167215,399,20,0
762,425.2957444084543,65,83,0
762,449.95703701717366,575,6,0
762,478.0173385835242,1207,50,0
762,471.44288099877707,169,58,0
762,513.9131039215856,245,5,1
762,510.48335229916324,45,85,0
762,519.8755821050537,496,32,0
762,550.7670921676574,627,36,0
762,528.8806848926865,172,34,0
762,591.8241057932256,359,9,0
762,603.7956984903302,765,63,0
762,675.0282275913573,1431,77,0
762,597.7254756887362,52,79,0
762,619.8088213695431,1017,1,0
762,645.2771778415502,910,87,0
762,706.8496221459707,1272,83,0
762,648.0913801461501,618,3,0
762,738.8739686191049,595,60,0
762,801.9710666873555,880,87,0
762,746.3660518548996,1380,95,0
762,703.687322901997,737,11,0
762,847.3706542133509,1386,26,0
762,749.7821416652998,299,88,0
762,833.7143011251783,1130,56,0
762,881.1463893496489,155,13,0
762,882.2002043551881,96,70,0
762,995.7204164509224,902,72,0
762,939.6500095657609,1338,23,0
762,866.4340321632583,1086,59,0
762,973.1771357362916,499,60,0
762,1019.1123875774756,1271,13,0
762,958.3843381990648,34,41,0
762,953.4478160188753,797,96,0
763,474.35542273028557,1019,3,0
763,566.9289836680285,220,35,1
763,668.9557825850569,758,21,0
763,776.5906513425033,863,82,0
763,887.6799060715507,718,98,0
763,920.7435397909087,631,94,1
763,1064.165904785003,641,46,0
764,895.7585333025957,906,99,0
764,926.1343315565274,1036,21,0
764,978.0598308839922,25,38,0
764,1006.5662058386818,1085,93,0
764,1040.999989544513,753,78,0
764,1057.7080708607637,259,14,0
764,1153.8870658304015,417,94,0
764,1114.4265892682565,1286,50,0
764,1225.2459753047392,927,24,0
764,1190.4900726996786,931,42,0
764,1280.7804720887943,1245,23,0
764,1260.22447519803,516,98,0
764,1271.9607362938011,1307,51,0
764,1317.3986842696718,1122,23,0
764,1429.6696632662108,686,66,0
764,1495.0864932170643,358,51,0
764,1477.4252331267287,946,22,0
764,1496.0519717446007,1409,82,0
764,1580.761649868058,362,66,0
764,1484.8822392566008,331,62,0
764,1624.6118822327276,705,75,0
764,1793.0261372139648,565,37,0
764,1721.3366530947767,42,67,0
764,1609.2405532772123,619,20,0
764,1738.4094226454456,253,48,0
764,1811.0519462609286,316,51,0
764,1862.1057072974645,210,25,0
764,2007.313149256459,741,68,1
764,2141.076709196414,769,96,0
764,1938.2297500936324,842,10,0
764,2209.701475469037,986,22,0
764,2246.5030394517835,402,30,0
764,2213.3579763076473,652,70,0
764,2277.704143336449,957,60,0
764,2000.0009085981271,656,4,0
764,1988.0826229006277,61,31,1
764,2068.1120947636646,414,69,0
764,2386.0250012548477,483,60,0
764,2174.583758256763,838,68,0
764,2302.8306670429984,928,12,0
764,2178.7391195811197,834,82,0
764,2693.737810077389,717,88,0
764,2288.2254673442076,1016,10,0
764,2544.7400753951083,706,86,0
764,2646.4469852333386,929,30,0
765,164.80173105266107,1048,69,0
765,168.90306468670707,271,25,0
765,171.37949139452974,135,52,0
765,178.01295167967925,934,34,0
765,182.96175000655197,727,55,0
765,185.52743289394215,874,26,0
765,186.59992172539145,74,30,0
765,196.39249997736374,807,71,0
765,197.6596780030079,18,16,0
765,201.72214909251036,1109,24,0
765,200.98894311565869,933,66,0
765,199.44516912414042,830,85,0
765,212.40722282201622,1220,15,0
765,214.3009491153048,152,90,0
765,212.43396621807386,286,92,0
765,216.77256345347246,941,57,0
765,221.05705583325647,238,21,0
765,224.37989308082237,845,85,0
765,239.17845039239597,215,82,0
765,230.23261459689283,1092,73,0
765,228.6821117062784,558,22,0
765,252.51832629341573,807,38,0
765,245.8690765296207,929,94,0
765,266.7643747090201,919,49,0
765,250.64751394544612,1001,72,0
765,245.9445303901935,1346,51,0
765,272.5046476895337,316,43,0
765,286.0611408150899,468,77,0
765,283.9721654526908,382,76,0
765,277.45420350494294,644,64,0
765,281.53805534893996,696,71,0
766,774.8438590663714,930,78,1
766,788.4879402520515,326,96,0
766,806.4366014288772,170,75,0
766,812.760751467203,365,54,0
766,827.2709366669112,203,65,0
766,847.3163838100315,564,67,0
766,868.3474066065189,1041,62,0
766,904.2527677998527,698,95,0
766,901.9262050094047,32,21,0
766,919.3347434270295,936,21,0
766,915.1843723526829,617,40,0
766,923.8757021268715,921,39,0
766,991.9738964930573,214,37,0
766,997.078240247203,809,2,0
766,979.9420732015217,847,32,0
766,1056.526999500784,36,57,0
766,1052.6181180636831,953,50,0
766,1067.579006024133,42,75,0
766,1017.5990377996038,996,56,0
766,1053.0855027783005,235,27,0
766,1065.0121271974604,311,14,0
766,1132.440866305821,274,12,0
766,1140.966148170449,1301,64,0
766,1085.0196121481742,532,43,0
766,1098.9501916946067,1145,88,0
766,1091.836216384616,397,9,0
766,1244.4188728885015,916,21,0
766,1222.7271207000097,844,52,0
766,1165.28214146995,1433,99,0
766,1297.3046408817113,798,73,0
766,1322.1907935537308,677,67,0
766,1221.874250235033,965,86,1
766,1181.0181316312714,1169,19,0
766,1249.6448618213085,1342,52,0
766,1277.49362877079,444,85,0
766,1428.3123317897541,184,52,0
766,1307.9822248255196,590,90,0
766,1360.4201045175118,531,80,0
766,1450.7246041194355,280,38,0
766,1320.2844643747767,1217,65,0
766,1380.2496801107047,475,77,0
766,1489.327936616402,1100,59,0
766,1551.7065023177447,1379,75,0
767,259.3139734764741,787,56,0
767,264.88523815026485,232,35,0
767,271.26334217074043,18,100,0
767,276.3527758614192,954,74,1
767,287.0838711093585,933,46,0
767,292.74169738416674,853,11,0
767,290.4781448180601,847,57,0
767,292.8831694525474,1342,56,0
767,298.5857060589037,679,92,0
767,317.4063725793377,227,58,0
767,325.8853351631854,760,89,0
767,317.33415813551477,370,64,0
767,323.22076808586667,371,30,0
767,334.63102435104423,591,84,0
767,347.0928408757528,724,18,0
767,333.36661593785345,1085,25,0
767,357.48375070815484,381,20,0
767,342.6285921955465,1284,65,0
767,374.81608332734066,830,15,0
767,391.8032779831605,277,4,0
767,377.3172225941379,244,23,0
767,385.1626683810811,1193,77,0
767,397.13194508044967,677,80,0
767,368.3926760195874,155,61,0
767,410.87940629376124,1161,11,0
767,418.9708078458073,956,59,0
767,435.4148111909236,960,46,0
767,444.22206797408296,1320,52,0
767,449.7818129776542,367,73,0
767,420.4754596958893,576,20,0
767,460.43015032447045,1145,12,0
768,639.7873329396181,576,92,0
768,677.6818713914273,211,38,0
768,714.2093922822381,1015,96,0
768,739.3098977955055,427,7,0
768,775.96542799845,967,78,0
768,829.2018682071033,87,69,0
768,837.5619673583194,950,58,0
768,872.8578793380182,501,35,0
768,876.2120214011672,932,36,0
768,900.5642028229838,987,76,0
768,993.5635841022515,730,26,0
768,1045.4595782198853,492,41,0
768,1114.3083944719126,1190,42,0
768,1177.0813403241332,1046,47,0
768,1106.5335302352307,590,78,0
768,1260.5016251512784,617,63,0
768,1250.8338983896915,712,9,0
768,1212.8579126990967,347,81,0
768,1315.5960652523736,543,88,0
768,1358.9857798992862,1251,92,0
768,1230.4674604795414,866,72,0
768,1287.4564055927622,410,28,0
768,1393.2111416398345,1001,16,0
768,1506.0909184680322,323,67,0
768,1654.3712417771299,853,32,0
768,1568.1787721653536,42,67,0
768,1478.219536434761,1211,76,0
768,1741.7723648684419,290,27,0
768,1783.2413364975419,538,1,0
768,1626.4362245091183,357,61,0
768,1507.0198697009214,392,52,0
768,1528.3876840433622,1431,85,0
768,1863.1819760317303,337,44,0
768,1842.8115682808298,811,16,0
768,1853.8306135572375,1066,50,0
769,577.580149475586,8,29,0
769,593.2492187457771,1165,48,0
769,606.1457820510304,1125,57,0
769,624.9600006630995,1218,6,0
769,636.9633140654196,1044,31,0
769,681.6127262304146,12,27,0
769,688.011854924761,1186,37,0
769,707.9140510173047,610,21,0
769,715.0237644510833,605,88,0
769,761.8317764774597,867,30,0
769,722.3194620092542,1302,42,0
769,747.2653341306068,589,53,0
769,826.5861780410942,1220,46,0
769,779.3423296349476,1187,65,0
769,855.954671028424,1082,93,0
769,857.5314366050449,818,87,0
769,839.873218094709,447,88,0
769,887.5803520312807,276,83,1
769,941.659120060184,200,100,0
769,938.1668210699381,572,84,0
769,940.9084963365021,1433,23,0
769,930.2633577430603,1322,47,0
769,957.348184152351,333,42,0
769,981.0273370579085,1009,29,0
769,1020.0580774469487,172,58,0
769,956.4287404460084,170,21,0
769,975.465595093174,1371,88,0
769,971.8462667772649,730,47,0
769,1035.7085985144604,566,60,0
769,1184.8322903438748,217,45,0
770,317.7314600068856,896,5,0
770,325.83504348537485,705,48,0
770,337.04543309985155,949,89,0
770,343.17236832097325,161,69,0
770,346.33544376660154,703,46,0
770,363.81436991261256,679,69,0
770,366.5500962204716,1390,11,0
770,382.80199158194375,790,84,1
770,375.1400751519278,1114,27,0
770,384.9906015999022,708,96,0
770,394.6293519952004,485,4,0
770,394.5756771520258,140,41,0
770,407.85296977729286,232,46,0
770,435.5563144578508,1295,51,0
770,453.4047479047968,499,53,0
770,431.5567082620194,1042,87,0
770,435.252525487958,628,88,0
770,430.94202084046543,1147,5,0
770,458.114479923687,284,92,0
770,489.96541651209384,543,75,0
770,473.9196478267476,268,60,0
770,491.8193639414702,1245,74,0
770,479.4721750509806,994,19,1
770,509.33931494244155,1303,57,0
770,530.6467545819087,525,26,0
770,507.9380889160492,269,95,0
770,528.8362767466933,417,71,0
770,502.13835604736323,1426,52,0
770,510.6779204467793,1102,65,0
770,591.1672861741217,576,90,0
770,599.9762512337177,77,49,0
770,611.7000297062924,802,1,0
770,610.9036890933689,346,82,0
770,592.1531918044761,721,45,0
770,604.2916517021772,1143,80,0
770,617.888468193425,1,21,0
771,709.8837596371974,694,52,0
771,729.4940912281237,520,12,0
771,749.5798226468141,1346,63,0
771,759.5569331181136,885,53,0
771,793.1618688700655,556,14,0
771,799.3898684482706,1123,32,0
771,821.459080957201,1278,60,0
771,848.2692095572742,1050,51,0
771,846.605555844076,443,74,0
771,886.0777835378416,1398,27,0
771,871.7828905132421,161,88,0
771,911.8995502858004,637,40,0
771,911.5608991441659,1195,91,0
771,903.8897024325331,817,88,0
771,916.5736975917905,638,81,0
771,1009.6951457054117,1349,11,0
771,953.1213111155851,813,98,0
771,1066.05401647987,1250,7,0
771,1041.115421556423,698,15,0
771,1104.7675224014833,429,57,0
771,1082.305902047093,584,73,0
771,1028.3401804211717,168,15,0
771,1133.9796020403837,434,49,0
771,1076.5501331812357,258,35,0
771,1189.9199599184699,870,85,0
771,1076.2326493175062,355,11,0
771,1139.705768662246,1413,83,0
771,1215.0303988683422,1087,20,0
771,1251.8024796479908,1428,39,0
771,1330.251287293735,1334,31,0
771,1337.5856148349123,1,86,0
771,1248.6731745119423,640,4,0
771,1193.008656071281,376,70,0
771,1353.6629725601042,977,37,0
771,1208.8273072321992,435,86,0
771,1347.3439337747493,101,70,0
771,1352.2817688455957,1347,43,0
771,1250.3543173829987,431,97,0
771,1493.0997201160508,228,23,0
771,1334.9775647534193,956,50,0
771,1481.7105848443769,907,9,0
771,1541.4407757151193,10,61,0
771,1383.9355717708943,1050,38,0
771,1339.7013320020249,468,92,0
771,1587.753415772781,619,4,1
772,886.8170373570276,533,42,0
772,1046.4559348946052,1057,64,0
772,1198.6185370880958,1407,84,0
772,1242.9173563802988,731,43,0
772,1448.3342941793462,259,9,0
772,1685.2208062823697,1327,95,1
772,1624.147502547448,657,41,0
772,1943.2283387034895,786,15,0
772,1888.5882742521167,823,86,0
772,2027.9274063050023,907,43,0
772,2135.1690047818265,831,34,0
773,991.3839340813719,820,72,0
773,1096.3861668523546,1279,27,0
773,1181.7054091394286,737,7,0
773,1248.197205847192,1098,16,0
773,1314.3924285539995,1406,77,0
773,1474.0184183108022,401,9,0
773,1466.614409924349,766,59,0
773,1620.7530930908176,1166,71,0
773,1738.6640569521387,345,71,0
773,1906.6678275803515,1036,45,0
773,1795.8640034887076,535,4,0
774,937.9521600706448,740,97,1
774,970.2424491702675,958,35,0
774,1008.7591081399892,688,23,0
774,1038.5497602942028,1111,87,0
774,1086.285134866053,1376,77,0
774,1082.6747063120895,1212,68,0
774,1146.4358938750463,1071,49,0
774,1117.735692481419,778,69,0
774,1140.4690395213145,679,60,0
774,1236.7842190234544,1190,55,0
774,1228.243159298563,45,82,0
774,1336.3728642408346,1099,59,0
774,1301.1261695408348,377,80,0
774,1354.0941121510682,888,27,0
774,1404.7092109831494,83,61,0
774,1434.2536688657415,1158,12,0
774,1418.820568890566,1018,30,0
775,190.14293684280386,737,51,0
775,195.12192119703144,535,60,0
775,200.4902249089531,877,16,0
775,201.4412927596394,849,79,1
775,205.72954975504538,1245,68,0
775,215.84192809079963,619,14,0
775,214.89832076917747,776,48,0
775,229.09478340913893,872,8,0
775,229.75001395737382,1171,66,0
775,224.19662266171446,519,64,1
775,242.11933929184656,9,82,0
775,234.15192533117164,648,3,0
775,246.6889563124161,200,28,0
775,239.50792131043931,237,35,0
775,262.0809613298681,314,38,0
775,252.81386962577778,875,36,0
775,277.38367656788614,620,85,0
775,253.7272884789341,199,29,0
775,261.66609038882075,462,71,0
775,272.66730211983344,183,1,1
775,273.9601879240978,640,76,0
775,280.53867344895303,442,56,0
775,304.30563172007555,211,80,0
775,295.7717750444871,235,19,1
775,293.2334202541225,388,68,0
775,299.4498268925232,931,54,0
775,324.0220659103631,569,100,0
775,329.35225325060014,965,60,0
775,308.54260166600443,1281,62,0
775,348.6778261270311,561,52,0
775,338.6659946112059,832,44,0
775,340.84311202741407,1029,92,0
775,361.4304094708319,849,91,0
775,339.4522417280182,1262,76,0
775,341.9340477433628,1072,29,0
775,337.90223364173846,1262,30,0
775,325.27546786648924,92,86,0
775,384.512554730318,718,100,0
775,358.64676863497925,560,79,0
775,342.2073498763508,673,87,0
775,406.9944166564715,1010,11,0
775,368.4269469295857,145,97,0
775,423.81103284465985,523,62,0
775,358.69420906938825,991,14,0
776,540.665739308819,703,68,1
776,576.5427280982867,494,90,0
776,618.7170659201518,466,60,0
776,639.7812322583,53,51,0
776,703.3245411300725,307,82,0
776,728.1355201251736,504,4,0
776,810.6850652507894,1015,19,0
776,849.4789372413964,400,64,0
776,808.1484958799512,117,32,0
776,845.1220279399319,97,40,0
776,934.2548549273433,326,25,0
776,1058.10652042648,1107,77,0
776,988.6703065193307,933,19,0
776,1089.2012727801061,643,4,0
776,1202.8334035167259,701,66,0
776,1085.9133607802619,402,42,0
776,1262.9615954412288,624,12,0
776,1338.1348799600141,222,13,0
776,1167.106904861842,633,20,0
776,1167.5810436205147,134,9,0
776,1440.2104968011736,556,81,0
776,1502.9517465332442,881,26,0
777,291.44468283654527,1145,64,0
777,302.9862773296525,352,37,0
777,316.57612170703703,659,92,0
777,331.6370206347297,268,17,0
777,346.6117834228695,1226,71,0
777,355.00057107376654,467,36,0
777,372.21117164562065,1257,4,0
777,385.1097568865774,538,25,0
777,406.05455598625133,152,42,0
777,413.5158209831616,1398,61,0
777,430.248777807961,1438,17,0
777,426.89082493186595,1236,12,0
777,439.6802410454212,297,40,0
777,469.21562092916434,1253,4,0
777,479.19376705230843,1116,89,0
777,504.1422552155559,609,62,0
777,504.2377024749226,1173,96,0
777,493.21723921259854,832,19,1
777,544.6446201264241,67,95,0
777,560.0510334618263,275,50,0
777,488.13200068785443,310,78,0
777,534.1558890454592,928,85,0
777,567.8127555226584,900,57,0
777,605.8322974446096,1243,33,0
777,545.9665571928997,445,51,0
777,640.7615513927847,433,70,0
777,644.1509980718286,1048,15,0
777,611.8848462075796,763,52,0
777,562.4986773844171,1415,70,0
777,655.1017209890193,1283,56,1
777,608.6499559868745,353,88,0
777,646.6723677224317,95,26,0
777,723.3683751308515,1381,61,0
777,766.6044235342695,258,96,0
777,653.5213732653748,403,48,0
777,682.713443159279,174,20,0
777,802.2137807019828,597,12,0
777,773.7710501825658,789,18,0
777,675.4903770217863,863,91,0
777,763.8644572038593,1421,13,0
777,758.9185460953483,801,74,0
777,692.9810460995186,189,70,0
778,480.1746920086911,1071,44,1
778,503.84435355098526,415,27,0
778,523.0714711654864,1106,18,0
778,550.5143825497312,4,19,0
778,591.9095833048802,518,75,0
778,620.4003064941245,944,72,0
778,613.3417740044742,1411,63,0
778,680.6943456658487,94,38,0
778,690.0339878642271,318,20,0
778,677.7821171976608,1155,21,0
778,718.3446353110531,224,54,0
778,748.6804215747608,582,33,0
778,804.8163010558042,1150,30,0
778,744.5376782035626,312,10,0
778,775.5586841464182,586,20,0
778,891.1082605315698,530,81,0
778,869.9575632582923,349,94,0
778,820.8448502732654,452,54,0
778,869.1639346778677,908,25,0
778,936.2311413342891,346,86,0
778,984.845306993875,807,66,0
778,978.3728747616733,1372,61,0
778,1110.503744521206,18,42,0
778,947.0465205899734,706,81,0
778,1168.7705663470924,1209,39,0
778,1204.3768670910486,930,60,0
778,1211.5609282988075,746,5,0
778,1116.1176325290762,840,14,0
778,1142.4506897815472,586,86,0
778,1199.692539476728,1244,64,0
778,1244.4000886492577,62,72,0
778,1345.5035499321807,726,55,0
778,1150.9519851433497,1398,62,0
778,1358.8001093653384,1215,59,0
778,1342.611213456845,100,95,0
778,1446.6767627620675,99,16,0
779,318.64753627108195,143,35,0
779,329.5534231658757,1055,18,0
779,339.922694185749,1318,21,0
779,361.6094422038288,990,68,0
779,380.7952634487471,529,71,0
779,386.78634276960133,204,84,0
779,387.7735183375996,729,22,0
779,428.7088374696098,928,19,0
779,421.92496311801574,876,88,0
779,453.7316616065548,982,82,0
779,424.2595702749042,1097,90,0
779,481.93619141182546,1078,32,0
779,445.2411608524769,533,62,0
779,516.1617670888337,646,16,0
779,512.2500165056155,51,78,0
779,494.62117792600526,116,6,0
779,550.6771676085945,1271,86,0
779,533.440316462753,669,11,0
779,593.9522200098176,640,14,0
780,261.2878277005991,81,57,0
780,266.31891448555075,231,68,0
780,269.384812886293,1398,58,0
780,272.31305057614463,1419,14,0
780,278.097662528578,1232,21,1
780,286.35340805599617,266,45,0
780,284.67601851878726,799,26,0
780,284.95086562698697,1143,45,0
780,297.3673205315341,1123,76,1
780,299.72029531545377,599,21,0
780,306.5997320166211,1211,65,0
780,307.3530055078528,638,69,0
780,313.8130502316992,1207,93,0
780,305.7016693939424,265,14,0
780,323.3288275065159,1229,84,1
780,318.5528684935838,100,95,0
780,330.64066469581337,316,38,0
780,331.97476623661976,1017,51,0
780,352.242935410422,206,58,0
780,327.93396515735003,95,2,0
780,361.30034095800147,972,95,0
780,352.4111727660079,187,91,0
780,337.6215329207752,685,92,0
780,341.60200487448344,783,2,0
780,346.8576564519418,938,28,0
780,357.24297966326526,211,99,0
780,379.39408006981125,380,1,0
780,386.5524211477998,165,6,0
780,361.63312660950874,1133,31,0
780,366.00184973250987,1272,62,0
780,379.81081357143955,1247,16,0
780,382.91655620314793,661,6,0
780,370.7422097620333,469,86,0
780,391.73555361618844,1136,11,0
780,433.09463239334025,1345,12,0
780,426.9345508476138,1260,86,0
780,422.82952272084015,27,5,0
780,434.1190066407235,1024,96,0
780,413.4820213089753,861,71,0
780,413.18787711959476,184,60,0
780,426.73928010116765,233,89,1
780,447.63457866883664,1358,17,0
780,460.9882190840402,458,72,0
780,428.7437828355372,481,32,0
780,483.00207631872206,860,45,0
780,449.11771628693236,601,16,0
780,417.62810585341504,267,95,0
781,394.2206561670061,848,90,0
781,413.9113547964802,1349,58,0
781,437.98352359128694,1162,91,0
781,449.69182694581724,241,7,0
781,493.1013291168273,321,22,0
781,513.5395368663759,1189,60,0
781,504.2366638281173,332,54,0
781,516.0777870982638,508,32,0
781,587.7285445245495,683,30,0
781,568.210994308397,727,85,0
781,586.9463032083194,1263,3,1
781,657.0780926769393,262,89,0
781,613.5201612519487,959,54,0
781,627.3517689141393,1281,94,0
781,644.0154558387794,577,45,0
781,713.9229162820075,1005,66,0
781,733.593427880554,1201,55,0
781,772.5716963594202,315,87,0
781,843.0538274251846,486,12,0
781,771.6742516437942,81,90,0
781,753.3127353007467,492,12,0
781,786.9896566657515,922,55,0
781,924.6242818224896,200,85,0
781,917.0829027213385,371,26,1
781,976.7160611993452,1259,43,0
781,928.6045165060034,409,41,0
781,948.0531308597629,896,52,0
782,28.876001241693256,496,98,0
782,30.912883331412168,1290,7,0
782,32.22329919893763,596,56,0
782,34.58846154586236,130,4,0
782,35.60829693514449,1280,4,1
782,36.78826547045928,196,41,0
782,39.70436885255215,1039,70,0
782,41.390856909042554,304,65,0
782,43.189206345951824,56,17,0
782,45.71390080290743,53,70,0
782,43.038331209343625,407,88,0
782,47.306974516704564,367,66,0
782,48.21330941557204,923,10,0
782,55.466152852407106,1175,59,0
782,51.34042870772963,739,67,0
782,52.13779794247628,228,20,1
782,53.86261955564922,1225,53,0
782,56.510196583454174,1356,83,0
782,57.27927065299056,826,19,0
782,65.79140767466174,507,48,0
782,57.290907704355945,1282,49,0
782,62.03527927435091,646,98,0
782,68.20658215623624,828,97,1
782,71.10092278777111,462,4,0
782,68.98110239147039,210,74,1
782,70.52072424358863,443,100,0
782,81.8616460788472,725,100,0
782,66.65648840921838,24,94,0
782,80.46571943032154,91,55,0
782,73.75256126552448,813,72,0
782,81.99215106441564,904,26,0
782,82.09025544518144,143,48,0
783,479.21716268269836,1311,59,0
783,495.5517743995835,164,68,0
783,512.9287513734763,496,79,0
783,529.8316614549869,1259,71,0
783,547.5768160756011,409,94,0
783,563.5209983832733,1092,69,0
783,573.2048165682265,653,63,0
783,584.9870514237673,881,49,0
783,617.1490982180217,45,47,0
783,618.9267283980187,155,67,0
783,609.4221569155543,266,81,0
783,626.0960915197247,20,14,0
783,663.0606027211734,156,100,0
783,664.9421548951393,211,57,0
783,662.8083273092584,958,37,0
783,736.5705759471825,1295,2,0
783,700.3050548851162,1,17,0
783,781.9732626013924,303,17,0
783,761.0830750711341,1043,72,0
783,814.6904850998837,1253,78,0
783,776.081942222455,243,42,0
783,745.056539935573,577,72,0
783,745.8254323784945,531,94,0
783,819.4572662203694,1196,68,0
783,819.6650457887738,24,54,0
783,812.8032275058993,661,66,0
783,863.1934470928823,1104,80,0
783,856.4923981206546,252,4,0
783,822.8342422189829,1186,13,0
783,892.8617813620012,807,90,0
783,895.98109305651,707,96,0
783,871.814657189323,871,5,0
783,1033.491339618454,688,48,0
783,921.1259760940525,924,18,0
783,1034.2963482930882,1,76,0
783,958.4182412159997,187,3,1
783,983.5821501739297,718,82,0
783,1139.358355862013,428,34,0
783,938.5128115250859,658,40,0
783,966.8109313133801,1083,93,0
783,1120.7350574605014,47,4,0
784,198.53867635093107,48,86,0
784,202.84826527196975,171,16,0
784,206.95149326091445,776,69,0
784,211.09822027355497,815,9,0
784,217.01409926757742,597,3,0
784,224.74531385858157,887,37,0
784,221.9426077747015,285,32,0
784,223.50896744774224,1168,63,0
784,234.05372368953363,233,83,0
784,233.09160561777855,1264,59,0
784,249.08901053119706,11,35,0
784,239.7138344782936,1171,81,0
784,243.26672932959312,234,92,0
784,254.09293475359337,152,39,0
784,252.40902611067102,792,95,0
784,273.50297117361765,92,66,0
784,282.30439108430403,471,46,1
784,265.0602592294907,440,29,0
784,286.46362957769617,677,33,0
784,279.13695783707374,806,34,0
784,297.4883100535476,1041,89,0
784,297.381429646785,423,92,0
784,308.9921891819923,310,65,0
784,304.9551417691699,712,10,0
784,323.6086500835284,1363,86,0
784,308.94338194760644,641,28,0
784,313.6395627772629,522,37,0
785,411.66809459478145,986,77,0
785,448.10384124745053,1390,5,0
785,480.06792130054805,117,51,0
785,532.1406928988249,244,15,0
785,586.0278443405473,992,50,0
785,608.5637016704121,526,16,0
785,627.0011204243999,195,62,0
785,698.455002642426,336,58,0
785,784.7381420276363,130,4,1
785,718.3387494570313,889,4,0
785,860.0095498346,1092,40,0
785,819.2918270763537,499,74,0
785,979.7917584584712,1182,58,0
785,1017.9156714746315,918,60,0
785,967.4964056017425,550,31,0
785,1043.7466668324312,1151,11,1
785,980.1267607369722,761,45,0
785,1049.0275458220522,507,4,0
785,1028.185977579696,833,50,0
786,994.875179820443,647,14,0
786,1316.9848492597373,1334,79,0
786,1534.2211565605953,1036,91,0
786,1958.0366777447905,94,65,0
786,2463.470237361686,417,6,0
787,371.6679771034531,280,84,0
787,390.2640075614224,980,37,0
787,403.02679235647895,1239,83,0
787,424.2272987005444,448,58,0
787,445.7538521296363,149,69,0
787,454.26969548769426,1018,94,0
787,485.96705550287584,48,79,0
787,486.0998755627735,163,13,0
787,505.34903775876535,1079,24,0
787,542.9076213666922,82,32,0
787,530.0825105829236,1021,71,0
787,560.9020514427997,1365,41,0
787,559.5793728192776,888,8,0
787,581.8800987792823,627,100,0
787,597.5726486446197,1058,1,1
787,613.745453693404,390,90,0
787,595.0412614754441,992,66,0
787,690.01533997967,629,31,0
787,715.5094635718322,895,58,1
787,690.3191866317459,1066,51,0
787,752.2035852967316,70,40,0
787,762.9237293891194,436,35,0
787,720.4833157920632,643,39,1
787,808.5607241499383,1044,14,0
787,730.3161702084012,371,54,0
787,847.1541707088475,1030,87,0
787,838.2759467539986,759,68,0
787,765.3744631962161,742,84,0
788,106.58466534263074,522,58,1
788,112.8484839274437,1129,30,0
788,120.51635054442885,851,84,0
788,123.25750601985827,402,79,0
788,132.4747695881357,1138,75,0
788,139.44250442651588,931,65,0
788,141.20305590386653,886,80,0
788,157.4246545060509,117,33,0
788,158.46590960163118,1366,26,0
788,166.09983804042787,120,83,0
789,542.4277671014029,522,26,0
789,563.8657183642043,402,99,1
789,580.995488672536,82,28,0
789,600.044132510774,310,52,0
789,630.565100161067,622,33,0
789,630.792746956657,8,71,0
789,646.4019197920118,1230,78,0
789,708.6087584974978,1249,4,0
789,732.2884670870086,377,67,0
789,748.8137725715073,1391,3,0
789,729.6022841843134,216,95,0
789,744.5957403722384,421,20,1
789,816.8777176487656,313,73,0
789,787.4194537938251,790,49,0
789,825.2389079265233,809,57,0
789,884.308125514083,169,24,1
789,887.6153589503466,1210,29,0
789,882.5828034683611,656,39,0
789,840.3349800760984,691,79,0
789,927.3101289077363,1398,37,0
789,973.3084522010554,698,42,0
789,970.1072166953918,1341,78,0
789,935.9531790433028,267,94,0
789,1038.2849525735894,356,42,0
789,1098.6437169101364,993,11,0
789,1049.1014881216693,1014,66,0
789,1061.9874889905932,58,12,0
789,999.7413860226336,638,56,0
789,1017.1804769616872,505,50,0
789,1050.981326670463,475,84,0
789,1161.0738784328776,1059,46,0
789,1198.9693565610914,1126,87,0
789,1077.900252389877,426,79,0
789,1235.2423498564394,1412,2,0
789,1199.3737805783353,502,3,0
789,1242.6100463074017,185,54,0
790,880.3697650872566,498,80,0
790,910.0891325704691,1006,47,0
790,940.1293286357014,1185,76,0
790,993.805411609125,1121,20,0
790,1024.8421547250487,618,52,0
790,1051.1334046076736,1252,71,0
790,1072.1898606288612,695,34,0
790,1109.5204487135509,1223,32,0
790,1210.9449667813874,490,21,0
790,1181.7401186121228,1109,41,0
790,1211.2567384805686,57,23,0
790,1296.6033351484489,1035,75,0
790,1362.205659900898,58,26,0
790,1267.1019206078192,22,58,0
790,1446.213179635466,572,97,0
790,1362.6713013367958,359,79,0
790,1394.207832272305,707,31,0
790,1431.069098644654,103,72,0
790,1506.0286288034463,151,73,0
790,1625.2447843613845,1418,47,0
790,1588.2989060363882,760,61,0
790,1503.4046675713648,84,15,0
790,1518.3894916292738,994,55,0
790,1866.5162225375584,314,39,1
790,1651.5969773912043,331,98,0
790,1769.0345324675352,521,61,0
790,1709.8563495491308,214,67,0
790,1676.7490430331136,599,82,0
790,1957.4095025624767,745,7,0
790,1719.5899470953664,885,77,0
790,1787.745783993357,251,6,0
790,1983.3602910078914,940,25,0
790,2151.4844151660504,724,87,1
790,1999.601905324988,1060,80,0
790,2102.562351014888,1371,78,0
790,2113.3060208802535,417,50,0
790,2144.8434435063646,224,89,0
790,2132.940400042511,112,8,1
790,2474.3293639840485,317,43,0
790,2424.9923505144075,209,10,0
790,2526.8792570168307,263,49,0
790,2458.387746969418,801,44,0
790,2335.556097121208,105,6,0
791,274.9779155316366,913,85,0
791,299.5225599131281,233,74,1
791,311.63207315476416,1440,81,1
791,346.0365558378933,123,91,0
791,377.6491063329969,541,8,0
791,368.1173055267493,383,78,0
791,433.0662910467896,94,72,0
791,457.03977373846965,1289,74,0
791,429.6401623864725,160,51,0
791,490.07238487002667,957,65,0
791,537.8509436058853,935,75,0
791,477.8917440345399,1167,76,0
791,542.0333092959291,1420,18,0
791,597.6535382011764,111,14,0
792,672.4147145076059,655,80,0
792,699.0206065141068,1294,95,0
792,741.7527171994954,1143,76,1
792,751.1185303083973,561,47,0
792,817.6016231555441,9,42,0
792,840.7243042015418,708,7,0
792,841.1291822296222,520,97,0
792,870.5770758887334,336,27,0
792,968.4010854778961,426,21,0
792,917.1305506224394,101,43,0
792,954.4176684944495,1317,75,0
792,986.8869640591188,973,90,0
792,1091.0517172867153,1009,85,0
792,1133.66597393097,11,99,0
792,1206.058463579172,85,100,0
792,1106.0071569155477,192,58,0
792,1175.5554559780749,655,65,0
792,1181.3889312167971,120,82,0
792,1333.2946538921715,556,6,0
792,1316.574266075283,563,100,0
792,1283.264807357976,1207,57,0
792,1352.9409566254078,700,16,0
792,1435.8063225648993,698,62,1
793,106.49341172204191,75,31,0
793,111.52734520794344,552,48,0
793,116.14741256186885,1405,71,0
793,117.38427312439832,1409,21,0
793,121.12335887523732,536,51,1
793,131.17274665942836,656,45,0
793,131.7955002501497,580,2,0
793,139.52497658916087,668,83,0
793,144.35723937972884,547,67,0
793,152.3508970300147,92,22,0
793,146.6855982879311,491,30,0
793,155.92646663567638,1259,36,1
793,157.6430640063287,919,87,0
793,157.88288724721065,43,86,0
793,158.02900182108314,860,66,0
793,174.53927327144143,31,61,0
793,191.72443672723378,384,61,0
793,189.5531733726622,61,23,0
793,177.74635174123975,63,82,0
793,192.72163944993088,1273,66,0
793,207.8320241320453,480,25,0
793,211.66707266216252,575,22,0
793,207.07295348284615,145,7,0
793,192.66772270867443,705,49,0
793,211.28322338402052,462,14,0
793,226.04563072938163,243,45,0
793,239.12229550631415,1044,55,0
793,243.79819494167438,1239,86,0
793,233.0614427331788,577,60,0
793,261.708388246798,405,16,0
793,235.4398495781735,1059,48,0
793,246.34547791153156,15,4,0
793,260.20350474347185,914,95,0
793,262.774144571481,1194,31,0
793,264.0965071897441,976,64,0
793,283.16470967720153,831,92,0
793,258.7413210083207,846,87,0
793,296.288040784091,355,78,0
793,307.0177777046238,794,36,0
793,271.2577804102851,377,95,0
793,319.83417986493214,274,82,0
793,273.98199364780436,1225,27,0
793,313.89979501149605,1139,9,0
793,305.35582603022993,1408,100,0
793,310.2456750368255,1241,46,0
793,276.4590746430134,824,13,0
793,351.35120708867635,844,17,0
794,646.934603335031,1337,19,0
794,695.0685888318352,492,81,0
794,735.4921289319853,1070,76,0
794,791.2332326447886,350,29,0
794,853.7269582989754,695,95,0
794,902.0089144284776,265,41,0
794,943.1727943902059,1315,27,0
794,924.0322824397615,357,19,0
794,979.2096578718719,1326,13,0
794,1077.627912225218,1152,9,0
794,1147.675537251932,1109,65,0
794,1219.7000262666897,1141,49,0
794,1273.8033250596482,499,31,0
794,1162.5952406095219,175,37,0
794,1299.9132896972415,62,49,0
794,1262.2708652202703,514,99,0
794,1372.9768197799833,71,51,0
794,1312.3073794749685,1397,46,0
794,1576.3784767233685,1361,59,0
794,1498.1561763539926,460,20,0
794,1555.223466443519,1064,90,0
794,1502.2105659560232,1336,62,0
794,1517.4893059912465,881,63,0
794,1694.1202803623792,126,27,0
794,1811.1821636459258,859,97,0
794,1840.5469741108027,1254,18,0
794,1619.1893817316295,88,76,0
794,1900.0232377244456,1342,20,0
795,344.651363596578,286,4,0
795,353.88171001559664,853,35,0
795,364.96769277378525,60,8,0
795,368.071634603118,597,12,0
795,386.94153288251016,534,19,0
795,384.2829007010566,552,71,0
795,399.99221182692406,253,46,0
795,402.20313143094677,1074,62,0
795,417.08590981662235,869,10,1
795,429.94911270092,485,35,0
795,448.06779370935146,1387,92,0
795,434.39954121346625,9,72,0
795,435.38105923992896,783,31,0
795,468.5702469277087,451,34,0
795,483.82789559060717,744,39,0
795,472.90641855858064,393,63,0
795,466.77643979112804,788,64,0
795,523.7349420667613,263,92,0
795,529.208414210208,287,87,0
795,550.9340287482139,1148,57,0
795,545.819107677284,109,75,0
796,149.70133906166234,476,78,0
796,152.86121692887806,833,75,0
796,156.39145410782126,1081,21,0
796,160.65405470665075,554,57,0
796,160.91411783699888,922,43,0
796,164.58977079942423,514,97,0
796,167.73120842026452,297,74,0
796,168.8846220195776,1066,51,0
796,179.34815649236677,586,26,0
796,177.14982073814258,380,41,0
796,178.7424940820726,1215,57,0
796,187.0061629360257,906,56,0
796,184.562091531941,371,11,0
796,194.73885065299874,936,57,0
796,192.49021579182045,621,43,0
796,199.2081883432179,1155,86,0
796,206.11734710818502,426,77,0
796,196.66797301449816,628,2,0
796,208.71839063137162,343,83,0
796,204.26596031080797,93,40,0
796,222.7246412142024,1081,10,0
796,227.88318151714358,1087,35,0
796,225.0688191757159,6,21,0
796,213.23259132407708,996,37,0
796,235.62676685447067,458,56,0
796,229.28556317763378,985,10,0
796,240.02616245351265,47,75,0
796,219.2833369505624,110,41,0
796,226.07533288225943,1113,35,1
796,252.5354048840424,321,4,0
796,243.3473664483627,621,75,0
796,259.2667016722052,1383,75,0
796,256.538053796753,438,44,0
796,265.9147592651977,1343,70,0
796,264.288776742955,847,65,1
796,263.12593758895264,237,54,0
796,269.1698530271162,1061,94,0
796,266.03666381201606,657,79,0
796,287.24345175256775,30,77,0
796,295.2417863633131,845,38,0
797,822.3916140504558,681,49,0
797,876.5627884666831,592,84,1
797,910.6258733415972,1288,45,0
797,995.4781396410153,1176,87,0
797,1032.23334524697,11,79,0
797,1055.716018658679,1299,84,0
797,1207.7211071419779,1153,92,0
797,1273.893195024972,552,62,0
797,1211.5321718216317,1152,39,0
797,1237.06089216722,45,20,0
797,1458.6009607640135,78,12,0
797,1444.1862126693438,431,2,0
797,1515.9594821421642,578,10,0
797,1470.5966566198451,1077,21,0
797,1655.1428543060274,485,35,0
797,1532.2897118609899,1095,83,0
797,1716.1769667921556,765,10,0
797,1658.0202402862571,1283,10,0
797,1713.6778458474348,522,38,0
797,2008.6638143019081,180,84,0
797,1913.9411274177014,5,12,0
798,737.1926383396224,722,36,0
798,753.9385864072469,17,51,0
798,778.2757666620635,1368,65,0
798,790.9733819066887,1170,66,0
798,803.7203936679537,558,11,0
798,846.7677256633169,1182,95,0
798,864.0838421175887,1382,97,0
798,883.8439508045757,23,16,0
798,868.4286141085887,765,14,0
798,924.4573024675742,584,28,0
798,947.7775841816035,1415,31,0
798,990.3227138948877,1390,96,0
798,954.9508243220005,843,9,0
798,1043.9477228095936,1069,5,0
798,1026.332862093426,1200,98,0
798,1017.6049076477436,625,74,0
798,1013.2082307914425,256,2,0
798,1084.4465852066235,430,44,0
798,1145.5685790444445,11,91,0
798,1134.8126367472391,414,50,0
798,1109.2052713026733,1405,30,0
798,1214.9038738851486,1419,73,0
798,1217.6223382511157,85,34,0
798,1213.5996213437481,1259,6,0
799,416.10700929343886,1244,52,0
799,425.87676743941523,1215,86,0
799,434.45182943053084,579,4,0
799,437.59115638119926,217,92,0
799,453.6040334383053,828,16,0
799,457.2298508653697,967,98,0
799,456.64993779527515,643,17,1
799,468.5134824116514,1011,43,0
799,469.710047638177,455,69,0
799,478.78763834658685,119,24,0
799,487.4556242179766,1254,36,0
799,503.9344697391735,1247,10,0
799,531.8223544863931,164,92,0
799,527.8132575366551,189,20,0
799,546.3854071277699,506,52,0
799,548.445224544893,107,21,0
799,561.7578598761991,1080,89,0
799,539.7724046883002,576,15,0
799,592.012073012036,1036,40,1
799,598.7708217850062,504,17,0
799,562.5759979632982,1141,19,0
799,589.280292395422,1142,56,0
799,599.9949296675813,175,76,0
799,588.8897517057726,361,66,0
799,598.5009297943867,791,64,0
799,598.5704548201284,378,6,0
799,613.8175887467178,380,33,0
799,654.0387438664586,697,44,0
799,680.4089102610995,1207,11,0
799,689.1664361604052,659,80,0
799,690.5077954191415,722,92,0
799,689.9328488062308,1282,27,0
799,712.9899495529121,633,4,0
799,650.7702686391293,1180,21,0
799,725.193630236274,979,1,0
799,669.3707581333556,735,88,0
799,714.4352626676757,1136,9,0
799,699.6081067629148,1364,85,0
799,732.2931389619853,353,45,0
799,786.9382577492793,1258,49,0
799,748.8258199495831,225,33,0
799,728.6456732143711,1367,32,0
799,772.8495164779308,700,76,0
799,819.7292417722354,164,36,0
799,791.2796162620593,832,16,0
800,403.05291386288457,1120,16,0
800,467.098434132425,1101,16,0
800,565.3728476990593,968,54,0
800,611.3614307428699,387,68,0
800,689.547401399294,1280,23,0
800,700.8179696509819,476,98,0
800,814.5014416910899,465,39,0
800,832.5424360959703,89,11,0
800,1023.0929428511962,1348,67,0
800,959.0574564150475,627,76,0
800,1029.979527912541,216,91,0
801,937.5021799702408,262,36,0
801,1004.9900668249511,886,48,0
801,1096.2196254348514,1288,48,0
801,1178.6779712821972,1224,49,0
801,1227.5876386431933,690,44,0
801,1316.7364031898096,768,85,0
801,1451.6291848546953,1298,37,1
801,1464.712981340677,414,87,0
801,1478.16414921922,1030,22,0
801,1688.3976055622236,1089,2,1
801,1702.5202275641345,448,52,0
801,1746.7513678851142,1288,92,1
801,1880.2744153220274,472,72,0
801,1785.4909768694226,1086,16,0
801,1961.5991503071107,508,97,0
801,2225.1887310159664,661,92,1
801,2075.395892140671,662,33,0
801,2076.267520625385,1163,17,0
801,2601.9708284376115,1152,19,0
801,2439.0578262909453,810,5,0
802,547.3631433649249,747,43,0
802,592.7577795661466,537,75,0
802,637.169262869864,137,8,0
802,693.4662384849615,82,91,0
802,712.6634578027694,1392,84,0
802,781.7032876695716,1022,49,0
802,799.2451946309013,435,77,0
802,890.3105916018112,248,76,0
802,996.5892762602055,825,58,0
802,953.4026907065734,659,2,0
802,1075.6435598085798,969,58,0
802,1152.262522739603,11,42,0
802,1156.1283971645237,1422,49,0
802,1232.3260825519228,449,8,0
802,1261.1085849083843,575,48,0
802,1240.469075142877,738,60,0
802,1192.8444613012007,966,90,0
802,1307.289457992661,749,69,0
802,1384.5470181530088,969,46,0
802,1559.9298446921762,1230,1,0
802,1434.314272465545,872,35,0
803,297.1996119230715,747,13,0
803,315.5003047394187,1192,46,0
803,324.66547602136563,93,27,0
803,351.99056092471955,84,70,0
803,372.15157595636754,457,14,0
803,388.45830143448455,313,19,0
803,397.3277971446032,745,96,1
803,412.4212091957046,1000,8,0
803,424.92947548680087,140,57,1
803,437.0256478745025,763,73,0
803,487.5294997213181,646,37,0
803,450.52549080032304,482,24,0
803,455.9175358971319,854,96,0
803,481.4090601542407,1083,73,0
803,537.6498629301107,356,51,0
803,570.6451722382117,561,100,0
803,571.4325306131904,874,85,0
803,517.606442530518,1372,34,0
803,530.7804208014543,1413,71,0
803,594.7177314289261,573,99,0
803,649.6036963328081,1254,20,0
803,687.2166419996498,799,1,0
803,711.126474988353,1333,99,0
803,635.0095100239791,1347,83,0
803,663.006831371427,770,77,0
803,674.9572706974748,113,92,0
803,669.9083358479019,153,6,0
803,697.9365419589824,405,54,0
803,830.8101979934795,357,37,1
804,414.1929887914092,142,85,0
804,422.0050864847365,222,41,0
804,430.7667974200449,1228,16,0
804,436.317065204019,1017,76,0
804,453.93397265141226,36,3,0
804,458.51811605850713,858,27,0
804,466.8177502773756,1305,79,0
804,464.1848082811971,1436,58,0
804,482.9333553928596,765,31,0
804,504.4417082868517,107,16,0
804,514.4741091109458,1284,34,0
804,503.81681023152265,135,17,0
804,499.62349276056074,651,52,0
804,521.6142188476041,350,54,0
804,538.9498012488582,1437,65,0
804,563.5215512993643,235,85,0
804,542.5840851400056,1187,54,0
804,545.4659229636242,45,93,0
804,555.6583915086572,250,26,0
804,608.2051867917296,332,56,0
804,601.801665165885,315,58,0
804,628.250192505639,212,45,0
804,595.1639536230967,241,8,0
804,617.736302016861,95,80,0
804,582.7994511507776,885,83,0
804,655.9425496210263,593,71,0
804,610.3456579974023,301,21,0
804,690.9749573509848,690,77,0
804,666.4634833310377,341,49,0
804,648.3636483036341,1249,63,0
804,670.4235175262659,314,20,0
804,659.6062241781727,282,50,0
804,670.104774558309,618,89,0
804,730.769537392437,224,100,0
804,745.2633770811491,470,31,0
804,719.5875109650943,346,91,0
804,783.4864377992612,7,7,0
804,765.2449798765879,1356,96,1
804,740.4685896595186,285,37,0
804,714.7802294565583,1253,88,0
804,735.6663685461492,948,73,0
804,748.7821284612291,591,95,0
804,768.6951794402526,568,53,0
804,827.9959434000232,796,66,0
804,747.8140332367019,223,54,0
804,766.0715661007496,1176,50,0
804,854.5844414202575,1238,9,0
804,797.1461911771981,291,61,0
804,842.6106787922263,91,7,0
804,871.0455177928419,1017,48,0
805,516.8016744093545,552,89,0
805,554.929098453629,665,77,0
805,584.4821091714176,888,97,0
805,661.920394863289,1400,32,0
805,706.2686479184948,60,20,0
805,738.9207146028386,246,99,0
805,780.6179322357041,471,55,0
805,766.4899176268367,1355,91,0
805,788.8140651882308,748,27,0
805,953.5042244508846,2,47,0
805,987.9627497925499,824,16,0
805,903.8843842416555,325,67,0
805,970.2974109547965,449,52,0
805,1082.6440208215204,313,83,0
806,833.5819503316704,419,41,0
806,870.2537595414672,83,26,0
806,916.7123639035844,1402,77,0
806,944.1313223750374,1400,54,0
806,1006.4992703620542,328,62,0
806,1006.7158040371453,169,11,0
806,1084.037259183221,394,11,0
806,1092.593662861872,235,39,0
806,1095.7971526062147,1436,99,0
806,1187.249529209324,960,69,0
806,1248.217014620754,211,92,0
806,1227.558754188099,257,80,0
806,1353.889348800882,744,43,0
806,1337.1443919190542,766,32,0
806,1458.6309164359704,425,27,0
806,1512.567182925921,388,100,0
806,1444.037908039607,430,37,0
806,1444.8398011015825,178,48,0
806,1517.1232388273743,1304,62,0
806,1643.499176471033,1243,62,0
806,1786.9859082442326,1320,12,0
806,1640.1914058127725,655,36,0
806,1583.065785622501,893,29,0
806,1784.8345922821436,1219,14,0
806,1617.4134813354322,795,74,0
806,1880.507796952461,838,13,0
806,1841.1542370289349,691,1,0
806,1900.4286811894517,1224,63,0
806,1933.3302394551304,1017,21,0
806,2002.3001684307187,730,81,1
806,2069.102555121368,127,37,0
806,2054.2482858849335,712,7,0
806,2192.2183930939723,580,94,0
806,2106.159692036747,412,22,0
806,2132.5680366160987,1253,58,0
806,2045.1879762396115,893,29,0
807,668.0610917399727,807,10,0
807,700.109132545272,334,20,0
807,713.3657532740317,633,95,0
807,737.5011634011396,819,53,0
807,785.824921473708,475,5,0
807,775.8887786299515,1394,91,0
807,855.6546845521459,895,32,0
807,840.8352289676974,266,98,0
807,870.7749148521457,612,69,0
807,956.8179173117159,327,40,0
807,946.4772729587534,281,84,0
807,952.3865006716146,525,76,0
807,1001.7649527411921,673,82,0
807,996.5834473228705,1265,8,1
807,1066.4704542071408,308,69,1
807,1111.8874861301226,15,83,0
807,1180.3699525811694,1101,36,0
807,1074.941894404938,963,99,0
807,1076.2792313629889,1390,77,0
807,1180.3438133214986,425,95,0
807,1117.5267347931388,544,96,0
807,1173.1526851234698,449,61,0
807,1267.1768977676834,813,99,0
808,749.1413227425105,651,88,0
808,766.845003361844,534,75,1
808,780.8980667426322,1051,37,0
808,803.7533862565065,1134,11,0
808,835.4863488620846,1375,6,0
808,842.4610118617632,1008,36,0
808,880.8257782938771,1274,99,0
808,882.9146566291697,1359,18,0
808,913.6277672060219,1094,100,0
808,931.8543940133256,441,23,0
808,951.0236468596279,1334,79,0
808,917.5300189029631,1294,65,0
808,959.4133051854269,1277,47,0
808,1025.300444537323,742,71,0
808,983.9656994365612,368,57,0
808,1069.2411598283,930,67,0
808,1054.3863089642045,220,87,0
808,1113.0496528566096,874,35,0
808,1128.9766280861618,902,54,0
808,1119.6607847018026,1349,52,1
808,1097.1224633005843,647,19,0
808,1199.5003843988059,1235,79,0
808,1188.4209917101894,1197,21,0
808,1161.2643402795684,913,53,0
808,1165.332260016037,668,19,1
808,1298.0791068948674,913,56,0
808,1302.2041958981763,734,25,0
808,1159.0542472597615,181,69,0
808,1228.490622845272,362,76,0
808,1285.2146587492093,1287,42,0
808,1339.2949870125133,581,34,0
808,1362.790257083424,219,21,0
808,1262.7164472323807,86,58,0
808,1237.336920567155,250,81,0
808,1269.5899009279328,19,26,0
808,1512.4754314413806,1213,58,0
808,1445.963237315383,103,59,0
808,1498.699807612962,357,17,0
808,1469.7513825639196,1380,5,0
808,1354.4957888125796,419,41,0
808,1386.93278177293,518,73,0
808,1474.897343965752,274,60,0
808,1468.4250777058173,712,88,0
808,1510.1480980965982,23,93,0
809,522.0000390893732,884,24,0
809,553.6664971780688,978,43,0
809,576.8635208548055,263,30,0
809,619.999780877361,1182,74,0
809,643.8111298806925,1033,92,0
809,688.847913634207,999,48,0
809,706.4679455807889,180,10,0
809,752.241637506142,811,71,0
809,765.6746914725645,1003,95,0
809,812.4004860644059,607,11,0
809,812.7085953062004,509,9,0
809,844.3887385460005,1019,14,0
809,918.2351096193115,20,52,0
809,863.9673071094351,886,3,0
809,879.3207185191466,158,43,0
809,1009.8387423686349,390,77,0
809,941.5327057094319,278,26,0
809,1083.65863317102,916,99,0
809,979.1997278583731,1153,30,0
809,997.5934679176995,1088,39,0
809,1092.1374793907617,846,31,1
809,1038.83419132288,1008,42,0
809,1242.1344232748133,1318,27,0
810,769.3302597961258,313,23,0
810,923.1155135888038,1414,84,0
810,1066.6813312127954,680,72,0
810,1180.5993875034198,1234,35,0
810,1278.1371877312931,249,75,0
810,1350.658342220489,294,43,0
810,1605.859000363785,747,19,0
811,154.73105315029522,466,4,0
811,163.64792669082442,79,24,0
811,169.11880397624685,1148,97,0
811,180.11997737865613,927,41,0
811,187.86458945914003,591,33,0
811,197.40978489008845,178,16,0
811,207.58361954336783,184,3,0
811,211.6870754636414,1205,43,0
811,216.851121945694,18,34,0
811,214.8300357187302,59,46,0
811,241.22820901016576,1245,25,1
811,259.12235480336335,402,78,0
811,254.5476477648847,609,40,0
811,258.9050980875635,1329,40,0
811,262.21775269352736,1348,24,1
811,263.9153444216896,731,43,0
811,286.1408297810606,1435,43,0
811,309.8147406819309,1061,91,0
812,106.00594506944232,7,87,0
812,111.20916287058465,1147,100,0
812,115.37737177114555,846,48,0
812,119.27438984230646,291,11,0
812,125.11147536419423,203,64,0
812,130.06066437874182,594,69,0
812,131.17432902158998,1128,89,0
812,131.43760611556186,384,8,0
812,140.27957885614774,648,41,0
812,144.27704849458513,303,41,0
812,151.3912668926788,342,44,0
812,152.85631769887345,935,40,0
812,159.553664206691,1148,99,0
812,169.62470912336852,27,9,0
812,155.9831493766938,108,83,0
812,181.67980553012842,1249,36,0
812,164.58612768700206,1189,21,0
812,173.26504519460565,780,85,0
812,180.74725915180818,291,73,0
812,193.8780127604786,280,31,0
812,183.81266490439128,438,50,0
812,181.78043315746737,1202,100,0
812,220.08881802379466,810,62,0
812,189.48193245600208,639,2,0
812,200.02078705883773,96,43,0
812,217.4795350539868,733,85,0
812,244.58811824938817,1294,89,0
812,212.40808494677947,1304,3,0
812,225.43794443311023,1256,35,0
812,258.2495627096242,1433,17,0
812,244.81599014131098,100,41,0
812,232.71305234891918,1284,55,0
812,269.6052591396225,616,46,0
812,234.95485128966402,369,46,0
812,286.7798528687132,1298,55,1
812,282.6330461533084,1432,83,0
812,252.3191204548039,518,31,0
812,280.6159645929566,761,17,0
813,757.4539282152422,83,24,0
813,787.4250573725825,627,70,0
813,799.9900748107335,232,26,0
813,823.6337574552603,476,11,0
813,872.3023894761818,341,36,0
813,911.8810031625611,1032,60,0
813,909.596325755498,386,40,0
813,922.8198276036685,938,33,0
813,991.3601220626005,1381,24,0
813,959.9197516193487,1092,56,0
813,972.9046111476175,572,28,0
813,1058.5085276443724,85,20,0
813,1125.357329165591,863,68,0
813,1143.6636542016495,897,88,0
813,1177.3356892583406,1165,69,0
813,1111.8202714850781,833,62,0
813,1210.4852511540248,24,5,0
813,1245.500490866117,64,85,0
813,1211.377614469601,343,41,0
813,1295.6656817253581,954,79,0
813,1220.5580162967062,134,85,0
813,1281.9678002497037,211,81,0
813,1288.0264959263482,412,75,0
813,1394.6137985190644,1179,92,0
813,1492.0990101392501,268,95,0
813,1518.7755570217491,1440,22,1
813,1400.2438944183018,838,81,1
813,1367.9576302852906,700,31,0
813,1388.851927610444,1226,36,1
813,1465.665000937477,993,47,0
813,1535.006212696941,805,100,0
814,993.5963790210873,17,82,1
814,1011.9920160780558,389,5,0
814,1033.4602844231192,1280,71,0
814,1043.352561370479,565,36,0
814,1058.9595364009315,616,4,0
814,1061.813066446839,1153,38,0
814,1092.565176609523,1373,18,0
814,1092.5170221185283,838,15,0
814,1132.0568103294959,710,47,0
814,1149.2237392202233,546,97,0
814,1148.7762095007702,747,93,0
814,1150.1330625671142,701,10,0
814,1187.263550941234,955,72,0
814,1209.543688989274,582,92,0
814,1212.0073169332136,1095,34,0
814,1285.4416486538744,1333,99,0
814,1264.182891721199,45,2,0
814,1319.4000624672658,603,41,0
814,1243.861581302614,728,86,0
814,1285.8604178693236,1306,69,0
814,1300.5896153530193,612,13,0
814,1370.635332632119,1425,88,0
814,1313.0488282492183,860,7,0
814,1416.0166585295071,655,85,0
814,1359.5982019221422,1363,87,1
814,1428.0584908547335,702,11,0
814,1407.3979552935516,607,29,0
814,1446.0422429447813,16,51,0
814,1512.108175414819,223,11,0
814,1451.9419417736342,341,2,0
814,1406.1240337281138,317,57,0
814,1598.7671687141876,280,76,0
814,1569.2053318519006,664,33,0
814,1555.7254271090542,420,61,0
814,1462.103578058547,270,78,0
814,1609.8180344868001,1103,18,0
814,1556.1195809579951,1177,30,0
814,1556.644263833668,841,74,0
815,395.96295749443357,624,80,0
815,413.8661480780665,1252,62,0
815,428.1493911148686,1413,34,0
815,439.42962588976656,197,23,0
815,452.6492774715497,142,90,0
815,486.7395650702498,854,32,0
815,512.9650910631451,1054,13,0
815,492.4024469544545,613,25,0
815,542.8641914303614,963,28,0
815,579.1297469151132,1138,57,0
815,596.2702918919618,315,88,0
815,611.2605028468527,1175,88,0
815,615.0277718873847,125,72,0
815,594.2245798008763,141,35,0
815,651.2366551010616,305,17,0
815,654.6006070281449,615,57,0
815,630.2196294843015,1253,68,0
815,666.7479190057497,1331,41,1
815,665.8072134129775,685,95,0
815,771.2724585009753,947,50,0
815,716.8274310093555,122,80,1
815,810.2732865476213,875,53,0
815,763.6254529397759,552,9,0
815,833.9439077827153,226,63,0
815,835.7435189543369,479,15,0
815,752.3569776663974,808,22,0
815,793.3589173084554,1420,21,0
815,777.2657188465992,29,20,0
815,942.9659537825355,1211,28,0
815,850.404568371612,728,89,1
815,990.4769107639664,238,37,0
815,922.2201074664144,720,26,0
815,983.8147786338926,1336,31,0
815,1017.7234446429036,199,94,0
815,949.7693918020159,1275,10,0
815,993.8214405356968,548,96,0
815,953.1291175574637,1422,42,0
815,951.0222631125412,1388,39,0
815,974.6918984494506,359,89,0
815,1046.6920074233642,781,56,0
815,1011.6927989524722,246,94,0
815,1130.636809535571,1360,50,0
816,934.6075133748731,547,4,0
816,965.1552569693248,1338,8,0
816,1003.5253114956812,825,10,0
816,1049.1411523389968,740,24,1
816,1107.1813388160872,474,21,0
816,1130.8900856381997,635,23,0
816,1168.8035722183004,723,70,0
816,1168.734884441487,1018,73,0
816,1201.0343572653028,10,22,0
816,1237.0139108551807,6,1,0
816,1366.4495805101883,50,67,0
816,1386.811601458805,964,90,0
816,1413.754973625846,525,13,1
816,1450.4625584378177,1419,22,0
816,1494.5553985034803,555,24,0
816,1453.105694971388,1417,15,0
816,1496.9698386300333,602,15,0
816,1560.2713192870044,941,38,0
816,1566.0308380395275,1260,11,0
816,1524.9960284220574,849,85,0
816,1751.622406536796,1249,45,0
816,1607.9586111170106,524,6,0
816,1839.41403771099,851,72,0
816,1878.0029957142951,1078,50,0
816,1672.2900362383189,418,74,0
816,1758.708923052557,404,69,0
816,2067.4174733243735,238,37,0
816,1812.6110325562329,1166,25,0
816,2014.6305891906163,47,20,0
817,449.86637975504203,1201,65,0
817,566.7437773255903,1188,25,0
817,672.2842474833178,346,45,0
817,699.9845741196162,131,72,0
817,844.4127874708022,435,94,0
817,950.5069003551719,536,25,0
817,966.9303963577652,454,41,0
818,498.5009483470173,689,7,0
818,523.0150817341148,505,22,0
818,532.7223271293266,1433,69,0
818,557.5784641648265,384,66,0
818,598.6575134704392,280,64,0
818,619.9351586820152,830,44,0
818,622.8031212648106,1141,72,0
818,641.2617910401448,304,19,0
818,683.4178044190821,201,58,0
818,723.1210264100137,557,95,0
818,717.5430536325634,342,45,0
818,709.1082790517053,426,66,0
818,702.3705532844201,620,64,0
818,717.1922910339638,664,93,0
818,810.8834044146286,630,45,0
818,865.7655448972138,902,97,0
818,876.6039524746705,725,4,0
818,863.116213272456,1281,44,0
818,800.8902841413094,8,52,0
818,840.0578898500981,154,19,0
818,947.0638421746976,389,89,0
818,1023.6227409603109,813,83,0
818,1017.6870834198085,1183,17,0
818,1015.33145078799,723,24,0
818,1020.0876460138786,389,55,0
818,1050.8180130435912,1268,55,0
818,1025.3320918913082,1221,11,0
818,1021.5179790156146,636,31,0
818,1053.5871204036177,1310,52,0
818,1195.802662602908,1440,10,0
818,1087.0159989818874,1149,83,0
818,1088.3578762828834,705,93,0
818,1071.8822440973668,841,60,0
818,1084.4136450795238,1041,52,0
818,1262.4310070322033,881,76,0
818,1254.5801782022459,606,97,0
818,1379.5132817303645,672,82,0
819,148.63021582452626,184,57,0
819,157.168842306754,393,13,0
819,166.3292086594865,320,40,0
819,171.59865909335957,685,54,0
819,187.68844070083813,373,3,0
819,191.78497536575475,1094,53,0
819,199.22392131860855,475,49,0
819,202.78439022592482,171,29,0
819,222.43323782447902,673,25,0
819,220.87523135982553,1348,37,0
819,252.32368293515628,315,86,0
819,229.21622296492671,613,50,0
819,261.8873587929319,1093,39,0
819,243.84305744220794,353,51,0
819,278.0611141600258,431,73,0
819,275.0944036515397,227,87,0
819,301.5262909530403,156,68,0
819,282.69122254395364,436,11,0
819,312.46439979970575,1428,30,0
819,313.3395772598818,830,59,0
820,829.6055552009295,382,26,0
820,852.4608930678779,958,84,0
820,876.2418817525726,638,91,0
820,894.2426860486358,859,36,0
820,916.2904321148058,801,14,0
820,923.2764694591012,877,98,0
820,946.262659976707,210,36,0
820,943.8871984325012,771,84,0
820,1011.727848462644,1407,80,0
820,1022.5418975240657,76,24,0
820,1013.9124260683511,357,70,0
820,1035.9708121703552,1073,1,0
820,1118.225575290824,172,25,0
820,1081.557256607034,746,86,0
820,1134.7412431677776,355,96,0
820,1163.3820762951846,814,21,1
820,1122.9384115461216,746,1,0
820,1156.4599098239646,75,50,0
820,1239.9003859750603,1213,52,0
820,1207.5707312420898,1214,35,0
820,1164.0666114533246,1378,77,0
820,1177.637203272405,1311,25,0
820,1249.2120436634448,1171,29,0
820,1248.3595119110573,993,90,0
820,1240.0022724422574,982,81,0
820,1318.8952646136377,1325,39,0
820,1318.732198023593,856,47,0
820,1372.0853332112642,850,25,0
820,1341.0246485308285,1360,78,0
820,1308.6059100421016,643,62,0
820,1479.6699050234095,1341,38,0
820,1581.58012710284,187,78,0
820,1498.2035500084116,1277,93,0
820,1403.1376669224485,25,51,0
820,1420.3172500436044,1013,73,0
820,1611.334494092344,795,85,0
820,1558.8489241248308,955,16,0
820,1635.506932081969,817,73,0
820,1497.7448207127109,161,30,0
820,1639.428805847884,1129,81,0
820,1527.2260720043273,110,37,0
820,1695.7349072746642,1131,36,0
820,1575.028660850775,176,98,0
820,1820.074788819209,383,15,0
820,1585.1289415489418,194,43,0
820,1581.068322356156,118,25,0
820,1672.1889848771175,816,68,0
820,1867.221122297051,475,29,0
820,1771.6783272102484,48,71,0
821,325.35822963117147,490,45,0
821,331.48450174443354,223,14,0
821,337.52494763357976,1271,66,0
821,341.6608982088286,652,45,0
821,351.44145296306704,1023,50,0
821,355.09642709156935,1085,63,1
821,370.5633191320846,879,35,0
821,371.42740978544737,911,64,0
821,383.2239411439576,882,19,0
821,377.55519644313966,783,52,0
821,401.88251996208317,467,50,0
821,410.4347876002389,1408,41,0
821,407.86229275181216,1321,64,0
821,397.63858625923615,1156,39,0
821,433.91145533044016,853,95,0
821,443.2114272661422,481,34,1
821,448.578330753379,214,81,0
821,418.9890190318637,650,56,0
821,428.8806783680728,990,53,0
821,443.2920694542076,385,1,0
821,473.50198196495114,260,70,0
821,475.83276609396887,1181,47,0
821,449.63341390874575,1415,41,1
821,459.88505045106206,1433,47,0
821,483.66743730494966,1133,26,0
821,505.95039711965,1196,87,0
821,469.81020216254285,771,58,0
821,489.97178881185914,1343,15,0
821,549.5611435431267,71,13,0
821,489.46939431996475,1420,34,0
821,521.3858172572167,28,21,0
821,542.3572905978982,1340,60,0
821,530.7856661538142,550,35,0
821,553.2400705307253,874,75,0
821,545.8356083254181,1197,64,0
821,516.3700378359379,126,58,0
821,578.6533951863935,1176,13,0
821,595.2274795959074,476,38,0
821,571.5151795724029,6,74,0
821,583.9067245000158,38,41,0
821,575.8008796045071,1351,58,0
821,611.7401268131241,991,67,0
821,566.1995439087875,789,7,0
821,667.5444724568085,172,47,0
822,462.8238902237786,767,16,0
822,494.1243189428381,501,24,0
822,545.624896211255,104,75,0
822,581.5419796074909,1350,57,0
822,576.579143522974,1350,71,0
822,663.2934529194583,374,5,0
822,704.7055064522665,1320,55,0
822,729.5029724107928,1058,45,0
822,751.7448950498972,974,74,1
822,838.064680966068,442,84,0
822,829.6764452819708,915,80,0
822,906.5032646265062,747,61,0
822,863.2806750596603,3,14,0
823,243.04891264668993,957,76,0
823,252.97871115638608,838,38,0
823,262.8470756453029,614,84,0
823,263.3614537424357,648,30,0
823,280.73833846199904,964,57,0
823,277.9894315801866,1017,9,0
823,298.69336473225826,1319,22,0
823,302.91367545576475,1071,49,0
823,302.4443634331052,431,35,0
823,304.90754002415304,236,70,1
823,338.5580142323108,858,44,0
823,336.83516426544907,804,9,0
823,350.3341782390817,1400,77,0
823,346.5094844742929,282,87,0
823,370.52888462946754,518,75,0
823,379.8138510806217,726,18,0
823,361.0241134826251,1221,79,0
823,374.14164597847207,1294,41,0
823,390.41988493921656,200,98,0
823,408.14004307000107,778,20,1
823,379.5418021639058,724,77,0
823,398.19290452304597,949,93,0
823,420.639269174857,773,42,0
823,439.6908075701431,494,20,0
823,422.93174305072534,251,66,0
823,482.19804644418286,492,28,0
823,464.0203765551879,880,81,1
823,428.1864563505146,832,57,0
823,444.72728526829917,140,68,0
823,523.452436180311,1440,13,0
823,501.29864898836837,226,33,1
823,480.3925366522411,472,91,0
823,506.9281522466851,334,86,0
823,502.8601814217007,974,53,0
823,518.421477005036,1437,81,0
823,535.7865748398781,1055,30,0
823,572.6045079801286,418,94,1
823,594.6645556812535,1365,36,0
823,521.9399090867383,933,18,0
823,550.5887973647148,571,96,0
823,593.8799851607471,1035,30,0
823,592.5322455731462,281,84,0
823,552.896602940403,201,5,0
823,589.2817909507096,1356,90,0
823,559.9874828235693,1180,50,0
823,656.6475533669404,306,24,0
823,570.086134133815,115,10,0
824,733.1274939866418,528,58,0
824,752.1875159511424,463,32,0
824,770.3164103444835,1410,31,1
824,786.6511313286491,112,48,0
824,806.8882088724296,611,64,0
824,835.4171959781559,628,45,0
824,858.4086473600161,1089,22,0
824,868.2809351936812,1086,34,0
824,849.782594539364,558,83,0
824,888.7106411067997,924,34,0
824,896.9687591248811,511,16,0
824,945.2976661862476,665,87,0
824,908.2598746855888,1307,31,1
824,926.186387426951,1289,100,0
824,935.6369895816733,835,27,0
824,1014.0204598743101,450,18,0
824,978.2843556366911,762,41,0
824,976.2394024268482,200,81,0
824,992.4961974181335,865,31,1
824,1102.2331424984868,219,10,0
824,1056.5678267229132,884,92,0
824,1082.3135202545798,494,87,0
824,1044.2067212219033,1398,100,0
824,1127.7873716816052,1024,91,0
824,1077.7776583201967,225,90,0
824,1098.1607187755076,659,5,1
824,1186.0082182381866,1166,21,0
824,1114.7708838318188,1233,76,0
824,1175.9197810249057,424,96,0
824,1243.5124116200925,126,91,1
824,1327.4370486087128,78,62,0
824,1319.9904202615357,1335,52,0
824,1324.106259242153,1104,69,0
824,1382.092512783327,669,83,0
824,1395.2632514587344,1407,11,0
824,1292.2396813806677,881,55,0
824,1313.2212387518694,11,8,0
824,1340.2446334097551,77,44,0
824,1373.1794081175285,87,74,0
824,1315.811734493911,1015,25,0
825,748.0721899826498,409,29,0
825,887.7560565806364,251,1,0
825,961.8528159643158,680,59,0
825,1171.759046451407,317,31,0
825,1357.2685383551534,915,43,0
825,1460.3037309284869,614,41,1
825,1542.2401634619982,1296,32,0
825,1628.6411624774478,813,27,0
825,1861.5061006856936,1407,47,0
825,1900.9608515687528,279,39,0
826,270.60928369490836,1430,34,0
826,276.726135268271,59,20,0
826,285.5791224291764,828,54,0
826,287.31601407339144,859,62,0
826,302.6097678692556,336,56,0
826,301.6284980502981,1076,22,0
826,309.08121405808186,1131,75,1
826,323.77202336654415,337,2,0
826,318.59171903990887,666,3,0
826,338.1308648492465,67,85,0
826,338.34340874770425,39,11,0
826,337.60215792307156,1358,46,0
826,355.1591526228514,1332,53,0
826,347.5377134980571,1316,52,0
826,352.9504327461029,1375,1,0
826,376.588989939475,998,3,0
826,360.54491864022305,535,71,0
826,395.14173889811866,1208,82,0
826,389.11161190545715,1301,6,0
826,404.608499209177,1266,87,0
826,386.1366633867737,93,20,0
826,393.70496808370126,216,87,0
826,405.05926211530766,941,40,1
826,442.87127068472205,899,90,0
826,420.71050033542383,236,25,1
826,424.9432583277753,833,20,0
826,431.7682414213051,1091,2,0
826,446.6954197546313,818,53,0
826,478.256863128542,233,8,0
826,490.5799944121105,252,11,0
826,500.1543420063158,1069,92,0
826,504.24274682686394,1221,60,0
826,513.1313006775166,418,93,1
826,527.4888894818587,480,1,0
826,544.1009404137839,1164,58,0
826,488.85243646424897,1424,14,0
826,471.11511814281096,1052,18,0
826,536.0156604179615,1270,52,0
826,514.7898336289093,801,20,0
826,525.4585880739555,562,58,0
826,589.4007354685243,11,4,0
826,510.41501792495177,439,56,0
827,994.4033180185919,328,79,0
827,1221.6847143675066,1416,51,0
827,1574.1542956748456,1011,40,1
827,1826.2629002729218,849,28,0
827,1800.5636155125112,901,48,0
827,2353.644493317525,875,19,0
827,2654.18078466733,126,56,0
828,208.62047241919763,1284,96,0
828,213.57967650206427,1118,94,0
828,222.653940863109,707,41,0
828,225.49230035865173,451,68,0
828,227.87034632357327,819,2,0
828,233.60980315356292,1039,88,0
828,238.70890644041458,1181,59,0
828,250.37340837046582,487,87,0
828,252.95489924697839,97,20,0
828,252.42358502292956,958,79,0
828,264.03357539085465,1229,66,0
828,285.9707262604182,834,46,0
828,284.1308993844764,1292,34,0
828,285.63753150868797,861,38,0
828,306.4649100709704,865,41,0
828,283.3309842488069,466,1,0
828,307.1611760785972,1330,29,0
828,301.1174302030887,1012,91,0
828,311.5481363711402,816,78,0
828,341.80013606177533,1035,38,0
828,336.0005023407892,837,62,0
828,337.9923119510454,1214,15,0
828,345.6102313254181,526,31,0
828,332.1308958858791,1031,69,1
828,331.71866881831494,1274,100,0
828,343.5163687541739,904,30,0
828,354.61555688891366,622,91,0
828,366.82720680474836,1089,51,0
828,366.96044564998476,1352,20,0
828,364.2266389353115,1109,38,0
828,354.39612562410167,701,46,0
828,396.28512702624175,408,85,0
828,364.53059710063826,1129,83,0
828,366.8147115312869,138,4,0
828,403.3158126290359,262,37,0
828,379.1516401979895,1133,51,0
828,455.01447380672505,1064,51,0
828,466.43379112837556,982,29,0
828,398.51311274789856,97,56,0
828,439.51391283884277,168,4,0
828,483.115224736982,746,97,0
828,488.40964184390896,210,16,0
828,492.6546297158317,572,45,0
828,445.53588102104754,559,69,1
828,422.3777992104398,1309,59,0
828,489.60456462179127,105,81,0
828,512.8660861751922,1252,11,0
828,464.34151605614113,648,35,0
829,181.0640412293743,121,10,0
829,190.22033033875329,555,54,0
829,200.94658676372813,645,35,0
829,208.00010229730344,426,75,0
829,217.29319360510044,386,13,0
829,225.1078912125553,856,92,0
829,227.9691645800074,123,34,0
829,237.95648338724956,1258,50,0
829,256.85271004464937,787,55,0
829,266.3477908650457,909,73,0
829,283.43815427070894,698,42,0
829,275.6747331803205,639,77,1
829,288.1187406409624,995,93,0
829,309.5071944062993,1013,82,0
829,298.66443478458734,605,98,0
829,302.27910359497423,429,92,0
829,329.9018389628875,41,7,0
829,362.19962108033434,1403,66,1
829,368.57374364345594,240,30,0
829,379.5173037176297,359,31,0
829,369.59774869754284,346,47,0
829,408.8808703655726,24,15,0
829,414.9554439725411,311,95,0
829,362.77868686642984,1364,9,0
829,386.7888601632566,1289,35,0
829,416.2116907158552,1291,39,0
829,412.9783762702073,1125,84,0
829,442.22176369943645,708,75,0
829,466.36392203976163,562,14,0
829,498.44596623987064,337,98,0
829,439.38342967641705,1328,33,0
829,502.53818708948194,37,100,0
829,424.55577132865756,577,82,0
829,479.1170595958508,821,33,0
829,545.0536619927082,100,40,0
829,569.9781461545439,240,7,0
829,563.9475943851658,874,33,0
829,550.6541945214831,178,13,0
830,20.801532937697367,510,56,0
830,22.71279320843229,5,5,0
830,24.917600429006534,285,39,0
830,26.727207971003278,276,38,0
830,27.456849524727257,562,77,1
830,29.262640448948932,1292,86,0
830,32.55703553545622,722,7,0
830,31.654227206414475,580,66,1
830,36.82479082028429,1098,21,0
830,37.247222086881834,1157,19,0
830,38.69983505448926,656,68,0
830,43.01857844566326,402,35,0
830,40.72370023961011,291,48,0
830,40.87190559808044,409,98,0
830,43.32622128165947,66,74,0
830,45.117075817680586,1399,69,0
830,50.30616341119665,215,9,0
830,46.30985156709001,163,33,0
830,51.44011059486172,421,62,0
831,381.9909313475554,906,13,0
831,394.5724236780972,1327,44,0
831,409.8271914605028,1037,41,1
831,435.4847237229838,1220,26,0
831,443.5354780475942,385,8,0
831,464.1156983655353,554,34,0
831,468.1073029550839,444,17,0
831,492.64757271994654,699,12,0
831,492.7367988459885,941,11,0
831,538.0201412371842,334,25,0
831,559.3554644194767,439,52,0
831,528.9076302869452,1412,7,0
831,581.8072821629617,99,2,0
831,553.1227922541204,1434,11,0
831,623.4651273452181,503,55,0
831,643.6289636995239,1382,88,0
831,619.5116150426685,876,77,0
831,661.6406632559956,1195,15,0
831,690.1652103512074,1107,41,0
831,629.2644599144635,1128,95,0
831,635.6993088414465,161,30,0
831,667.4026970033137,694,66,0
831,772.0862568130209,218,98,0
831,736.5533712163847,670,5,1
831,760.2919311726105,520,59,0
831,717.2667225498194,872,76,0
831,770.885255482862,528,84,0
831,720.909631877315,1187,26,0
831,724.1800425527106,493,92,0
831,754.1684789227432,223,15,0
831,865.6142234064966,1334,86,0
832,303.6051707647391,1046,93,0
832,384.8656291102717,1440,96,0
832,499.75812712406815,1407,58,0
832,578.6246181847921,1230,73,0
832,632.1983979489361,435,61,0
832,790.3765552127447,398,30,0
832,821.0001202878974,1124,88,0
833,493.50374368323173,868,84,0
833,636.0233259722876,563,44,0
833,721.1347966352484,53,70,0
833,822.2526549213501,443,30,0
833,905.7775333773841,605,84,0
833,1208.9316081542224,136,41,0
833,1166.1345199397651,760,69,0
833,1243.7488576601613,742,67,0
834,355.8521415235331,275,57,0
834,369.9107178942349,229,7,1
834,387.227477997104,599,87,0
834,397.9172317745661,1023,100,0
834,400.2164545509303,161,78,1
834,434.307344983922,1224,19,0
834,428.53019147096927,264,78,0
834,433.0840666604306,814,91,0
834,470.49438068948956,1105,87,0
834,472.23477621854204,316,6,0
834,518.3839187447059,1401,100,0
834,519.54347205766,355,13,0
834,535.8086417465266,929,61,0
834,532.0514715999032,1042,94,0
834,539.6498818183304,552,77,0
834,575.5121708251343,604,92,0
834,602.7145905641426,330,12,0
834,582.2184689321501,131,11,1
834,634.7035574775551,591,15,0
834,665.1759117682903,369,3,0
834,621.3874614849749,1063,87,0
834,642.4624288410448,872,85,0
834,649.1506573511917,416,98,0
834,689.6111936884454,631,44,0
834,652.2632531464822,1246,75,1
834,676.5772653669405,123,9,0
834,693.9232655542737,698,66,0
834,733.4728026223812,95,59,0
834,780.903003998852,268,7,0
834,814.4786981205406,40,62,0
835,678.02757508328,12,63,0
835,715.0453075890777,6,86,0
835,753.0546811201423,691,57,0
835,773.1783159683539,198,84,0
835,779.5655120469271,649,50,0
835,842.4576029187018,1280,81,0
835,874.8136161594459,5,69,0
835,859.276904362146,1083,83,0
835,896.1306476966528,1257,45,0
835,1013.1814992230603,1378,47,0
835,971.6936057524382,63,65,0
835,1091.884421902746,953,21,0
835,1056.3452196640203,986,76,0
835,1083.356708264756,830,52,1
835,1193.8568518082723,417,60,0
835,1169.7675177113158,1025,46,0
835,1265.3514695630033,1289,55,0
835,1115.9279772048383,792,28,0
835,1343.8094822675025,903,76,0
836,515.8687491120997,80,30,1
836,586.8970787669409,1117,76,0
836,656.1779106545603,931,25,0
836,741.1219643368845,389,81,0
836,849.8806882640451,470,61,0
837,100.8033707421158,533,36,0
837,108.19839842913089,30,55,0
837,113.70024065462032,285,49,0
837,119.97366749577724,1325,1,0
837,135.93276248657958,666,84,0
837,136.64439987830465,244,43,0
837,150.89013747838382,1385,8,0
837,157.83364861868972,981,25,0
837,168.5865780067391,666,62,0
837,180.61493808062676,726,61,0
837,170.3785236822852,815,57,0
837,197.24752452725068,592,85,0
837,184.07841921089226,200,82,0
837,201.97786630265392,1406,53,1
837,220.53730425787182,930,100,0
837,205.00089695396548,1193,100,0
837,204.97487095846952,1266,67,0
837,246.5001408665023,1226,51,0
837,245.52300920455258,652,74,0
837,246.0814260380963,815,99,1
837,246.32867803915622,204,28,0
837,265.66609058501336,393,28,0
837,264.04188299907617,152,66,0
838,16.89095471176342,548,7,0
838,17.530503696253586,848,81,0
838,18.425648324458574,751,58,0
838,18.75561406152255,638,57,0
838,19.886289683305073,710,78,0
838,20.567109530097607,93,45,0
838,20.77819293444678,181,69,0
838,22.0262587096881,1165,91,0
838,23.965986150592624,1214,41,0
838,22.29604168309498,137,48,0
838,23.35255986666814,275,53,0
838,25.949869640345156,783,63,0
838,24.13389646825742,973,21,0
838,27.05428057550403,720,36,0
838,28.51016684005691,42,84,0
838,29.054094995898335,861,78,0
838,27.89822665787471,1327,61,0
838,27.604439824458353,1110,74,0
838,31.67023498859839,1109,19,0
838,29.11743325983523,1249,48,0
838,31.19521027325142,163,38,0
838,32.421968871954675,981,17,0
838,31.76529700429108,262,20,1
838,33.71388957899386,633,88,0
838,38.079042513224934,627,77,1
838,36.15772932211459,151,66,0
838,36.11058886841762,575,97,0
838,39.10141253591965,1439,63,0
838,41.34298920653386,871,45,0
838,38.11096325885585,1144,7,0
838,43.690345547506055,85,65,0
838,38.361000915320645,69,8,0
838,39.301411422751166,1145,23,0
838,43.84205711985421,1230,59,0
838,46.2940846979575,929,72,0
838,47.46806770892721,1354,80,0
838,40.68513567901773,927,10,0
838,40.2581564789224,1082,64,0
838,43.31645041326105,717,30,0
838,49.6722735339412,413,89,0
838,51.44821209889775,970,28,0
838,41.767819522396735,467,81,0
838,47.49479411709976,437,34,0
839,227.71220645988313,814,15,0
839,240.46645750286206,264,36,0
839,253.41541012598685,299,28,0
839,257.37911718086457,1058,98,0
839,272.4837484755799,1209,76,0
839,275.3905668709804,651,66,1
839,287.370129877625,587,41,0
839,315.590516981481,94,33,0
839,331.29748042833944,1335,37,0
839,310.1650254825417,467,21,0
839,329.5123630027557,464,71,0
839,361.7467839835281,1261,5,0
839,363.549793112654,1283,2,0
839,368.4458209601885,784,68,0
839,393.356889356299,116,36,0
839,411.0391474898688,80,33,1
839,382.2819595569679,422,45,0
839,415.05983361517815,1166,34,0
839,424.1338359091779,263,71,0
839,440.13627116504256,117,12,0
839,487.5072934673415,1358,21,0
839,419.8975831273032,1046,32,0
839,431.0868083266931,182,33,0
839,454.9801412261289,338,16,0
839,521.2696452244375,1307,17,0
839,540.3773142927812,766,71,0
839,565.9882250113781,582,4,0
839,493.7211608821871,27,79,0
839,479.4359697593158,216,15,0
839,507.48735357355645,1170,10,0
839,598.640856848855,1252,81,0
839,640.1689262175807,1134,25,0
839,587.4994212678818,16,89,0
840,777.9499802167423,1304,15,0
840,820.6424436516743,701,24,0
840,858.3845966864344,278,26,0
840,904.3772187585963,298,26,0
840,906.1733406966014,1038,39,0
840,987.0841606472555,186,18,0
840,965.305091389755,554,56,1
840,1045.6002350319277,888,64,1
840,1064.4707840049791,1190,65,0
840,1108.5978118511289,885,4,0
840,1175.521022637141,1403,7,0
840,1208.1825286380274,1118,60,0
840,1129.279898819771,1324,90,0
840,1229.7774101212897,1431,54,0
840,1253.214405437418,965,97,0
840,1233.8929505551127,1250,66,0
840,1326.5639832072793,1145,74,0
840,1405.9117885510286,90,98,0
840,1503.0093112472662,876,5,0
840,1470.149527423162,992,46,0
840,1388.4785744960927,1027,14,0
840,1653.8105969437977,136,52,0
840,1500.1536553289043,197,69,0
840,1510.7601070720534,91,61,0
840,1640.3060949351202,256,32,0
840,1607.282184393169,1057,21,0
840,1826.5134854079233,644,14,0
840,1638.0274527777415,630,66,0
840,1971.2921673519231,440,78,0
840,1620.6196043442324,1415,77,0
840,1903.8889427809963,58,87,0
840,2068.1951307962627,173,6,0
840,1978.2231042870071,1146,81,0
840,2174.7680573658367,76,40,0
840,1917.6172731508127,946,9,0
840,1864.6572131987782,902,36,0
840,2074.6762007513053,439,61,0
840,2130.348486922808,50,82,0
841,937.3986673218285,1144,82,0
841,1054.0059288651248,481,19,0
841,1166.1813928176407,1202,27,0
841,1288.4522979375593,327,58,0
841,1254.3599980493373,1191,27,1
841,1494.24740365655,613,35,0
841,1518.7547082481983,509,14,0
841,1510.873569176987,1039,83,0
841,1603.2540469545231,364,38,0
841,1950.2987965585041,781,59,1
841,1913.8925964025457,520,39,0
841,1931.902569956449,1340,22,0
842,670.4646098661854,1399,1,0
842,742.4273959973164,1347,21,0
842,804.4134388321274,1168,29,0
842,947.2851854489886,1009,60,0
842,981.9471698841998,407,8,0
842,1089.3827666032566,872,98,0
842,1130.4282681927352,55,98,0
842,1126.6964005842253,149,31,0
842,1318.2342029379342,18,16,0
842,1400.4013564811921,579,57,0
842,1544.0306762244213,20,99,0
842,1544.5665706506156,559,67,0
842,1701.5971390372795,31,47,0
842,1569.8663913350729,876,74,0
842,1604.8235071769761,764,54,0
843,903.6246409374954,372,99,0
843,942.3359165002607,1439,26,0
843,1009.0968016474293,435,30,0
843,1036.8198440993199,317,60,0
843,1086.4764245753179,1282,75,1
843,1150.7021104209548,104,92,0
843,1190.8588997543538,1419,56,0
843,1236.5644508078326,1038,56,0
843,1321.3291070861048,588,7,0
843,1348.2069671170761,1424,22,0
843,1347.571951400535,194,45,0
843,1432.7787381044318,1046,56,0
843,1443.232475706277,851,59,0
843,1581.7440899152875,527,19,0
843,1467.1325499478712,869,96,0
843,1471.8503253865483,412,25,0
843,1496.328615696982,1021,100,0
843,1603.430190865486,574,3,0
843,1713.8488226934087,426,36,0
843,1611.4340967425464,199,53,0
843,1669.661212038005,890,13,0
843,1807.9365659718899,711,52,0
843,1757.24374948771,699,37,0
843,2099.4692041875783,217,57,0
843,1892.0889493241855,1011,75,0
843,2003.3207245307922,1106,48,0
843,1909.1591543187483,1151,54,0
843,2152.158988060764,1030,76,0
843,2215.613922976412,283,98,0
843,2413.584428369936,1394,74,0
844,35.06068713628107,489,64,0
844,39.375600417250844,1417,14,0
844,42.64498739578732,281,10,0
844,46.604850472235,157,21,1
844,49.828377137786234,801,21,0
844,52.07019127180791,427,28,0
844,55.85530254064639,1403,14,0
844,65.01292553066985,965,69,0
844,64.74768199587884,1144,59,0
844,68.54795431255461,1177,45,0
844,68.64480205549357,590,21,0
844,69.76974105306628,1126,13,0
844,75.1330013809271,1178,74,0
844,78.61690538291526,440,84,0
844,87.1816239048105,143,57,1
844,94.89999887915621,1285,56,0
844,99.54263733915107,589,97,0
845,590.6305003555476,60,40,0
845,611.7792742321776,1114,99,1
845,629.4582692854759,242,67,0
845,650.0673335886125,1138,77,0
845,696.2879643777492,982,11,0
845,721.3955833592348,792,4,0
845,727.5176427862036,290,99,0
845,726.0405767742693,696,88,0
845,784.9407064997696,80,26,0
845,769.8163251595236,1323,71,0
845,832.524787965171,1317,18,0
845,882.0893880062829,1287,59,0
845,903.113477138292,926,2,0
845,934.9529565099905,1275,94,0
845,924.5887685144769,961,34,0
845,942.7458297170735,1219,67,0
845,1000.5675414892349,569,47,0
845,931.6553857317185,692,3,0
845,1009.7693988983326,856,47,0
845,1069.1343594965592,751,85,0
845,1047.0175650890815,936,62,0
845,1053.7288000878245,531,43,0
845,997.8216153865926,1012,83,0
845,1151.3617111974695,448,66,0
845,1096.2215815325114,1016,40,0
845,1247.8654429131548,58,94,0
845,1291.9413511905664,1027,32,0
845,1180.4843249819633,501,78,0
845,1278.430451433272,1218,51,0
845,1247.3504773929653,931,76,0
845,1249.2203353067894,527,52,0
845,1195.693099114559,738,93,0
846,964.353859682963,1116,68,0
846,1035.6086126555965,1049,40,0
846,1134.2008769895092,364,68,0
846,1217.1028206259289,993,39,0
846,1298.6189978567497,1052,79,0
846,1259.1681389197583,952,56,0
846,1417.1907792193683,209,59,0
846,1553.024579728532,1181,53,0
846,1593.673330406737,1352,76,0
846,1639.5752337180297,1221,6,0
846,1542.6899199736577,1301,68,0
846,1700.641417501794,712,10,0
846,1724.624315777513,428,9,0
846,2017.8906206225524,165,99,0
846,2037.4508041420306,1345,44,0
846,1860.5650860822439,1291,24,0
846,1974.9131681970057,388,94,0
846,2214.526435312388,1303,77,0
846,2409.365799936922,1383,11,0
846,2404.2640903465826,1362,62,0
846,2424.5735174503175,1380,16,0
846,2649.0924991178144,803,95,1
846,2791.5911812141057,802,38,0
847,30.884067387983887,952,21,0
847,31.690901890049517,92,30,0
847,32.84965787072479,1087,88,0
847,33.843319171943605,556,72,0
847,35.03649119716993,350,100,0
847,35.72793323328148,1408,52,0
847,35.883136817057846,782,80,0
847,37.553083387928936,883,89,0
847,38.57514500470613,163,60,0
847,39.206929352522664,558,96,0
847,38.23471510979626,103,13,0
847,40.167096800678706,468,22,0
847,41.68039996873619,749,55,0
847,40.92628932526377,10,18,0
847,42.24946153721922,109,6,0
847,45.47397562031981,1066,98,0
847,44.43229960577152,886,6,0
847,43.526354223439945,204,93,0
847,46.43456697847506,1301,8,0
847,49.18094969820443,388,63,1
847,50.04220711514183,1249,32,0
847,46.0741275399032,290,68,0
847,53.74492541938758,1130,20,0
847,50.314036248089835,92,73,0
847,53.391872078226704,878,26,0
847,52.02830703669977,967,98,0
847,57.5391280382655,996,52,0
847,57.669571092717476,158,20,0
847,53.731617849289606,403,54,0
847,53.88592372548858,886,51,0
847,57.45171417217366,348,4,0
847,53.14461793114205,800,1,0
847,57.376729856220294,1287,32,0
848,266.7820339756702,1324,34,0
848,281.9143252727053,1061,89,0
848,295.7673555225558,863,89,0
848,306.0089864125763,645,95,0
848,315.50221312582835,414,61,0
848,339.9596252218722,103,56,0
848,330.5596384182884,755,20,0
848,358.61105886472376,912,36,0
848,352.9440830144276,1160,93,0
848,394.53637459650537,279,39,0
848,411.0552515462163,410,67,0
848,387.4386597302931,688,24,0
848,401.6366032083902,945,83,0
848,453.9220308805408,381,76,0
848,471.92344330259266,775,20,0
848,495.69810586428935,471,16,0
848,475.50195423552736,946,95,0
848,455.2368038040324,839,52,0
848,482.22566152858246,793,73,0
848,538.0622539503911,170,90,0
848,508.94421692844185,720,35,0
848,527.1649739377799,602,22,0
848,523.4360162781586,1092,21,0
848,507.23581115321264,1407,10,0
848,521.8631220039013,1216,4,0
848,619.2531706335801,199,50,0
848,541.4502742862719,303,66,0
848,633.0316722673056,273,76,0
848,561.3244968136164,849,87,0
849,194.56212780691826,900,44,0
849,198.74818797024852,1401,67,0
849,205.116092393478,1437,78,0
849,207.30203338147243,489,17,0
849,214.24007210610145,185,44,0
849,218.21345329899978,565,56,0
849,223.1324653298595,658,32,0
849,231.20042144978527,365,43,0
849,231.9960612932628,1301,31,0
849,235.1437471905899,623,76,0
849,247.84709403856925,566,71,0
849,256.70359071580344,258,36,0
849,261.55395293156863,1304,92,0
849,253.01652937026955,747,72,0
849,269.67461919386864,1282,26,0
849,266.83611624462117,1084,64,0
849,275.0602431415189,1204,35,0
849,297.4620268418697,601,7,0
849,274.42584521843537,222,93,0
849,298.0966532196917,475,80,0
849,310.4741020031436,461,16,0
849,301.5111871694303,1111,63,0
849,321.13888759408434,1037,68,0
849,333.1245731974696,1322,90,0
849,329.63954379625454,377,78,0
849,334.5728165453214,573,34,0
849,348.93369771579717,527,74,0
849,351.3536475958789,982,81,0
849,354.6084198591196,926,35,0
849,336.4970171838561,683,8,0
849,367.4328037119685,1066,24,1
849,387.2568354390968,908,96,0
849,368.9208782304175,79,46,0
849,389.36924825689744,228,6,0
849,406.71182182573153,296,57,0
849,365.0349152468432,892,75,0
849,402.7606837229192,230,32,0
849,355.9921176236362,300,6,0
849,412.1844659504885,1407,67,0
849,428.86307796217,829,43,0
849,401.3700586368499,92,81,0
849,430.38979243415974,204,69,0
850,774.9148649072711,357,65,0
850,821.1000427332472,383,51,0
850,865.4432571141679,1312,41,0
850,902.3429660842469,5,80,0
850,990.6974455426953,112,63,0
850,1013.1230502630258,672,13,0
850,1070.8305076781126,731,63,0
850,1162.1585882498325,557,62,0
850,1225.7553113256927,1108,32,0
850,1259.4089599819517,407,97,0
850,1284.7332200539545,297,71,0
850,1263.8403592686564,1145,81,0
850,1256.577946012701,1226,30,0
850,1316.8219356684986,395,96,0
850,1536.7232775417374,30,52,0
850,1498.456596641631,562,85,0
850,1504.8111965537714,627,85,0
850,1452.6237396118158,1250,92,0
850,1658.6153054059878,434,60,0
850,1637.752447448086,35,81,0
850,1848.5487884082133,1394,46,0
850,1763.8391378073948,71,88,0
851,257.17557599022507,611,95,0
851,263.9142327571979,1343,77,0
851,271.0375908809102,70,16,0
851,276.8605193016076,688,52,0
851,281.06017652519205,1192,91,0
851,290.22347452337516,782,1,0
851,296.24732417659817,903,34,0
851,305.41417111909794,392,5,1
851,308.6212551344077,932,28,0
851,314.5161733624786,983,39,0
851,326.8611458257598,1369,27,0
851,324.2248038011372,89,12,0
851,326.746291721889,493,77,0
851,352.4206262258775,226,77,0
851,355.88126155521707,1114,24,0
851,367.8977989810355,923,61,0
851,372.39983523674425,558,92,0
851,381.7712708756088,1212,19,0
851,353.5621666190318,1390,45,0
851,354.3470629027236,154,21,0
851,405.8174536504889,149,24,0
851,372.6184199052732,665,27,0
851,389.5032928896263,1295,12,0
851,372.4790818511327,1368,77,0
851,396.675742844596,1222,74,0
851,440.26443552844864,693,47,0
851,395.7798276429586,170,63,0
851,412.4688760403699,1020,15,0
851,431.3040586129628,540,37,0
851,469.2417262864615,1102,29,1
851,441.53358781167583,48,70,0
851,449.62698530513364,1036,48,0
851,447.1117076496775,811,74,0
851,427.78463090897026,106,91,0
851,469.3467261265574,717,53,0
851,518.0236971851654,932,24,0
851,476.7280027315638,657,27,0
851,472.1710247912825,659,15,1
851,495.3981559706426,1069,19,0
851,507.5187880431843,921,69,0
851,469.29792097899883,1276,45,0
851,547.1398632666267,117,53,0
851,478.88373844962894,1131,99,0
851,529.4002033338537,431,90,0
851,516.9391827006635,64,5,0
851,560.6652556861529,1253,62,0
851,537.6281442563641,139,59,0
851,566.0258208317903,75,48,1
851,528.3768531475321,1383,54,0
851,524.5689300554857,470,61,0
852,479.14810703218393,159,29,0
852,499.2360916464798,1275,4,0
852,513.7116203861381,1122,3,0
852,536.8358400096666,1411,58,0
852,547.647735877893,137,74,0
852,578.3221918666708,1030,1,0
852,615.3362162946089,1247,15,0
852,642.2252147169075,596,82,0
852,651.0842236437334,1042,27,0
852,695.7225734075371,1337,28,0
852,712.3946797832084,923,13,0
852,741.2003333271093,915,33,0
852,688.5609945201642,454,83,0
852,711.2863481793208,611,7,0
852,760.0821871222602,968,46,1
852,784.6478828461891,347,52,0
852,818.7216193397746,644,53,0
852,787.9039636932393,951,81,0
852,888.6288557788138,325,23,1
852,813.0218935753878,702,29,0
852,825.2290777899038,665,11,0
852,826.0800594662004,1011,68,0
852,842.4920412384472,13,100,0
852,979.7400752186318,840,7,0
852,944.917333627713,884,45,0
852,990.4752902665098,1093,49,0
852,954.7268642515078,1259,64,0
852,1087.1106188524072,607,79,0
852,969.793468754526,1081,90,1
852,1175.7946752613702,1190,87,0
852,974.8964876150771,1159,70,0
852,1127.8353132784125,525,43,0
852,1164.6133340135361,920,70,1
852,1136.5908963937995,748,49,0
852,1064.6516737231955,978,23,0
852,1318.4712506017863,16,71,0
852,1315.2643384634684,470,4,0
852,1138.231730835062,158,29,0
852,1157.6095997939337,52,68,0
852,1166.9673937290831,14,16,0
852,1163.3248515036707,268,79,0
852,1254.6136641521618,1402,30,0
853,403.1266279609299,67,39,0
853,430.2320787912046,285,89,0
853,451.8148050979619,1192,1,0
853,478.38111035311687,888,83,0
853,514.2349321383823,397,48,0
853,510.5097275983188,950,80,0
853,552.7780116140183,738,89,0
853,561.2022450042423,1039,15,0
853,606.5655349336852,51,47,0
853,594.2211953452079,758,75,0
853,671.4168602882494,372,49,0
853,632.0271108119521,803,17,0
853,656.069573228984,34,78,0
853,778.7988386916435,1353,12,0
853,684.3393517266013,1275,60,0
853,829.9094662034581,1225,69,0
853,831.8488631555565,1255,79,0
853,833.1597938901053,105,73,0
853,881.178964867346,952,81,0
853,911.2307923721114,236,94,0
853,841.6681581415532,1123,23,0
853,862.0544999437494,684,25,0
853,944.7072867527417,1387,23,0
853,867.7485764455334,132,86,0
853,930.6186062230613,845,68,0
853,972.8891434366867,442,8,0
853,1086.0963559671195,354,70,0
853,1172.5562744141052,562,24,0
853,1063.4531821245077,774,67,0
853,1105.1055840817967,585,19,0
853,1185.1411740721946,157,90,0
853,1101.1042485394375,239,9,0
854,210.0982923348987,165,13,0
854,232.3950115413423,638,9,0
854,245.15632816280734,1196,30,0
854,278.736066774387,725,30,0
854,293.051156318768,1269,63,0
854,314.7797641625557,1368,84,0
854,335.07283410177695,981,57,0
854,366.9344680204731,489,44,0
854,389.0702565917094,281,69,0
854,365.9688912195803,149,34,0
854,445.61866990372243,826,10,0
854,458.60019990532646,957,61,0
854,458.07740205527637,196,22,0
854,518.0061640356412,1335,90,0
854,459.2287332476885,764,8,0
854,513.3900385837691,651,82,0
854,544.1951361126805,268,97,0
854,494.27717280113563,745,44,0
854,573.4690962307529,1396,60,0
854,612.3447069750273,242,22,0
855,366.3686818697958,1153,44,0
855,373.1878641133305,604,17,0
855,384.3140611105714,715,3,0
855,391.36841815742616,616,69,0
855,400.19730771082,391,32,0
855,402.4303767739652,998,10,0
855,414.41671696450544,291,20,0
855,411.12042672859343,1161,68,0
855,434.75054710918886,203,24,0
855,434.1022417884613,1324,37,0
855,439.70341178983705,582,23,0
855,455.65820288817315,103,100,0
855,460.54397210146976,971,72,0
855,460.25606647342966,1411,29,0
855,481.8596014188075,1260,92,0
855,464.3432562923849,513,84,0
855,509.52359045341143,285,33,0
855,509.14317373879777,308,82,0
855,489.0732693575658,179,21,0
855,522.0216448493024,198,84,0
855,508.00846332734744,1157,76,0
855,548.6862922077082,953,5,0
855,520.9930668506105,382,66,0
855,528.8705886330331,406,3,0
855,517.7623621205448,457,65,0
855,576.3378384369144,518,40,0
855,578.6966932894405,1263,56,0
855,557.9961761173016,731,34,0
855,583.9156215646234,141,100,0
855,620.9795609505726,1285,5,0
855,631.4717159830635,697,73,0
855,561.8092189308645,620,67,0
855,579.2768891690026,198,54,0
856,977.9944762244568,475,59,0
856,1032.1423361323075,511,19,0
856,1109.188598227634,531,89,0
856,1197.549649656707,1157,61,0
856,1252.7422922835412,856,32,0
856,1308.2905303980383,1288,28,0
856,1412.5066022862507,1105,6,0
856,1408.4010305742404,104,49,0
856,1574.790625351786,843,86,0
856,1463.1305378013471,147,20,1
856,1628.7812563650161,747,75,0
856,1583.0116208825991,558,12,0
856,1708.5486696325647,1312,33,0
856,1900.50105592409,404,36,1
856,1821.722870878113,1095,7,0
857,335.2099680506283,1410,90,0
857,356.3680040663944,989,38,0
857,381.4852718927124,915,36,0
857,388.92623046902975,319,95,0
857,414.71256911685305,731,28,0
857,421.888393039903,1344,83,0
857,473.4448568868915,1161,9,0
857,485.22131515957346,1387,50,0
857,478.29138402360655,582,70,0
857,527.6388588513269,1052,21,0
857,497.9875347221568,54,90,0
857,570.2606183712795,289,61,0
857,577.8353485356909,1268,62,0
857,613.2851278052428,218,88,0
857,634.4584652818319,167,32,0
857,652.4056536368096,599,8,0
857,699.7463531927153,432,63,0
858,13.463008741616896,885,77,0
858,13.830235443656925,1052,11,0
858,14.338718781558654,98,7,0
858,14.686371376501791,489,82,1
858,14.9509061962741,679,44,1
858,15.664466358341773,121,75,0
858,16.2467356098276,714,37,0
858,16.564273804009694,1205,36,0
858,17.297776890437422,1320,52,0
858,16.776165099829278,1397,29,0
858,17.285714798207,482,77,0
858,17.661251579692486,1000,3,0
858,17.986039656134814,666,58,1
858,19.328550291075807,281,10,0
858,20.627253465786048,1231,91,0
858,20.188759336095973,808,32,0
858,21.399929351673737,866,65,0
858,22.384674485199533,178,2,0
858,22.159589131069914,91,65,0
858,20.934913184258857,1428,9,0
858,21.917414266820312,1348,32,0
858,24.12092469313218,501,14,0
858,22.945881977694786,1361,12,0
859,681.1026349776715,853,95,1
859,719.3472376535395,1397,58,0
859,774.8367751429454,89,11,0
859,806.4552697228584,521,79,0
859,879.102897369086,116,30,0
859,935.2884084569865,744,27,0
859,975.6182040446647,1304,64,0
859,943.743123875973,1276,30,0
859,1006.1369917755453,233,34,0
859,1013.6906138152584,587,39,0
859,1059.2702796159579,246,36,0
859,1225.1689619725498,121,42,0
859,1140.7916080110458,909,15,0
859,1214.0400954110037,559,50,0
859,1401.1479716967922,769,38,0
860,902.5855994415875,832,87,0
860,941.6750387486394,562,46,0
860,978.702567021607,487,59,0
860,998.8164380390473,1076,20,0
860,1054.10148943488,398,19,0
860,1098.2312001450875,413,3,0
860,1175.9794244519758,360,55,0
860,1147.480778628206,594,84,0
860,1240.9390269672751,111,24,0
860,1232.8427114631277,1437,86,0
860,1213.0122312511587,284,93,0
860,1328.4196210370428,412,28,0
860,1275.3968752261208,1162,57,0
860,1433.3162296004684,618,80,0
860,1417.8569917164748,1409,9,0
860,1478.998929711962,76,11,0
860,1472.2307752508873,1008,63,1
860,1564.7619430870109,1312,2,0
860,1715.0226960240063,524,6,0
860,1644.6223253568883,108,93,0
860,1713.8021726194377,555,77,0
860,1690.4718012628618,947,85,0
860,1758.8198562254606,473,64,0
860,1759.3375569411405,460,96,0
860,1806.4469748614838,402,16,0
860,1805.8074372897677,1170,15,0
860,2038.6258726915826,1259,59,0
860,1977.4846209452035,209,11,0
860,2144.996491519836,653,24,0
860,1844.6703892571495,319,5,0
860,1928.39747850685,1195,97,0
860,2166.3518836522244,1101,20,0
860,2011.2010660496958,1370,22,0
861,677.2012143519369,173,35,0
861,693.1585178999305,242,44,0
861,714.2767445692555,494,27,1
861,744.3054886516873,393,20,0
861,741.2339016268093,892,9,0
861,781.0194316085616,266,93,0
861,793.707981466911,262,49,0
861,827.1022314563631,402,28,1
861,813.515838673965,722,54,0
861,850.8277890133872,885,68,0
861,831.4593668710893,423,53,0
861,904.5943343159767,667,58,0
861,876.9815032640727,1092,8,0
861,902.5601242813126,1133,45,0
861,940.4944956917973,665,6,0
861,999.2434519266255,699,1,0
861,984.8674327261783,653,12,1
861,993.0890827677024,1009,22,0
861,968.0765487037304,604,78,0
861,1030.125904626901,461,48,0
861,1108.5118809002402,92,79,0
861,1116.288908593339,1439,7,0
861,1108.9853753222649,427,85,0
861,1058.7526093694453,1361,4,0
861,1148.8646659306828,1401,5,0
861,1155.2926165836718,1029,33,0
861,1079.1821407028156,1154,86,0
861,1126.070011429057,662,38,0
861,1109.942361230938,436,10,0
861,1171.7230217294841,1314,45,0
861,1212.5638186756219,420,91,0
861,1334.8244132791897,1355,22,0
861,1190.4327646086972,1070,77,0
861,1187.4395044739776,683,39,0
861,1437.0543376009862,1025,15,0
861,1274.0082216068868,1145,3,0
861,1253.6996100081901,744,26,0
861,1510.5041274242583,721,84,0
861,1299.3929045627747,429,42,0
861,1308.849799301122,824,6,0
861,1397.811695990528,1387,15,0
861,1593.123789328256,42,93,0
861,1592.1489365508814,1269,37,0
861,1500.4334902836838,33,95,0
861,1396.1718575502405,631,26,1
862,606.3475049181051,1099,61,1
862,635.0326049980065,48,34,1
862,657.3740690107159,73,1,0
862,675.5284037142656,1331,50,0
862,702.7503661238527,239,65,0
862,721.9312216954712,624,91,0
862,811.6878958000677,656,83,0
862,825.1841061929807,330,58,0
862,821.5024966761071,1118,22,0
862,891.9196489430401,486,84,0
862,853.8301282823087,1119,89,0
862,916.8480965603701,1322,99,0
862,914.3683475027765,570,74,0
862,1005.0286086317013,659,89,0
862,937.3217485347544,975,43,0
862,1019.519287694491,799,15,0
862,1008.7759289027799,439,43,0
862,1133.575748547606,1160,82,0
862,1222.2718250614546,120,20,0
862,1245.1934279911175,1383,9,0
862,1093.7964673183058,973,72,0
862,1127.9164777151736,202,49,0
862,1120.832946993064,1014,35,0
862,1211.3322273714346,1353,54,0
862,1217.6644262038117,594,14,0
862,1294.9204019711185,1189,80,0
862,1290.7882311845406,497,84,0
862,1478.579751462352,365,100,0
862,1565.7082314218735,1171,28,0
862,1418.848894988489,88,63,0
862,1568.3298467654595,719,36,0
862,1471.2039192522616,348,96,0
862,1638.2167653825577,804,93,0
862,1533.7639860239487,44,90,0
862,1709.736325509457,357,53,1
862,1729.6349653007005,601,9,0
862,1497.8549366377945,1129,38,0
862,1676.8248600303855,897,30,0
862,1747.2653653243156,821,82,0
862,1578.1185706216365,653,12,1
862,1862.6072823804561,78,22,0
863,127.88417944776302,1173,23,0
863,132.22399584052434,999,3,0
863,136.53822283453746,351,77,0
863,141.04434697203894,813,70,0
863,146.57161445378534,35,85,0
863,145.95690605725946,86,100,0
863,155.25978566213962,1037,8,1
863,160.9838321366571,829,86,0
863,162.64808507397134,252,38,0
863,164.76028541013733,241,45,0
863,163.9923343432138,809,97,0
863,165.4901401624597,327,55,0
863,173.4481831779252,1371,32,1
863,189.9171528161108,282,9,0
863,188.15449591742458,1302,86,0
863,180.7581691999628,592,86,0
863,203.51880741890415,276,11,0
863,204.20100989954955,1322,33,0
863,217.15645092590327,399,84,0
863,196.54202040917397,503,1,0
863,215.0382995713216,35,1,0
863,208.93188551151957,47,71,0
863,230.29294377514393,1176,89,0
863,243.5118263108588,1311,9,0
863,212.54491661569728,795,83,0
863,213.73830456686144,528,92,0
863,234.32355193139892,731,48,0
863,219.41707397261666,294,28,0
863,264.8818823666745,71,99,0
863,240.3902435130326,437,31,0
863,260.16987101638256,464,81,0
863,262.03000709434673,701,27,0
863,286.10742043371704,482,31,0
863,280.20268370999503,288,3,0
863,293.2347553586154,9,54,0
863,279.9120189689168,449,65,0
863,301.15749979181976,108,23,0
863,257.4262074385946,84,47,0
863,290.37234126404724,320,72,0
863,279.05908886555665,877,66,0
863,323.53997329356014,49,48,0
864,281.1973574237216,201,3,0
864,295.78419539258584,762,65,0
864,306.8537756538783,1016,31,0
864,327.3217804513246,793,91,1
864,331.784468761485,29,10,0
864,345.3237975220812,277,78,0
864,359.8059297677602,883,2,0
864,372.65198592392693,332,58,0
864,397.9242876215246,1097,98,0
864,414.32153265328134,928,3,0
864,394.8374255858478,977,79,0
864,441.140968270945,367,72,0
864,415.3909889804157,1299,60,0
864,485.51212963169496,619,95,0
864,487.9328934965698,390,7,0
864,502.2672270301657,870,7,0
864,512.5637455913487,1195,90,0
864,527.3619878734257,1392,96,0
864,518.4049346429233,12,98,0
864,510.79320417007125,389,55,0
864,555.0191959511264,672,83,0
864,580.7400799159112,459,24,0
864,585.1562152038866,1173,1,0
865,590.5421822676661,801,39,0
865,636.1573008900841,992,4,0
865,671.1599544461344,147,88,0
865,692.4305727010238,50,3,0
865,717.1929423238892,1406,56,0
865,817.2174662465761,455,4,0
865,866.4451831002291,402,63,0
865,890.4680078012406,407,37,0
865,933.6393374579075,314,56,0
865,992.0769441011985,13,48,0
865,918.3838098361332,1271,94,0
865,1099.789062407393,472,45,0
866,955.9332267500264,188,15,0
866,972.341067847022,591,83,0
866,986.0775706173437,394,51,0
866,1005.527208780607,766,99,0
866,1013.3481869370343,284,55,0
866,1015.3509615092164,224,9,0
866,1048.5179445752237,1366,83,0
866,1072.5226868273394,610,75,0
866,1080.3730167874826,557,99,0
866,1107.8700510807187,920,38,0
866,1111.9056570507228,388,99,0
866,1141.624154321859,624,35,0
866,1105.0809857606948,680,93,0
866,1140.1076252476205,1353,16,0
866,1161.3254358934275,1305,40,0
866,1171.3503958996416,729,75,0
866,1215.918297015468,1193,80,0
866,1228.7031148273775,1150,100,0
866,1247.8205214630848,1027,49,0
866,1270.4235994735232,540,26,0
866,1187.140264402803,627,93,0
866,1269.09712272351,234,44,0
866,1222.1863724390264,1152,95,0
866,1347.3725532203498,1363,42,0
866,1261.9618695173885,1051,83,0
866,1302.3097667366617,116,72,0
866,1339.189055835135,51,38,0
866,1308.1282541404848,48,34,0
866,1400.0327732076194,494,18,0
866,1412.768303612917,1075,36,0
866,1374.8652580916873,873,99,0
866,1483.4573215390637,593,14,0
866,1409.0726571094822,544,80,0
866,1442.5926821073135,196,97,0
866,1529.9005013539022,581,13,0
866,1548.7005580217237,206,82,0
866,1425.1918664190857,763,6,1
866,1573.500121915602,1434,27,0
866,1532.4535536595454,1366,19,0
866,1522.2038496406426,668,40,1
866,1533.915217550943,556,49,0
866,1655.983549629243,256,10,0
866,1455.5882749079076,308,65,0
866,1453.5398058003539,717,66,0
867,529.5001781087564,1439,61,0
867,608.5714128970156,55,67,0
867,714.6956163153575,855,40,0
867,778.1725854523262,575,13,0
867,871.7618396821929,501,5,0
867,891.7100395185314,46,75,0
867,1047.3113976794175,861,84,0
868,897.4440315947704,882,76,0
868,921.230415265661,768,65,0
868,965.9059862157042,766,83,0
868,967.6599992214781,414,20,0
868,1025.1897482098038,1405,31,1
868,1035.0102046068316,842,35,0
868,1082.6973620739643,1292,62,0
868,1118.7706981525253,1395,18,1
868,1170.8542141787545,195,98,0
868,1172.0027075482847,543,53,0
868,1184.9458418571814,414,24,0
868,1271.74364124237,987,23,0
868,1289.5990414319504,1327,27,0
868,1331.4633575385265,792,80,0
868,1304.271083887529,624,1,0
868,1284.4545791122018,142,22,0
868,1442.8181418409768,721,8,0
868,1304.148382697088,48,28,0
868,1407.96853564117,159,9,0
868,1368.6071696987938,1425,78,0
868,1422.6885462255123,52,1,0
868,1396.535260739123,555,94,0
868,1661.1499741325574,424,56,0
868,1545.7205801158525,1409,88,0
868,1510.359056566462,797,72,0
868,1701.6177798342399,786,26,0
868,1517.4453124547124,1083,82,0
868,1560.226511550969,1149,97,0
868,1771.548427107914,349,68,0
868,1824.1820109205637,1245,37,0
868,1825.9080089691463,963,53,0
868,1618.39104317788,378,88,0
868,1672.0595225635905,1279,100,0
868,2038.8134423821066,1139,46,0
869,698.3085718442004,495,19,0
869,711.0341646033515,4,68,0
869,722.9958036078352,87,8,0
869,743.0671296637383,407,41,0
869,759.4260013479792,483,83,0
869,779.3572054986024,712,46,0
869,779.5328037152442,456,19,0
869,786.285325740971,287,42,0
869,803.4740978480088,354,31,0
869,834.4588411284733,1363,95,0
869,857.6476206802156,548,67,0
869,836.2927213978245,576,56,0
869,833.5117314076971,90,99,0
869,869.8557357687018,544,88,0
869,898.8037259024455,2,15,0
869,920.6100763290094,414,85,0
869,944.4105984096512,445,69,0
869,981.6901672996985,326,30,0
869,977.5572767978069,407,27,1
869,958.2905231674202,16,48,0
869,948.5937508443415,1234,91,0
869,1011.7407499487482,1400,19,0
869,946.2604588711588,507,13,0
869,1071.5678935236042,235,82,0
869,1063.121630987761,678,57,0
869,1003.3726364528197,1106,33,0
869,1107.5970667153924,818,29,1
869,1015.2949569227069,46,1,0
869,1122.9426648943459,541,20,0
869,1145.0494857251706,1122,94,0
869,1168.1447237884227,1223,6,0
869,1191.6112389315017,502,65,0
869,1127.7106494746135,841,29,0
869,1109.5687473366934,1376,3,0
869,1212.7943268436743,797,45,0
869,1135.007088474989,488,81,0
869,1227.512203997877,1195,23,0
869,1271.17755124028,210,92,0
869,1256.0388471247397,178,61,0
869,1179.894915471601,782,58,0
869,1331.8764269298208,959,75,0
869,1271.016303062102,416,8,0
869,1242.7763637751132,245,3,0
869,1259.176103696879,1035,50,0
869,1268.3185145750572,123,22,0
870,876.2912263752298,23,31,0
870,892.3919257469051,499,41,0
870,900.6707464627996,790,38,0
870,913.6493376409778,157,51,0
870,930.351837583244,1039,78,0
870,941.2002709679847,591,87,0
870,950.3869961529842,1066,31,0
870,992.9058345664012,621,23,0
870,1002.5211736717616,837,85,0
870,981.1663118748414,1233,82,0
870,995.7527853262371,192,77,0
870,1023.0702589688133,325,96,0
870,1074.872356572158,289,5,0
870,1093.3585476430412,775,18,0
870,1054.1817098139938,982,64,0
870,1129.9088661412154,957,14,0
870,1139.6355320407995,65,40,0
870,1143.0973316941872,1157,29,0
870,1167.1886788514335,773,4,0
870,1159.9904102874887,984,48,0
870,1216.2375688861184,1009,64,0
870,1232.7265425074813,166,72,0
870,1174.9124597162581,589,75,0
870,1231.1194550129458,710,65,0
870,1199.1437594281572,1435,58,0
870,1204.8947648474314,480,24,0
870,1288.5567481295288,340,95,0
870,1194.5237164130367,159,16,0
870,1264.6414123134812,794,23,0
870,1368.8223913462516,229,26,0
870,1338.581364316377,659,81,0
870,1317.1239446858062,68,68,1
870,1308.8385486683512,494,81,0
870,1426.436559425079,981,58,0
870,1328.253436231278,990,23,0
870,1474.8744720962286,747,80,0
870,1453.9785835945286,1184,66,0
870,1311.239725405087,196,29,0
870,1357.7223103778363,735,14,0
870,1531.7426968020898,517,44,0
870,1402.3350673463906,656,43,0
870,1386.5902438577657,1368,17,0
870,1451.8443514505168,567,49,0
870,1397.4955427983373,153,35,0
870,1612.4111788605378,431,99,0
870,1612.507773875453,1073,91,0
871,904.0921706355136,13,23,0
871,1026.1838364684213,478,86,0
871,1103.746279821658,651,87,0
871,1244.7558842210717,262,84,0
871,1366.0056319790692,1189,6,0
871,1402.950587328425,58,67,0
871,1625.432561754865,381,37,0
871,1836.3070199675778,138,35,0
871,1960.8965321514022,471,43,0
871,1920.1914046675063,203,89,0
871,2205.9576859031336,908,37,1
872,238.7020060161356,116,74,0
872,249.17669239920608,1206,35,0
872,258.1184526520879,1301,64,0
872,266.9655549229407,562,30,1
872,280.8472118487195,874,54,0
872,287.35560993484717,732,77,0
872,297.4314917423297,1345,20,0
872,313.23216947673774,1221,92,0
872,314.0207496490144,265,30,0
872,327.9273494738216,949,100,0
872,334.9253195079722,624,55,0
872,354.229010571833,592,58,0
872,355.8413399399558,381,85,0
872,345.22131490328564,1202,87,0
872,394.9175279397877,1312,79,0
872,389.7259504027106,129,55,0
872,415.7756991455102,149,97,0
872,391.89952316362286,1304,51,0
872,426.6769259979176,182,43,0
872,402.6728736168125,944,33,0
873,42.00678221112719,410,57,0
873,43.21319398262916,1239,16,0
873,44.30078692895305,1364,38,0
873,45.48173372760781,79,86,0
873,47.2545563595436,1217,93,0
873,47.73137812149511,124,17,0
873,49.43080514448585,739,7,0
873,51.86673577480211,633,60,0
873,51.19457354052479,1287,18,0
873,52.77892668499749,139,97,0
873,54.501558787954465,52,65,0
873,52.83477323801489,752,54,0
873,56.15997929164773,852,54,0
873,54.446788900651626,558,57,0
873,55.27803638434346,936,56,0
873,58.27787429616163,1001,94,0
873,61.61397334919407,374,80,0
873,62.601343507719555,651,42,0
873,65.6833989940351,1418,37,0
873,62.07823552905944,1143,38,0
873,69.26751692707364,1388,95,0
873,63.317473988179415,887,47,0
873,69.96155901451368,389,17,0
873,71.15931162382174,343,60,0
874,249.3659366222251,185,44,0
874,259.4132446970483,281,63,0
874,273.2384623965123,40,85,0
874,285.5460455309277,701,83,0
874,295.41054161331954,177,96,0
874,293.6293760712814,703,92,0
874,314.2134616824867,1340,37,0
874,329.9188752563527,1398,48,0
874,321.7947256305888,997,82,0
874,329.1215806980382,1362,64,1
874,353.0621382130882,1110,10,0
874,367.3424195438982,1388,60,0
874,384.1336129040287,566,70,0
874,400.372338497652,1405,13,0
874,398.98049400777074,994,28,0
874,422.9112828414026,706,83,0
874,402.03115390099066,281,31,0
874,390.2058102399268,424,97,0
874,455.0816088188759,1106,2,0
874,463.26691065160446,813,9,0
874,441.61071180746626,296,66,0
874,500.40544202282894,1060,35,0
874,508.9282382719376,987,18,0
874,477.6480156800478,665,72,0
874,482.6444213548611,1343,45,1
874,502.4695539850876,1355,73,0
874,564.7797502530029,377,32,1
874,484.53248437720515,219,53,0
875,105.69434374966909,1432,35,0
875,111.84985719654213,601,62,0
875,118.76943077993212,313,86,0
875,120.2619965546973,334,38,0
875,128.4178294610771,302,72,0
875,135.61601731123605,78,86,0
875,140.86596158938602,588,32,0
875,150.22045324566776,459,47,0
875,144.71263149823767,1417,25,0
875,161.86459419574865,1339,21,0
875,153.67490787709772,746,15,0
875,154.66286839084665,367,92,0
875,163.2190399143015,1263,85,0
875,177.76191135912714,1197,91,0
875,177.22950833392127,59,1,0
875,196.79801905923415,48,51,0
875,186.34823685075776,612,11,1
876,178.2719589844014,425,12,0
876,193.245699079002,660,63,0
876,203.58631511966905,780,47,0
876,215.3872250647335,234,37,0
876,225.14683671758164,263,4,1
876,246.78807160388703,176,2,0
876,252.85475151950686,125,16,0
876,278.7193404890064,1256,45,0
876,266.232572225399,782,23,0
876,286.8901178002973,1133,18,0
876,296.7158601382409,1050,17,0
876,343.3230837280016,699,98,0
876,330.9885141818487,90,69,0
876,317.72064672865775,166,26,0
877,892.8518694287764,311,32,0
877,1008.2794399766141,1001,29,0
877,1108.539894164082,613,2,0
877,1205.515641268681,874,86,0
877,1302.2207409149262,1229,83,0
877,1359.0244344854634,1143,19,0
877,1554.8682201422012,1272,98,0
877,1725.4075454255867,486,89,0
877,1745.9960736252694,395,75,0
877,1859.9788273328504,135,32,0
877,1810.6689919456926,834,35,0
877,2236.342899274022,358,53,0
877,2399.187980527323,511,48,0
878,602.5279668437393,420,7,0
878,746.8860131932206,1238,66,0
878,833.6100024237519,451,71,0
878,1035.4254207224842,394,33,0
878,1017.9093509975214,1378,2,0
878,1263.6705995901689,1075,85,0
878,1314.5828884727216,1298,100,0
878,1470.4292317472214,718,44,0
879,824.3213145184759,762,39,0
879,837.8213423055039,1011,9,0
879,850.9972582130022,1270,58,0
879,859.0269081934898,1245,61,0
879,869.2034380638555,431,76,0
879,881.4416992560328,285,14,0
879,900.5941689031879,1245,10,0
879,934.7303945882574,554,4,0
879,954.2281697070164,278,50,0
879,947.0329422980119,1059,64,0
879,984.0678793644678,136,99,0
879,985.238194056989,982,76,0
879,1019.1327894928052,1154,53,0
879,1008.9833396211216,340,77,0
879,1008.85209252403,242,25,0
879,1003.996565285282,1321,54,0
879,1077.8560519806852,1131,72,0
879,1022.748966687748,1199,26,0
879,1073.2979129384805,1253,34,1
879,1056.6424625279733,1163,65,0
879,1049.7631537117672,807,74,0
879,1068.2145930337488,1366,64,0
879,1092.4608069258825,986,22,0
879,1122.7764755336668,174,81,0
879,1190.5002848824479,226,67,0
879,1229.0280810037223,539,39,0
879,1116.2452510824457,1401,83,0
879,1199.8394286574758,297,28,0
879,1228.2122698385756,613,72,0
879,1285.7441140336218,103,39,0
879,1220.4778697834774,1232,54,0
879,1326.8606540258033,139,52,0
879,1311.2404061667644,1148,17,0
880,33.38414193765857,1370,77,0
880,35.28913140578717,193,52,0
880,37.68546822041666,664,64,0
880,40.88361155005551,898,81,0
880,41.76433679624157,79,99,0
880,45.49758247424694,109,26,0
880,47.00775459240529,176,55,1
880,51.46600634413046,167,84,0
880,52.66191046417295,368,82,1
880,56.836819243550536,79,43,0
880,59.56592656624817,66,37,0
880,56.605799613385116,172,67,0
880,59.214042520457795,874,74,0
880,57.90026704755752,1349,55,0
880,61.125184111563364,113,22,0
880,66.21183025105098,486,56,0
880,76.66117406324074,1246,35,0
880,70.4376626822993,1403,7,0
880,67.4217653111817,764,62,0
880,78.73331872109773,83,88,0
881,965.128810637841,637,91,0
881,1005.9321695582958,1280,50,0
881,1071.2937497649934,396,26,0
881,1091.7878466156271,853,31,0
881,1138.2554956769684,146,65,0
881,1253.1412890985318,1402,96,0
881,1229.1373445510853,1302,45,0
881,1247.626644793942,146,37,0
881,1321.6574980189475,543,61,0
881,1381.7919321701404,1048,3,0
881,1521.5789649126846,375,56,0
881,1522.8055034134547,1397,91,0
881,1476.2250728047509,1439,38,0
881,1708.0968942603763,1187,93,0
881,1584.7902775846155,447,59,0
881,1665.8286098717963,1308,77,0
881,1653.6241635213,603,52,1
881,1964.5114657370473,1033,82,0
881,1893.082498197553,180,29,0
881,1944.8448200334074,132,36,0
881,1849.582054972454,22,21,0
881,2157.4348542330063,419,36,0
881,2063.348831214064,1223,36,0
881,2068.453850141838,351,32,0
881,2107.8367650280893,441,23,0
881,2215.6176268982194,279,31,0
881,2266.1178338108743,499,9,0
881,2426.0538208773596,547,88,0
881,2444.595824669621,1337,19,0
881,2450.9457878044614,786,48,0
881,2271.3563873145636,940,19,0
881,2340.03267347043,468,23,0
881,2395.2638485775237,58,3,0
881,2281.694602178419,1011,65,0
881,2924.4674053647886,928,50,0
881,2701.1812839350605,462,26,0
881,2841.8474285006264,73,80,0
881,2667.717029848178,1406,38,0
882,401.2356553687256,1104,3,0
882,423.3404205670327,963,46,0
882,452.58632446208986,146,90,0
882,473.74431480863075,1054,50,0
882,498.70894646989785,1216,82,0
882,516.7826172663281,432,95,0
882,528.3784888427575,750,91,0
882,555.9964581354641,1264,52,0
882,560.322979233071,475,61,0
882,606.6481214683149,539,85,0
882,610.2466552154306,187,81,1
882,651.2806356065158,1088,86,0
882,617.7173520211272,904,43,0
882,634.3879855323147,1174,96,0
882,730.8495585442283,1116,57,0
882,721.3297850774295,946,78,0
882,734.5564779641941,1402,30,0
882,720.2950325015443,794,44,0
882,814.335340128106,691,88,0
882,866.0764988000068,1179,99,0
882,785.2998138689005,987,39,0
882,951.0791466406284,63,83,0
882,795.5848838200365,598,13,0
882,866.2398037048225,464,28,0
882,956.8011123815193,260,59,0
883,918.7040373016148,66,46,0
883,946.353807444737,604,97,0
883,962.8772166317227,16,44,0
883,984.5251006215052,816,17,0
883,1009.0016579083447,1287,2,0
883,1048.1244224918878,507,91,0
883,1043.571471138318,342,51,1
883,1112.655317371949,329,87,0
883,1112.9888286768703,1403,46,0
883,1165.1881430484957,354,28,0
883,1194.0871801854398,430,67,0
883,1151.8715875858134,393,38,1
883,1225.6941889285738,794,29,0
883,1198.368557002111,957,97,0
883,1220.3534623246394,1388,55,0
883,1216.8177589347197,383,12,0
883,1294.8301300130627,957,53,0
883,1266.2434466321763,846,46,0
883,1329.0917543047426,71,68,0
883,1316.2584070652715,1170,39,0
883,1416.4688322611905,757,31,0
883,1400.8824251747114,913,42,0
883,1441.5277890359837,946,84,0
883,1499.1609261890435,1332,49,1
883,1450.0147441177974,279,19,0
883,1552.8289870182493,723,24,0
883,1470.064430881852,1358,75,0
883,1524.4947130621076,561,42,0
883,1631.5777023705318,461,51,0
883,1662.5285453298488,1434,10,0
883,1564.6339369278762,611,35,0
883,1716.5164383664765,1136,20,0
883,1522.7922332488456,904,19,0
883,1549.8893571597634,566,25,0
883,1727.7271351190764,882,91,1
883,1799.8475758645004,89,12,0
883,1894.621932834988,721,48,0
883,1798.8375175389224,1306,61,0
883,1904.497143561564,1174,66,0
883,1690.5290203822842,1293,58,0
883,1841.5481528765717,319,41,0
883,1861.023235604161,465,31,0
883,1869.3882281253962,725,26,0
883,1742.3090029251994,278,3,0
883,2037.1304365559267,506,40,0
883,1802.9820228631902,289,91,1
883,1898.6305763141886,521,90,0
884,420.2235065212911,13,97,0
884,438.2495709124302,836,11,0
884,446.47751027123894,1409,75,0
884,459.19811821181537,1195,38,0
884,487.1194900485294,546,23,0
884,492.85504273621007,86,29,0
884,521.1376691432649,1228,85,0
884,532.7767504935271,302,68,0
884,537.9877089046497,494,66,0
884,572.4334579281987,229,29,0
884,596.2127181429983,1133,42,1
884,583.9312762584086,980,95,0
884,610.7356299862552,289,91,0
884,655.1899464833172,1279,97,0
884,648.8859774699333,947,62,0
884,636.7995920256651,116,100,0
884,686.0174653089159,759,51,0
884,670.5775479853706,449,18,0
884,746.3253803155255,1097,92,0
884,668.8114129163539,1008,76,0
884,669.1439786949195,1042,5,0
884,795.8369609659529,1323,16,0
884,715.4788745539379,1409,36,0
884,776.0586784684535,979,12,0
884,746.3696806569169,290,30,0
884,737.8763734533984,1437,67,0
884,759.5455179403305,222,83,0
884,776.9905200271787,359,99,0
885,306.59566213133087,805,86,0
885,315.85472993854177,587,44,0
885,328.41032668893723,753,99,0
885,330.85923383064073,576,43,0
885,345.13882436904504,1017,74,0
885,352.04279159718,303,29,0
885,356.3474039376407,244,86,0
885,378.1684610714898,916,54,0
885,386.04620079568326,888,16,0
885,386.5948911669768,396,61,0
885,384.8087712317701,1068,42,0
885,394.66893650239405,497,2,0
885,426.6660563412167,1099,56,0
885,420.9597969822884,674,14,1
885,443.6497106984955,109,64,0
885,431.01453292544676,508,77,0
885,440.14470563949,420,4,0
885,439.7695876804592,319,3,1
885,445.8831930789122,1087,3,0
885,469.3220458667106,1327,14,0
885,521.3460168892752,1389,69,0
885,489.46482876768977,1327,37,0
885,508.73545014383524,1182,27,0
885,532.0816730059955,402,19,0
885,525.4866971912527,1023,44,0
885,554.8181616802617,364,11,0
885,569.5463544716845,136,8,0
885,576.8462571464237,839,86,0
885,586.990630904191,286,2,0
885,594.1924420107421,1053,78,0
885,593.4547497851684,348,65,0
885,535.084475869688,501,65,0
885,614.8247463895118,1427,10,0
885,605.7037042384854,71,46,0
886,186.62099493461434,793,17,0
886,195.03543117013575,1160,1,0
886,199.99786266191748,83,74,1
886,210.65614875669098,905,15,0
886,217.15124330126977,564,82,0
886,222.8214152037345,617,40,0
886,239.74114539328636,149,69,0
886,230.0053706830084,301,70,0
886,250.21909538366523,265,26,1
886,244.33197615140867,674,96,0
886,259.0840084678375,298,19,0
886,283.9797593646557,589,21,0
886,266.24205293097384,502,25,0
886,265.3454958199249,809,81,0
886,288.2245338354409,1127,35,0
886,319.50299971033746,729,80,0
886,309.31627657638137,444,40,0
886,319.4884285639942,866,90,0
886,326.1518326932517,1019,93,0
886,349.0005379800118,1417,18,1
886,333.29567905921897,279,7,0
886,353.830976682033,977,28,0
886,350.4266942464485,112,88,1
886,374.55888172267163,27,52,0
886,395.38668222309354,878,54,0
886,366.4011793488925,52,67,0
886,409.73827231959035,1224,66,0
886,415.07541159620996,1099,24,0
886,422.3634734953241,1340,85,1
886,415.23858633586536,39,82,0
886,450.11542807606804,509,50,0
886,399.13969780895104,560,88,0
887,945.1624956171544,623,66,0
887,1000.019143680315,1067,19,0
887,1092.218581510034,687,15,0
887,1115.9758643604775,517,78,0
887,1173.210325005732,1295,45,0
887,1282.2479300635553,1131,63,0
887,1333.1155046947952,916,20,0
887,1378.8888408879607,235,30,0
887,1446.7781370922937,540,49,0
887,1479.0190368738831,367,49,0
887,1658.5439391339746,1053,37,0
887,1804.091291887499,1279,16,0
887,1773.8089746799242,682,12,0
887,1967.8337459951208,594,95,0
887,1943.2086091481715,653,100,0
887,2112.7243458556813,1238,37,0
887,2108.9222778725593,1027,17,0
887,2295.1020488439526,499,63,0
887,2144.0489469686004,1240,62,0
887,2467.5925723713267,1431,95,0
887,2240.332769518586,1079,56,0
887,2157.4522829657153,863,9,0
887,2668.572338576877,1202,52,0
888,496.85548751949153,259,48,0
888,529.2537001661669,182,47,0
888,556.3458748894398,701,81,0
888,608.1628992690262,771,30,1
888,669.889259720505,150,78,0
888,704.2734561935149,1105,96,0
888,711.130736716404,1053,4,0
888,717.7461144047746,87,83,0
888,785.0207373104645,61,63,0
888,853.4617588630671,580,34,1
888,793.250970798638,851,96,0
888,895.6431926191669,735,54,0
888,852.2014106418767,575,93,0
888,903.3622650220677,259,31,0
888,1066.5524677979613,1129,86,0
888,1105.9207484611998,28,56,0
889,903.9427488536544,512,83,0
889,969.9924731534829,1296,3,1
889,1042.1798826259471,432,14,0
889,1075.6119964106124,1262,78,0
889,1172.9072862288451,561,92,0
889,1217.9353537174104,1097,39,0
889,1234.2207158964966,1171,19,1
889,1351.9050841985006,848,41,0
889,1343.7077884540236,1138,92,0
889,1515.3439112737228,1144,58,0
889,1632.5220292274741,1102,59,0
889,1472.4381731966919,457,84,0
889,1810.5593974711956,272,25,0
889,1734.9233198222955,1325,13,0
889,1617.5633616575012,1383,79,1
889,1900.7691497811395,650,50,0
889,2047.2734437159895,68,16,0
889,2154.3495268964925,529,66,0
889,1823.8074852430782,957,96,1
890,232.48267655773438,331,85,0
890,238.01591575310528,1289,64,0
890,246.30186485474027,157,32,0
890,246.87448916394538,1223,8,0
890,254.42010901574776,1382,91,0
890,257.05105759552265,160,50,0
890,262.17013686105304,577,12,0
890,279.67320324808986,791,50,0
890,280.88055943118945,351,30,0
890,274.5107481492761,825,56,0
890,297.494471633198,276,31,0
890,284.7753707124786,897,75,0
890,292.18364751985536,1226,4,0
890,316.38192544725223,345,69,0
890,309.30923053081847,780,8,0
890,334.84696574955103,578,93,0
890,321.08970164663015,851,7,0
890,344.24091136008934,250,62,0
890,342.69869279366424,875,54,0
890,362.27531857844747,1100,80,0
890,334.0873673707692,853,3,0
890,365.3054090034749,633,38,0
890,337.3450607383603,1164,10,0
890,347.57428564276944,1302,91,0
890,354.1744059042306,1368,22,0
890,364.6089706175825,1077,73,0
890,401.73564078590175,1023,4,0
890,369.42601610068476,1028,56,0
890,387.4026325451018,307,76,0
890,415.3848401839447,1057,52,0
890,438.5974623895818,242,2,0
890,411.191491702148,31,70,0
890,395.8772583956494,771,59,0
890,414.84062721110615,1068,39,0
890,397.3995343954432,1226,34,0
890,432.7082940721648,1426,82,0
890,477.6436909751951,1377,97,0
891,609.6722475746195,955,26,0
891,639.695526601975,1312,70,0
891,664.2195426857702,1420,10,0
891,681.3302588507605,483,45,0
891,698.8925394446928,341,30,0
891,724.7959018806218,993,12,0
891,778.1915848601714,750,76,0
891,786.6841031971512,304,19,0
891,824.6589038814014,250,68,0
891,816.3438208038838,76,17,1
891,883.2327225894486,1369,25,0
891,896.9274552672643,1166,7,1
891,922.0955941355023,66,93,0
891,900.9824681346882,881,54,0
891,896.4511475621366,984,35,0
891,1022.3509534627028,1093,51,0
891,1071.3484462179035,946,32,0
891,1016.6152072515647,863,7,0
891,1021.5507234105469,63,90,0
891,1097.0857370837032,701,87,0
891,1139.2091020833702,46,62,0
891,1223.4428557995325,1159,6,0
891,1153.0806192629866,369,89,0
891,1287.5090401046318,1151,5,0
891,1301.6925676681903,494,45,0
891,1318.3330967196612,1419,12,0
891,1378.7261415564835,153,63,0
891,1306.707692290473,1297,87,0
891,1230.7566830135977,733,76,0
891,1226.1750357854298,201,100,0
891,1353.3839790164538,1298,72,0
891,1394.013646645838,836,26,0
891,1490.0298891437544,92,49,0
891,1318.9375210466849,426,93,0
891,1624.7482936047425,471,2,0
891,1648.7597537128609,1217,94,0
891,1637.8122749330541,946,44,0
891,1368.4457056941997,1123,99,0
891,1503.3941730380216,972,100,0
891,1586.3806883186453,688,54,0
891,1473.8493914150627,1040,40,0
891,1790.9882750599445,1158,45,0
891,1775.674975531334,208,1,1
891,1598.3581976978373,381,71,0
891,1528.5018415303202,1040,96,0
891,1638.7380371605577,1284,69,0
891,1711.0983532860382,534,6,0
892,726.932278434633,197,33,0
892,767.0830445158922,172,32,0
892,830.4338457382377,1419,51,0
892,850.6858043072448,1419,58,0
892,923.5610831248277,1071,15,0
892,1000.7637320648531,1070,11,0
892,1025.7965347003442,173,72,0
892,994.7801034394918,1423,18,0
892,1162.362509109197,153,40,0
893,452.2601128740607,1083,97,0
893,460.22546462014515,173,33,0
893,465.9351118215193,679,36,0
893,477.91554519126805,1093,20,0
893,478.54109580556366,721,7,0
893,497.8316896848875,262,69,0
893,501.399680243476,607,82,0
893,500.9987859793705,1213,21,0
893,513.885647195189,693,89,0
893,516.6487962935244,400,92,0
893,522.7050999277764,944,83,0
893,553.060844239023,218,84,0
893,561.1527137193441,661,44,0
893,551.1903757668185,202,98,0
893,564.896351369014,43,12,0
893,566.9055271791916,798,52,0
893,555.2298844690563,654,51,0
893,574.0589651168641,521,49,0
893,589.4708782875189,947,2,0
893,590.163133179164,639,23,0
893,590.8940859690354,988,47,0
893,600.4101849235126,1296,53,0
893,641.9203980905478,868,91,0
893,636.537979122094,377,49,0
893,651.6894410711609,1056,89,0
893,667.4031942607792,1108,21,0
893,680.3569482470836,987,74,0
893,657.6971034043434,1016,71,1
893,685.9055793190494,1062,40,0
893,701.7791833025155,785,6,0
893,683.3821596656513,532,48,0
893,706.9154866833585,712,69,0
893,700.4583547020554,1395,7,0
893,679.0249776772433,1133,65,0
893,692.9510082356634,943,32,0
893,706.4711244580521,151,23,0
893,715.5619830974347,883,77,0
893,751.8891282569969,1407,17,0
893,765.5276611451015,1425,77,0
893,704.737284201697,1111,87,0
893,752.4471971822918,245,47,0
893,749.4540134340838,372,30,0
893,765.2799296198664,1435,36,0
894,161.96720917443622,326,18,0
894,177.35747672691426,774,39,0
894,185.5288562208649,852,94,0
894,205.3228892032227,41,98,0
894,207.56700712050355,441,47,0
894,233.38419601940208,426,8,0
894,232.61322515025083,639,69,0
894,253.0301831132281,1341,74,0
894,252.71332812627145,995,40,0
894,268.7556357642962,565,95,0
894,274.3736114056022,286,38,0
894,321.1581473234673,803,66,0
894,346.79237517498075,45,66,0
894,354.0341610824154,365,33,0
894,378.3009088346165,1432,45,0
894,395.81651043986653,505,93,0
894,372.922558863135,234,45,0
894,404.1518141764051,706,21,0
894,369.55687999325255,575,37,0
894,364.86750882377106,219,54,0
894,375.01038887049094,696,64,0
895,909.6022023621354,895,84,0
895,1026.6218884225525,1050,83,0
895,1109.2964933315595,747,23,0
895,1228.5937777814722,979,56,0
895,1237.9567063446912,484,61,0
895,1421.5352238041971,748,42,0
895,1593.1531233624878,1439,68,0
895,1579.5468276403103,985,24,0
895,1734.482443296563,894,72,0
895,1778.2082509991446,1175,24,0
895,1858.1438774237283,167,79,0
895,1965.287002388031,3,83,0
895,1951.1390239919338,252,22,0
895,2076.387652477403,616,93,0
895,2292.4802703398864,394,65,0
895,2506.0487176799907,1077,9,0
896,419.4176086385189,752,18,0
896,433.2754467891388,517,73,0
896,449.5062562835498,674,91,0
896,459.4645978447966,335,71,0
896,488.13781683212625,757,25,0
896,486.956467209806,974,90,0
896,510.7878492507561,208,30,0
896,508.55971624567707,662,36,0
896,565.8137542127831,42,94,0
896,586.2295524405158,1001,37,0
896,561.0189552275888,48,34,0
896,622.2587995010641,1134,45,0
896,578.1473353699239,191,46,0
896,661.3422874314625,434,62,0
896,615.9668885345636,1138,46,0
896,652.0041423780018,842,87,0
896,708.9574445442584,1277,13,0
896,719.3865868493895,1287,9,0
896,720.7480932010573,450,61,0
896,728.2853103139041,1080,28,0
896,697.5123143742596,818,51,0
896,730.5201233866374,707,39,0
896,817.2049868154214,256,31,0
896,807.1030178859672,1070,41,0
896,731.8880550527913,757,4,0
896,838.4935698846872,785,13,0
897,49.05123637963816,1302,42,0
897,50.003742166339414,234,88,0
897,50.62079558704046,1067,74,0
897,51.97335789381723,1416,29,0
897,52.82098583228214,1320,18,0
897,53.712321132392994,70,98,0
897,53.145283923438896,247,16,0
897,55.98197048042945,1289,67,0
897,55.79522660790693,1424,37,0
897,55.752557643101085,1006,99,0
897,55.81941857707746,704,39,1
897,58.957942149237674,1274,39,0
897,58.290583018900335,1253,35,0
897,59.47943336892445,439,66,0
897,58.82627750823954,894,50,0
897,62.03717091660256,1417,38,0
897,64.07231834481726,118,60,0
897,65.29751605048662,539,77,0
897,63.58343460122548,750,48,0
897,67.58609262210916,1144,35,0
897,63.71039808188867,704,41,0
897,68.00058008234157,212,73,0
897,67.61148252866192,356,55,0
897,66.8210199560045,224,13,0
897,65.38560567568601,1265,61,0
897,73.52125026332918,370,75,0
897,67.54306380117161,426,92,0
897,72.43634930726017,424,87,0
897,69.06886385634274,513,36,0
897,77.11823039187857,838,9,0
897,77.84412845132381,1405,82,0
897,77.99545601338652,1246,56,0
897,74.49121968221748,337,72,0
897,75.168743634934,180,64,0
897,80.07736168767833,1207,48,0
897,73.55491317122909,1171,99,0
898,648.2195672185921,366,36,0
898,695.3734028025012,629,34,0
898,756.369364489132,1215,35,0
898,793.7365164592093,827,23,0
898,888.3931766029428,697,79,0
898,983.0784397617962,925,77,1
898,943.0300042740596,19,30,0
898,986.463919548426,18,57,0
898,1131.65051814947,969,46,0
898,1181.3820201403669,104,56,0
898,1206.1390964715845,87,33,0
898,1404.76123727525,324,34,0
898,1299.5257243863432,608,66,0
898,1283.9578317685891,312,8,0
898,1606.5398306739385,958,99,0
898,1630.089232745412,1400,52,0
898,1585.4793179074513,621,25,0
899,164.75329721625434,305,56,0
899,177.04346935174982,970,37,0
899,194.6767030234239,1301,6,0
899,210.53550402597202,342,30,0
899,214.20874828759244,867,66,0
899,232.58753665700357,1002,69,0
899,231.93254707990138,106,60,0
899,246.2881149579646,403,42,0
899,256.72073288473524,644,73,0
899,276.34453745154883,899,94,0
899,280.3315414441739,491,1,0
899,301.00606394823944,748,57,0
899,335.41627286676623,952,77,0
899,310.8549436324287,279,1,0
899,351.52764252516545,1359,26,0
899,365.82416729971794,939,43,0
899,364.74137033426223,491,48,0
899,390.47750734664044,689,100,0
899,380.7318866502225,1026,9,0
899,455.431188208304,536,58,0
899,466.1489766798794,999,72,0
900,192.71680231525042,609,19,0
900,197.1648411139478,1248,86,0
900,203.35452325360114,559,51,0
900,207.65355237012483,263,45,0
900,208.6603585903499,1251,99,0
900,217.67558741248408,815,45,0
900,222.08291102306268,1437,21,0
900,221.38997499940552,811,28,0
900,235.5449352369956,10,1,0
900,235.39249635117875,1413,99,0
900,239.36397624826446,157,100,0
900,251.35168636961237,1216,80,0
900,247.9376735953091,1430,77,0
900,250.22729512440407,688,13,0
900,251.374249419904,651,75,0
900,253.90106390215647,145,2,0
900,271.20814639693606,1275,57,0
900,261.0083996975113,215,17,0
900,262.1970371929971,271,70,0
900,283.0109988724343,1186,18,1
900,275.88953419581816,1250,91,0
900,270.93430211175576,648,28,0
900,307.2769411653277,806,17,0
900,277.9557543804707,661,35,0
900,287.68030262892466,107,21,0
900,292.95641735016187,895,82,1
900,297.67741143817136,569,12,0
900,335.3010132581776,824,5,0
900,333.06560448071815,735,4,0
900,308.88415311084265,84,38,0
900,319.18679047986336,1094,18,0
900,331.1844617106989,1009,94,0
900,339.63947973002587,92,82,0
900,370.6807998764368,148,69,0
900,322.9837782407898,30,61,0
900,344.0803592789358,763,96,0
901,330.9510264343662,573,24,0
901,343.6404643380117,20,79,0
901,356.91413961008743,785,70,0
901,372.28680033458903,15,53,0
901,392.3984995954446,240,30,0
901,402.84181962829007,699,80,0
901,401.77052309060514,284,94,0
901,439.85247543726814,576,8,0
901,426.9136695857405,690,24,0
901,464.2593376059251,919,90,0
901,463.6643254153542,344,68,0
901,467.9518565690381,1281,88,0
901,520.6576929585283,1248,31,0
901,520.275288685425,1024,80,0
901,513.4834379377883,509,85,0
901,524.0858073867083,1144,4,0
901,513.5040029459011,19,75,0
901,590.2788009915412,298,20,0
901,610.610830659405,1155,51,1
901,594.2560402723575,922,31,0
901,568.3867982962115,595,44,0
901,583.774493225845,179,21,0
901,661.0156435615033,1051,65,0
901,643.8286771897042,1301,30,0
901,699.3041511840049,845,80,0
901,617.2522363742895,931,86,0
901,626.6291574489346,268,93,0
901,753.0096367745755,393,62,0
901,698.6596436899995,49,59,0
901,765.5432163839338,1368,37,0
901,753.5882465582596,875,79,0
901,799.9249422553198,31,24,1
901,799.3076996034938,669,100,1
901,740.3280273047448,170,87,0
901,776.5332591382103,763,90,0
901,878.9414712737328,1045,47,0
901,926.1005484912085,237,36,0
901,925.2972994761238,532,16,0
901,920.8977453401186,1394,9,0
901,814.6825648809818,85,93,0
901,980.5490592534769,1394,96,0
901,957.900819099741,515,90,0
901,923.3166072062322,757,78,0
901,1031.8197684569805,124,46,0
902,455.3993886589705,1120,93,0
902,500.7171848868223,341,9,0
902,555.9266665566256,626,67,0
902,603.8546150285156,619,41,0
902,618.65632626268,246,52,0
902,725.9928397585315,1209,71,0
902,770.858438002124,995,39,0
902,806.0135977803125,1305,23,0
902,860.832017008104,999,80,0
902,872.0410247201087,438,40,0
902,924.7308551770475,467,2,0
902,1054.4982422597411,287,38,0
902,1171.3157797362148,433,2,0
902,1203.7649005728301,643,86,1
903,560.696092124109,502,14,0
903,576.20060069954,731,78,0
903,600.1556862223706,990,85,0
903,606.4961675430095,15,80,0
903,642.9701403958194,1036,58,1
903,642.7070958738842,1122,34,0
903,673.3983882809397,1117,43,0
903,686.510809810732,1138,63,0
903,676.1787722408665,633,19,0
903,715.5989305108087,1360,45,0
903,704.9416838951436,107,28,0
903,758.8674186222049,108,98,0
903,789.326440488675,364,71,0
903,751.4355495943297,544,60,0
903,764.169521814942,576,41,0
903,802.994140094387,394,11,0
903,814.801493448259,1235,58,0
903,818.0622863379014,1097,58,0
903,861.3453444557549,477,83,1
903,900.7885029579929,454,100,0
903,841.2567287406122,1184,66,0
903,911.9601372162124,1085,34,0
903,948.378569432412,1083,53,0
903,881.7685657963174,1078,56,0
903,976.5573881820533,77,21,0
903,925.7454528101058,1218,97,0
903,978.0262182031902,607,70,0
903,1055.0131475559372,604,42,0
903,1030.6911314396834,255,94,0
903,1034.159346251515,717,67,0
903,1041.7021270174514,875,60,0
903,1155.9501206478376,70,70,0
903,1070.1997854715041,1045,66,1
903,1199.1526546301664,325,52,0
903,1036.2295620072266,819,83,0
903,1126.7649122089813,480,77,0
903,1070.6033139562317,448,15,0
903,1305.5940966432297,357,18,1
903,1175.0052197453615,1141,12,0
903,1322.6120020873927,1256,48,0
903,1232.1610144724395,344,55,0
903,1330.2000644150444,584,50,0
903,1334.7103701866868,877,19,1
904,309.69757581085025,150,19,0
904,325.8562228493586,1401,46,0
904,342.97740792148625,308,21,0
904,347.5790792191535,1383,6,0
904,371.23991325737165,261,46,0
904,373.61371532687673,827,6,0
904,381.7001077335135,621,68,0
904,418.8723457985228,1392,46,0
904,442.48031395130374,604,52,0
904,461.6251706976725,1235,45,0
904,443.44989460515234,1367,31,0
904,456.9085187988678,194,82,1
904,490.0131028878956,561,10,0
904,468.12568041543346,561,54,1
904,494.6380268855995,537,60,0
905,737.9778046981056,713,89,0
905,760.1106609483294,342,77,0
905,786.8781050873608,865,46,0
905,813.8276700611543,1407,41,0
905,821.0629611984567,867,86,0
905,843.6396890281165,1306,7,0
905,861.3324065912566,292,29,0
905,876.4662970986897,1342,43,0
905,938.0125147819344,235,20,0
905,911.4698611799447,1108,61,0
905,975.4454320071225,630,88,0
905,1014.856090962076,1252,41,0
905,1057.7007849872246,955,48,0
905,1009.7704921235522,378,22,0
905,1116.32606231943,1237,38,0
905,1108.1248785830112,162,77,0
905,1170.6370414359233,954,89,0
905,1129.9046483992659,187,47,0
905,1171.9430145502395,1067,38,0
905,1199.8144076019228,583,18,0
905,1134.52045259371,815,74,0
905,1196.3628523357254,761,1,0
905,1278.9444853603213,663,33,0
905,1381.2072768527892,1324,79,0
905,1267.0813291878312,58,45,0
905,1301.8179016178944,977,24,0
905,1368.5980300825022,1292,31,0
905,1391.284558906043,156,3,0
905,1353.7984676925084,987,47,0
906,405.15030365365305,339,55,0
906,438.8126700703875,78,49,0
906,465.7530361010115,907,82,0
906,492.3630275602453,223,68,0
906,525.192312718482,1076,18,0
906,535.2100456930772,1355,37,0
906,587.4653043803712,599,83,0
906,576.1550640312144,22,74,0
906,647.9892505680205,500,60,0
906,695.4368750962026,417,57,0
907,81.41928462102744,714,9,0
907,86.82011869967195,1203,46,0
907,93.33136463524815,386,37,1
907,101.29190450144596,18,39,0
907,107.22630149404935,452,98,0
907,116.53756753153152,20,30,0
907,111.86232519246332,1393,85,0
907,124.71140684064713,332,4,0
907,127.59668713866175,258,44,0
907,135.02930060957746,889,71,0
907,138.0088829793773,641,54,0
907,150.88520121110895,366,72,0
907,162.2527428988621,1021,55,0
907,160.12340910327953,991,63,0
907,172.10929278774225,984,66,0
907,169.9810760242238,766,27,0
908,958.3265851833714,75,14,0
908,1019.7703019140876,1120,85,0
908,1129.7130725997413,263,39,0
908,1212.7028493412197,619,49,0
908,1220.0995540719498,7,72,0
908,1276.5694820169356,750,69,0
908,1428.4110909510491,544,19,0
908,1525.2474982792182,588,19,0
908,1553.1745153665854,4,61,0
908,1527.3876755497458,271,78,0
908,1679.5360599269052,970,24,0
908,1746.3918770853652,663,37,0
908,1843.219119576895,1163,3,0
908,1743.3607721765727,284,51,0
908,1852.7496771168044,615,6,0
908,2256.1786593668658,487,71,0
908,2329.6053390538614,320,77,0
908,2055.489990143841,245,75,0
908,2249.6774051337416,1199,45,0
908,2306.0996511030535,780,82,0
908,2553.351762863116,219,69,0
908,2657.4504463402873,1225,10,0
908,2288.620844364116,1027,28,0
908,2661.7996257503546,135,9,0
908,2827.2600095950665,1087,34,0
908,2961.1939212518464,278,33,0
909,482.3657097632161,624,25,0
909,523.1799485576023,479,35,0
909,546.2723815805874,505,11,0
909,576.0508535209627,634,44,0
909,597.0122357833841,229,37,0
909,640.0355545734676,1307,60,1
909,681.5351178503112,312,99,0
909,770.3328197796343,47,48,0
909,732.2395470645995,798,44,0
909,834.1033839515187,100,85,0
909,818.2478218207266,613,37,1
909,856.3952690859267,1129,14,1
909,900.5851931139762,72,94,0
909,985.9287390645909,278,5,1
909,992.473740230831,1293,68,0
909,995.7330904025491,1025,20,0
909,996.4095994145564,38,26,0
909,1174.5740502767485,417,30,0
909,996.0278743128654,878,46,0
909,1244.3904849607231,1379,15,0
909,1062.7329376990408,495,12,0
909,1165.7179685436058,1146,64,0
909,1209.8506632964975,130,49,0
909,1355.988167507874,150,59,0
910,186.29948519450784,728,9,0
910,195.17002739817534,704,1,0
910,203.47808907093992,1328,19,0
910,209.93687206323506,695,16,0
910,216.59318018752398,477,73,0
910,227.72700827362894,478,2,0
910,237.21507241489707,147,15,0
910,232.12762628943344,936,96,0
910,246.21212226865867,1308,20,0
910,257.6161370392124,632,60,0
910,261.04946234023555,1159,92,0
910,256.86702699876196,507,47,0
910,282.25600559267366,202,24,0
910,294.9149154895233,867,35,0
910,299.03172193860155,163,79,0
910,317.60306066182466,374,41,0
910,320.74197121409736,218,77,0
910,298.41356430340255,1237,46,0
910,295.6190496026651,681,96,0
910,328.3565023641688,315,68,0
910,321.94934877193106,1058,22,0
910,337.76196330283597,624,66,0
910,329.4276219142757,738,68,0
910,330.82210157320895,421,88,0
910,332.36650896803883,328,32,0
910,371.14334187727445,316,55,0
910,351.91716752240615,990,31,0
910,399.81276546891274,479,92,0
910,364.740241238301,97,8,0
910,432.20260370014455,809,3,0
910,420.6838893827811,42,64,0
910,408.30923804641077,263,14,0
910,420.91568098266,198,48,0
910,452.3970663161822,1257,52,0
910,483.9580691100918,1328,65,0
911,367.484312747702,871,68,0
911,390.10074371817825,1174,40,0
911,409.8997993287685,1264,82,0
911,429.5445845340402,367,26,0
911,454.5287325113497,345,63,0
911,491.03944589631925,428,26,0
911,486.7924674472089,400,95,0
911,543.9910939908488,121,59,0
911,556.4512028312438,1265,73,0
911,525.6419630769393,1256,29,0
911,577.2645993377297,1028,40,1
911,584.0967563595359,1427,15,0
911,641.7534504186447,106,61,0
911,668.1126833211706,848,30,0
911,612.2945896332224,436,50,0
911,645.296069774245,487,86,0
911,751.8898514587925,775,95,0
911,710.096391432676,469,50,0
911,692.1349838646566,1091,50,0
911,823.3127317852367,435,73,0
911,811.0553318078428,871,51,0
911,794.7321249065893,786,90,0
911,859.9494895560896,1217,34,0
911,764.9652298807882,1040,14,0
911,938.1335612555856,661,97,0
911,863.3741228770269,1244,25,0
911,904.6654255328864,228,76,0
911,903.0820323668023,1413,59,0
911,856.7993202156662,620,86,0
911,898.713772526237,131,9,0
911,887.8263906788953,1009,20,0
911,1137.0093952065902,1354,21,0
912,858.1136317545902,1320,47,0
912,871.9367627648124,1012,22,0
912,890.5437995564623,358,45,0
912,907.3795322888092,459,15,0
912,922.4744959918239,1384,4,0
912,948.4355289271464,500,96,0
912,946.7013671753383,1246,39,0
912,976.981195561164,1232,38,0
912,1001.7584447079972,396,75,0
912,1004.9810101133146,490,46,0
912,1043.1206978295286,167,44,0
912,1052.0802077167211,1290,13,0
912,1047.1509681863438,272,54,0
912,1067.4485084217588,1015,64,0
912,1067.0029118222758,1149,41,0
912,1135.2019772302506,381,4,0
912,1139.44000837139,350,97,0
912,1080.8455012241163,920,81,1
912,1118.941899303557,389,35,0
912,1169.2289884712018,1190,73,0
912,1243.882503340963,640,73,0
912,1228.9051798599585,226,98,0
912,1216.0384432659305,818,66,0
912,1290.7936168549356,996,25,0
912,1188.1443245840073,30,100,0
912,1261.1326090964246,1327,22,0
912,1253.6421593940358,419,46,0
912,1352.2580927591694,334,37,0
912,1366.139232917163,577,72,0
912,1318.362399254436,852,85,0
912,1412.2555074134534,1412,17,0
912,1451.0661642712193,1152,78,0
912,1400.8101855464943,1407,11,0
912,1445.3941786435093,1311,100,0
912,1488.5577492421544,502,96,0
912,1359.558945045837,40,29,0
912,1374.0252614321694,284,70,0
912,1403.8487981836333,835,12,1
912,1479.3180005202505,145,49,0
912,1494.2362688781623,472,54,0
912,1387.7740147960976,564,53,0
912,1626.8133755010692,881,89,0
912,1482.9597089501558,150,1,0
912,1481.2239463673782,1184,3,0
913,683.4598325331078,736,63,0
913,713.6788102682893,1092,51,0
913,745.2144076853999,362,96,1
913,789.7642855007389,826,26,0
913,807.6026641567663,708,99,0
913,838.0404282693723,154,57,0
913,830.834381979914,1165,41,1
913,906.617039782315,714,67,0
913,912.9903808585575,603,64,0
913,995.0128010397182,845,65,0
913,950.996425900975,1291,94,0
913,993.2797073648508,1095,35,1
913,1071.321452826286,852,6,0
913,1032.5669173632336,91,59,0
913,1157.229993847229,791,50,0
913,1222.2917955916562,71,71,0
913,1205.2821436592144,239,9,0
913,1166.4017593302701,531,18,0
913,1133.677029472187,604,33,0
913,1288.0866571000165,773,13,0
913,1236.0390187523717,38,50,0
913,1292.454726522871,468,16,0
913,1358.3800160032047,638,27,0
913,1442.9419808974806,761,93,0
913,1513.462538597415,405,98,0
913,1391.4671703880624,87,93,0
913,1555.3821338090033,1409,42,0
913,1552.722818796868,1321,31,0
913,1686.741500882651,1297,48,0
913,1399.6269079587428,1309,99,0
913,1688.8197461416548,691,84,0
913,1658.6951575173423,300,68,0
913,1830.3461285972198,1329,46,0
913,1812.8052806048765,515,42,0
913,1751.0679199326432,83,69,0
913,1930.921284906241,1390,23,0
913,1751.9137740766616,19,70,0
913,1843.9350404734016,383,5,0
913,1614.8390896518674,660,49,0
913,1987.6023849589901,215,9,0
913,2068.5286907949594,194,12,0
913,1926.8025022948382,620,12,0
914,11.17238011687614,1280,58,0
914,12.152919930097628,601,10,0
914,12.841039070443298,1400,11,0
914,13.510200049255435,1046,25,0
914,14.509393159691419,1389,45,0
914,16.33612013508819,1266,81,0
914,15.871852731883834,213,90,0
914,17.770163936283872,881,36,0
914,19.318129090129958,837,73,0
914,20.83886123879565,110,55,0
914,21.580270714824525,81,50,0
914,21.135496927287917,883,96,0
914,22.291822904031484,897,52,0
914,25.476647238045455,164,89,0
914,22.75293411767157,5,14,0
914,27.049574250889414,1295,56,0
914,26.84326965554525,1300,15,0
914,24.554350275223513,867,75,0
914,28.438525902399647,218,10,0
914,30.917814436662894,112,24,0
914,30.569888459374724,69,19,0
914,30.521524520870344,480,93,0
914,36.48620366426081,303,41,0
915,187.46726111319745,15,37,0
915,223.84012088114704,1346,24,0
915,254.7076025995484,1282,34,0
915,292.4411955962335,1214,70,0
915,347.6193056723889,1082,93,0
916,550.6352777323608,1211,26,0
916,626.719681853813,333,49,0
916,659.4150893268487,124,8,0
916,708.420441888917,619,8,0
916,819.5428423840292,1099,60,0
916,814.4033321623768,476,29,0
916,949.377697402118,1190,63,0
916,1016.4320572010402,642,29,0
916,966.0165667781848,513,20,0
916,1080.6739268669107,428,12,0
917,282.2765589912183,977,19,0
917,295.8873993437416,168,51,0
917,312.485689953368,1054,70,1
917,322.2728100147263,1050,8,0
917,331.72482158502805,406,21,0
917,350.6321291511441,1159,8,0
917,369.01807842958533,978,79,0
917,377.0569717885798,668,31,0
917,408.089116994439,934,71,0
917,387.65138380529646,1364,60,0
917,416.9358648483518,70,39,0
917,439.8699599227227,1377,17,0
917,475.1115085779734,1062,12,0
917,430.4456868869016,1033,28,0
917,436.9444859997883,1187,12,0
917,486.76962559097797,1440,68,0
917,525.1490728082656,418,95,0
917,524.1463784216046,324,60,0
917,554.0301732555689,914,69,0
917,523.1017775874216,1428,74,0
918,199.8475860815306,300,24,0
918,205.21046873814493,450,13,0
918,211.27099158259878,927,7,0
918,214.6883775921391,380,45,0
918,224.95509058445086,263,60,0
918,221.67286538317163,1261,22,0
918,227.99875567750695,948,20,1
918,236.54580867900643,816,27,0
918,242.48505501822143,235,35,0
918,254.47185067380008,941,20,0
918,260.5764215681422,32,28,0
918,262.64805281103554,478,80,0
918,269.0186156685049,1046,21,0
918,259.3197793303159,1114,100,0
918,286.4259366967555,564,7,0
918,270.95019675355223,56,3,0
918,299.20433563002916,1245,12,0
918,280.74043504342137,19,41,0
918,297.6429996802503,1259,80,0
918,286.7374931298528,821,82,0
918,297.6837203914365,861,64,0
918,294.7133810721084,206,83,0
918,303.5148945649032,1009,28,0
918,338.3363045442983,363,24,0
918,332.64484799253336,834,26,0
918,313.57461362353615,527,1,0
918,313.03158789067277,1367,12,0
918,359.0207846629537,773,80,0
918,338.9301298665166,1051,31,0
918,358.3769746709004,373,50,0
918,341.5472396725769,1338,90,0
918,332.05177395490364,1176,96,0
918,370.4562183290014,1102,82,0
918,369.9982115965034,526,51,0
918,355.35639581009076,583,44,0
918,381.3967185096002,1068,65,0
918,370.8215306361874,79,13,0
918,379.06960288952433,441,26,0
918,428.7422855564132,1172,26,0
918,386.18387122173976,1344,78,0
918,384.68723727471024,771,15,0
918,405.5240468749248,21,92,0
918,405.6717534799965,1382,27,1
918,431.9086851854601,834,77,0
918,455.70363657127405,1264,33,0
918,401.703472987935,635,88,0
918,488.21048155074504,850,56,0
918,490.06746535185766,131,83,0
918,468.20162244595116,511,92,0
919,244.8967242326814,812,65,0
919,254.0994615246393,1045,67,0
919,266.7931363781977,617,14,0
919,272.0503834075949,596,95,0
919,289.2136631913242,1381,13,0
919,293.7144389499433,21,67,0
919,309.7394952114189,10,61,0
919,310.7312057241053,1243,87,0
919,323.77210212385245,538,38,0
919,327.25474905108086,435,57,0
919,332.9927528360718,1039,48,0
919,362.6894296768758,315,42,0
919,357.2161316311079,115,64,0
919,383.84482727704295,886,75,0
919,390.4404036422884,903,41,0
919,386.2797207907796,1058,85,0
919,390.53084628031854,480,87,0
919,437.44772900007524,735,44,0
919,385.5799888009594,130,31,0
919,427.63362246244617,346,67,0
919,456.8721036996819,912,21,0
919,432.83596175792246,1162,48,0
919,490.0783258530303,908,8,0
919,484.7563339182172,1233,38,0
919,445.57114558048335,114,24,0
919,441.4447360465283,437,60,0
919,482.9967625036485,602,1,0
919,517.198593255318,91,46,0
919,507.43052270446196,1162,16,0
919,546.2773262948108,552,27,0
919,519.7102145396723,652,64,0
919,498.7559771770109,335,80,0
919,500.7938177598863,89,9,0
919,560.1017115639319,1433,34,0
919,570.2205157016049,385,95,0
919,625.4854008538997,1113,75,0
919,647.5353769718589,992,76,0
919,665.5587268438771,279,50,0
919,571.7460027316619,647,49,0
919,647.0730710704329,1282,31,0
919,574.4509005798113,702,97,0
920,291.20640096785434,988,79,0
920,327.1964868000986,903,97,0
920,355.4263442373221,612,21,0
920,384.4958196531973,667,20,0
920,434.98270266602697,1059,65,0
920,440.5411774558629,696,10,0
920,439.918777168226,514,2,0
920,486.71778150764214,348,9,0
920,531.4742726581014,1246,68,0
920,538.3448302241543,1033,90,0
921,694.1526680089955,102,67,0
921,721.1971384433381,1106,12,0
921,754.7212779555593,92,67,0
921,762.1361745469899,94,2,0
921,793.510532435091,32,68,0
921,832.0252636544446,856,43,0
921,841.4235771415197,871,43,0
921,909.410536244226,1329,89,0
921,883.4002883868467,1395,30,0
921,911.3393844712526,843,80,0
921,953.0976509003574,1148,99,0
921,957.5940479702397,166,53,0
921,1044.747198028283,936,33,0
921,1078.5653347907569,274,31,0
921,1056.6180205910966,77,56,0
921,1149.5597144452656,1203,14,0
921,1167.2136575970417,1395,32,0
921,1189.9948693450783,501,68,0
921,1294.6669711743639,720,98,0
921,1320.2473041865417,432,32,1
921,1158.0888951760446,410,81,0
921,1254.2175781458723,1200,60,0
921,1419.6243437724484,858,88,0
921,1231.6470420555736,1049,11,0
921,1371.6795605624936,164,42,0
921,1496.3147334207206,1356,4,0
921,1349.2429522352609,1164,59,0
921,1306.2140137729025,651,13,0
922,983.839717449071,499,89,0
922,1027.066249214559,181,2,0
922,1096.732605027581,1413,75,0
922,1111.4702305711821,822,72,0
922,1207.1574142203322,1101,71,0
922,1194.8319899223561,816,7,0
922,1269.5575221775384,985,30,0
922,1400.081880029007,672,65,0
922,1322.9132825882352,798,31,0
922,1519.617345645178,1122,10,0
922,1474.1993813086115,1199,93,0
922,1606.9664492795937,1118,95,0
922,1572.8683009801018,429,79,1
922,1588.9297093578746,126,95,0
922,1842.5205206418489,995,48,0
922,1707.4132574225262,448,90,0
922,1676.7433899094692,808,49,0
922,1796.768272814274,1193,34,0
923,859.6527349852662,562,45,0
923,898.118601624634,683,6,0
923,930.8545315966774,59,42,1
923,992.1707626760181,1120,88,0
923,1035.4037734763529,1291,93,0
923,1080.5420276683112,1333,13,0
923,1078.5377468154609,1175,72,0
923,1126.7232557007608,49,20,0
923,1232.6823443960293,1385,12,0
923,1146.041587975511,609,19,0
923,1236.1590352021065,33,20,0
923,1292.5135991575503,699,33,0
923,1321.3611199141837,144,22,0
923,1290.949770270025,515,98,0
923,1355.2207725799617,689,83,0
923,1426.56075864568,1057,9,0
923,1500.1951323577339,1024,21,0
923,1565.866626406319,543,25,0
923,1631.688243154511,832,21,0
923,1742.1432865975742,1335,10,0
923,1665.5625206086895,305,96,0
923,1772.1680562429028,280,96,0
923,1577.82157560827,1078,22,0
924,302.07818183455475,1251,22,0
924,339.7988648786392,963,47,0
924,377.3233849379951,171,38,0
924,420.57612778488726,1001,72,0
924,421.6796954465241,1307,8,0
925,144.49322900975483,1116,26,0
925,152.91932227403336,668,60,0
925,163.66943097248944,981,87,0
925,166.23992291428402,31,22,0
925,171.04409038347896,1046,35,0
925,181.90242579800108,603,61,0
925,183.64956925466987,371,29,0
925,202.13603578040698,1257,71,0
925,215.96828200924472,1220,33,0
925,226.2257434102287,498,51,0
925,213.74845553678273,357,85,0
925,222.50281777663514,657,97,0
925,228.4274243211923,269,3,0
925,247.4765846378214,1238,37,0
925,264.323865982418,793,62,0
925,244.3310005595805,958,23,0
925,285.7904729087667,1051,83,0
925,282.7093859037632,764,8,1
925,278.51833194260564,672,48,0
925,277.37594965103597,42,52,0
925,308.4725159232913,1115,5,0
925,283.53756791404857,237,28,0
925,351.26396283511616,807,26,0
925,343.4405101676327,1279,24,0
925,375.18634451357923,916,7,0
925,379.01166286760395,464,22,0
925,318.0485268289573,1355,51,0
925,332.8935863353874,1298,5,0
925,407.079751591024,1061,16,0
925,334.88270163602107,1400,31,0
925,362.10905367334595,526,15,0
925,377.02199286873525,1250,17,0
925,409.0516394297688,811,97,0
925,388.79044644079227,621,67,0
926,220.6996653603754,191,85,0
926,229.08197976495882,4,34,0
926,241.6027446069573,976,94,0
926,245.32616333604324,994,32,0
926,262.2129303350372,395,46,0
926,265.00260578394375,539,91,0
926,272.3922496436661,1275,49,0
926,288.67815793871915,467,94,0
926,306.1804331497977,597,54,0
926,304.93768489670947,664,80,0
926,305.9193371578691,173,38,0
926,341.37723675441623,507,24,0
926,343.85719959664607,1343,15,0
926,329.65847211430986,1072,1,1
926,339.4586140586931,1421,64,0
926,361.3717729754269,555,66,0
926,360.1111748972977,773,37,0
926,367.57876675380163,710,76,0
926,391.4481841795798,827,86,0
926,372.6586813781578,441,42,0
926,419.11376752949394,698,32,0
926,381.8987689607378,809,89,0
926,409.9024553725486,146,56,0
926,472.0127759064097,57,25,0
926,466.99446793383436,140,80,0
926,482.3494714557546,106,48,0
926,480.2474898090934,876,96,0
926,430.1946486346536,1085,13,0
926,473.39596168144266,1223,86,0
926,517.2165773579359,861,84,1
926,542.8083921189618,304,83,0
926,562.2705520144234,1161,53,0
927,867.900317035341,616,3,0
927,890.8912577666888,343,27,0
927,916.6051248745177,569,45,0
927,917.2088097522097,979,36,0
927,965.1861822797044,473,77,0
927,967.8660053926618,264,39,0
927,983.0389682841939,1327,58,0
927,1035.3605596545142,560,25,0
927,1059.917004249758,243,52,0
927,1024.456022624935,651,87,0
927,1034.049379090108,52,75,0
927,1098.043573346924,173,55,0
927,1139.3659783109508,483,92,0
927,1175.47813510962,702,53,0
927,1166.7093179326885,363,18,0
927,1141.221504577527,1319,20,0
927,1208.76410788796,709,4,0
927,1180.1480498121803,1328,86,0
927,1279.319931742647,860,62,0
927,1264.484644260634,1282,52,0
927,1322.4644481479274,1118,6,0
927,1226.943508099505,334,5,0
927,1353.0769758268602,296,84,0
927,1304.5442831090688,1418,6,0
927,1443.5443977616665,925,57,0
927,1398.6633170944997,573,7,0
927,1349.2214752532868,42,10,0
928,399.35383262135946,1318,82,0
928,433.08745575054417,920,20,0
928,480.33207919127074,104,94,0
928,508.7414550644151,1234,31,1
928,587.370100759187,1426,42,0
928,614.4466907865591,861,2,0
928,674.8002803635569,930,3,0
928,719.033169584735,379,12,0
928,675.9040253793553,987,6,0
928,712.8786837313849,1281,1,1
928,883.6094140313288,1254,37,0
928,840.7998964119092,462,6,0
928,899.2872535863432,285,5,0
928,977.7223750308822,107,55,0
928,984.615122914634,150,84,0
928,989.0390591215055,637,22,1
928,1128.8738123550038,715,17,0
929,279.5928444532753,545,49,0
929,286.5737926618284,187,47,0
929,297.56946274004326,1244,4,0
929,306.46648378176826,1267,18,0
929,313.6817248020419,1367,28,0
929,326.33087149174054,830,28,0
929,339.5414352072178,1087,31,0
929,332.44757255308025,595,47,0
929,345.76696360715675,895,42,0
929,355.49542130502914,227,7,0
929,351.909022593773,1128,45,1
929,367.7524359113959,1256,43,0
929,371.4667203721532,149,93,1
929,376.62077162103833,836,29,0
929,418.9734710048923,434,45,0
929,418.6181936336865,288,96,0
929,393.3891200981519,525,3,0
929,403.6998155327474,1176,4,0
929,427.58550476456537,411,77,0
929,434.3050422200779,930,76,0
929,466.707695111817,514,4,0
929,440.14405398396957,1253,15,0
929,502.9963996655539,268,98,0
929,478.8887011591675,762,45,0
929,466.7928883058022,1324,16,0
929,529.6798717834432,172,1,0
929,476.8506202668822,216,36,0
929,507.2692099903791,834,98,0
929,473.96183265518323,955,93,0
929,542.0997102476636,119,9,0
929,491.42053995244464,1315,69,0
929,525.0439837920557,1044,98,0
929,523.069330772154,937,20,0
929,566.2012679481757,271,10,0
929,514.2841974780283,623,14,0
929,556.9102580151277,456,66,0
929,528.4271824264999,375,33,0
929,553.3727672560947,1438,63,0
929,603.0639856826557,277,27,0
929,625.3275432613765,891,59,0
929,577.739648088847,317,57,0
929,692.3749831523533,1022,27,0
929,701.8469697642298,715,31,0
929,598.9789157852822,382,38,0
929,672.0211240849125,1015,83,0
929,608.007109448167,1206,27,0
929,704.9867816795913,1397,96,0
929,683.4197153025165,1273,31,0
929,748.2300169630801,174,90,1
930,551.5117515932039,640,47,0
930,569.6993920869324,23,84,0
930,596.5487259090526,856,28,0
930,607.8043226575578,1154,74,0
930,635.8249555672836,131,47,0
930,650.5482539881453,635,91,0
930,663.807519838149,292,38,0
930,693.3957364747376,177,98,0
930,746.6223616968791,961,17,0
930,756.5810189227284,389,6,0
930,725.8697233783507,1096,61,0
930,759.7285782005911,1129,4,0
930,825.8366365824174,150,35,0
930,793.3821682528558,893,18,0
930,842.3538348990827,6,53,0
930,913.52796406842,208,93,0
930,901.904366864668,544,11,0
930,943.5855853047287,475,5,0
930,873.738983517067,176,20,0
930,952.3187573165242,282,59,0
930,1016.9785379857085,1187,99,0
930,1016.3499055507464,975,31,1
930,1092.99150688888,1079,93,0
930,1042.6443010687085,832,25,0
930,970.5143679373105,846,89,0
930,1121.2733209116245,776,95,0
930,987.0599211378596,1208,64,0
930,1077.5445992708226,279,45,0
930,1022.7780484987086,1091,38,0
930,1056.290281636628,816,16,1
930,1255.88566936738,1038,96,0
930,1068.4198361839626,211,62,0
930,1227.8508664162719,396,90,0
930,1356.4513678591866,1348,35,0
930,1333.5834729528817,766,85,0
930,1189.5076810965884,155,67,0
931,440.58594546944374,14,75,0
931,465.99364701718207,750,78,0
931,490.2179481207395,307,52,0
931,498.90227451344447,235,15,0
931,517.7716542189376,871,67,0
931,555.2742250867118,1165,98,0
931,559.318734800451,787,4,0
931,633.2211537377939,931,32,1
931,660.3305702933983,752,48,0
931,655.9721142618091,1269,37,0
931,692.8013094459126,1184,78,0
931,680.3646208606851,1373,22,0
931,727.6874303421953,1106,92,0
931,692.461732794444,451,18,0
931,819.8051520302417,723,35,0
931,791.7909732892672,259,75,0
931,856.2908779575059,1371,11,0
931,834.853231594914,535,94,0
932,150.55917689481677,549,7,0
932,155.02004713647818,544,47,0
932,162.87345897403455,473,80,0
932,165.74173551236706,1253,52,0
932,170.11465160597504,841,66,0
932,174.28424869687956,93,66,0
932,176.4167442989115,237,45,0
932,182.775992858052,470,58,0
932,188.28456623062894,291,34,0
932,206.41289583835513,520,58,1
932,201.23600603616367,735,14,1
932,204.4960340778248,153,23,0
932,210.01341414632694,392,48,0
932,210.50244115406193,991,70,0
932,210.1411523529343,93,25,0
932,217.67121459211742,1208,80,0
932,219.48943287056625,1404,36,0
932,243.74398838090153,121,5,1
932,253.55965555916492,209,64,0
932,231.34552696108196,1267,41,0
932,259.4339570289014,133,53,0
932,267.0653464852122,1296,29,0
932,273.23111562874243,363,32,0
932,289.5774031918859,853,19,0
932,251.62664655902194,415,41,0
932,293.08521502416284,719,47,0
932,311.379276668698,545,28,0
932,313.3054896400521,205,45,0
932,269.6637032734687,928,50,0
932,324.02267733872725,396,25,0
932,304.6295431248882,1265,85,0
932,308.1917212829187,449,10,0
932,342.9739069111602,872,66,0
932,347.6519868825672,975,58,0
932,298.7613817587271,305,49,0
932,330.48760963170247,927,73,0
932,303.93701413529516,450,42,0
933,872.8534729497707,636,59,1
933,897.2977327807598,150,94,0
933,935.3947075837447,1403,89,0
933,941.6153140363784,20,15,0
933,988.3609017665166,834,81,0
933,1030.7907899326106,758,42,1
933,1050.964551229278,649,25,0
933,1077.0610991410692,394,83,0
933,1100.1543348900157,2,48,0
933,1118.9039051463851,1278,44,0
933,1197.6640107864919,1251,35,0
933,1132.4379900741005,1145,60,0
933,1150.9341841591986,702,73,0
933,1289.4631215039437,350,56,0
933,1322.5862192918903,1258,19,0
933,1335.311976589397,1241,47,0
933,1269.0425668169541,1226,10,0
933,1432.4715470988097,796,6,0
933,1327.5844115535378,398,1,0
933,1402.375265349344,1200,98,0
933,1530.3509154925816,900,66,0
933,1556.2387960837134,1149,77,0
934,812.8979891556477,52,9,0
934,873.0465730007652,1166,87,0
934,913.8475139601609,701,18,0
934,980.9235208527869,1030,60,0
934,996.270135535555,1328,31,0
934,1061.5495729074378,696,86,0
934,1106.0614769209715,57,3,1
934,1214.2530454685,269,5,0
934,1289.907177602424,862,8,0
934,1191.2543326863656,43,68,0
934,1266.8217134272452,1033,65,0
934,1393.3859009843068,262,7,0
934,1400.3311519851031,1031,49,0
934,1523.594247295653,555,11,0
934,1588.3334227597406,1381,50,0
934,1594.4630104758385,1215,50,0
934,1493.997956916637,61,3,0
934,1806.9288610583767,533,37,0
934,1846.1805410831153,209,30,0
934,1670.4852872237245,1027,67,0
934,1701.8558339836695,469,27,0
934,1740.859597391223,266,35,0
934,2044.5834445197415,125,98,0
934,2131.0797074110096,1276,99,0
934,2123.8337797165905,510,52,0
934,1897.6195070078843,957,22,0
934,2206.504208971276,1365,11,0
934,1957.1611705481487,1301,43,0
935,672.6660409797161,1214,78,0
935,682.4937038583098,1332,25,0
935,694.8225563001192,597,69,0
935,704.4587414375442,1132,1,0
935,712.7742185903219,230,21,0
935,720.1598803644123,237,32,0
935,740.6022590439754,28,10,0
935,748.0412244160124,1182,46,0
935,770.2248120297886,927,76,0
935,756.569003827309,616,84,0
935,807.6521119373738,239,8,0
935,789.8715539997365,864,80,0
935,818.2663256576675,79,41,0
935,846.8662795967589,321,99,0
935,829.4862834639263,709,92,0
935,859.7631744028561,77,6,0
935,879.047266069335,285,39,0
935,834.1310130027429,58,53,0
935,883.6160580436974,1427,41,0
935,936.137212410401,1052,85,0
935,905.8368571612166,344,4,0
935,928.335717662282,38,95,0
935,946.1647328212839,1400,17,1
935,973.6855058928061,700,43,0
935,921.4589258688593,886,84,0
935,948.8474818329115,803,44,0
935,983.1844246809785,1274,76,0
935,939.2735350358339,416,92,0
935,1053.874614999017,296,52,0
935,996.7957993673837,1060,39,0
935,1022.2891939683834,1305,73,0
935,1017.8387108256123,152,82,0
935,1112.4425894243004,351,13,0
935,1067.8557569002178,999,100,0
935,1137.7449770097,531,99,0
935,1078.3048734192312,246,42,0
935,1123.811087373852,813,29,0
935,1083.413488757937,1168,6,0
935,1159.9454072752267,299,62,0
935,1082.8463134323138,9,53,0
935,1215.8379222712963,621,11,0
935,1083.3794819009522,432,53,0
935,1063.621059331644,178,7,0
935,1098.934958606476,1385,76,0
935,1106.4598787647692,425,2,0
935,1234.0708173634753,1387,87,0
935,1215.0278680431556,916,43,0
936,598.1885847602448,332,59,0
936,615.7183117593295,738,55,0
936,625.9425368838189,706,98,0
936,654.7860506477316,195,86,0
936,679.4643634982019,427,92,0
936,690.230216114708,986,52,0
936,688.9256361833949,1197,36,0
936,716.2676489235603,59,6,0
936,749.6249881958315,137,3,0
936,775.7313168267086,1409,36,0
936,748.4380490479017,1240,16,0
936,802.8607969663431,211,52,0
936,781.9400814016624,1090,18,0
936,819.7241802362788,644,84,0
936,795.4774918846836,1137,45,0
936,824.1269860873817,81,6,0
936,915.1278821097004,944,88,0
936,892.4922546739633,796,36,0
936,956.3599881410237,31,45,0
936,901.7802919804707,1032,73,0
936,908.7365707294524,1195,7,0
936,888.214727560425,256,77,0
936,905.8912685552434,1142,96,0
936,927.5540600432216,699,79,0
936,1088.6212033849777,631,65,0
936,1068.9811287486505,24,5,0
936,1097.031788289104,178,100,0
936,1068.3477119022862,1293,91,0
936,1049.7249195319973,513,22,0
936,995.9775704459615,803,12,0
936,1103.421687197064,788,37,0
936,1066.4928151576037,492,20,1
936,1135.8210989028303,76,77,0
936,1068.8075649002799,242,85,0
936,1189.6818760519968,1262,66,0
936,1263.7582526368194,294,46,0
936,1175.6048802638302,1194,1,0
936,1309.93319537214,162,53,0
936,1232.8401643839607,1227,65,0
936,1217.9242677841555,331,97,0
936,1379.0639428865748,526,48,0
936,1318.0141032740792,461,30,0
936,1380.6247127114248,1305,70,0
936,1276.6288876371252,218,20,0
936,1219.9129528936091,67,12,0
936,1359.0185822872127,1196,50,0
936,1271.7261309822654,371,76,0
936,1454.9753363669124,1291,97,0
936,1283.5663402735636,191,97,0
937,219.89151460445376,1320,72,0
937,230.777362473915,73,78,0
937,245.22441956376406,1045,27,0
937,256.28358963249946,565,16,0
937,267.66614983110736,1212,38,0
937,277.1100739791199,1247,23,0
937,281.6854879924773,1363,35,0
937,318.3641163916825,275,54,0
937,315.9189937284293,810,15,0
937,320.22969252161784,980,43,0
937,356.6679165921514,224,40,0
937,360.7563788972471,70,68,0
937,342.96082647599917,736,55,0
937,392.3499114508817,343,60,0
937,376.8632048271925,985,63,0
937,384.32128332997377,1356,76,0
937,435.1337062284081,643,100,0
937,406.9261044529896,1051,83,0
937,483.3640835594937,462,20,0
937,482.1989010734545,833,79,0
937,481.18117295033824,253,2,0
937,469.22155191752665,407,18,0
937,467.06664423097095,921,15,0
937,548.2322209162119,519,50,0
937,487.4690379219347,931,91,0
937,526.1329465205712,914,9,0
937,556.5690639387939,969,94,0
937,600.1518216846899,445,80,0
937,563.3235360734876,547,78,0
937,524.8499666972288,200,15,0
937,632.6779316140871,367,90,0
937,567.4715065554503,1357,63,0
937,562.2529082907507,140,93,0
937,701.6997668109519,494,56,0
937,638.1148668309575,419,29,0
938,230.95955842072328,472,6,0
938,238.38812006444462,1348,63,0
938,244.98028671328422,1204,70,0
938,250.99727028899613,1315,79,0
938,258.9964417847399,158,31,0
938,273.75294048556407,1293,99,0
938,280.3575647207052,748,42,0
938,296.3780311183978,859,29,0
938,283.34594979971695,327,78,0
938,308.4219441073722,944,60,0
938,303.78432361571333,1342,26,0
938,323.85264396538196,908,26,0
938,334.64811968610957,844,81,0
938,333.3349749465459,1203,82,0
938,343.86025716611437,999,31,0
938,345.4768080386343,133,18,0
938,382.4098206116669,1035,74,0
938,345.528389354534,592,46,0
938,348.39027590713965,61,9,0
938,356.53809052050366,671,100,0
938,391.0474568844124,976,34,0
938,418.1269665139646,299,7,0
938,420.06379103629615,94,31,0
938,426.8761322165062,362,45,0
938,391.14449142827505,303,56,0
938,417.6057873825574,1326,25,0
938,423.28587095380897,734,24,0
938,455.9678308261823,6,78,0
938,451.0011526675454,501,75,0
938,454.7359724210247,726,29,0
938,431.84275135478276,720,8,0
938,492.0042470282522,211,71,0
938,496.0998567961794,690,68,0
938,489.2728243255995,283,54,0
938,490.9869359935354,352,98,0
938,530.1871808988981,628,84,0
938,459.01490130710033,759,82,0
938,513.9843782270796,1407,85,0
938,575.2608108710335,331,67,0
938,540.8825493292911,854,69,0
938,602.4387292547246,5,68,0
938,515.3255968151748,973,72,0
938,602.1174491251252,1134,10,0
938,530.560329195187,1431,21,0
938,596.6537225624035,667,25,0
938,575.8406552105779,140,69,0
938,542.6141257559772,1376,86,0
938,668.3133766017427,49,14,0
939,429.022461992755,509,67,1
939,442.21415045826194,901,31,0
939,457.1850166798832,563,30,0
939,469.367388833782,1374,39,0
939,492.06519419423694,908,25,0
939,500.99827944939585,1238,5,0
939,522.4969106645055,1309,6,0
939,545.7977893896085,98,48,0
939,582.7541634786961,377,33,0
939,554.6140794037958,449,40,0
939,561.0667450299912,438,78,0
939,601.503429010992,212,4,0
939,622.1273923257107,101,83,0
939,619.949946319078,909,89,0
939,660.6861442571493,527,71,0
939,658.6259726201245,1274,18,0
939,679.4227110829402,644,97,0
939,685.5009643423726,1194,85,0
939,711.8847080686722,1110,83,0
939,735.9744376790184,938,69,0
939,720.1419618628076,54,77,0
939,819.3676646685092,463,78,0
939,742.3217306213415,513,45,0
939,868.0721907561851,676,6,0
939,846.5646103125156,578,20,0
939,770.8711605639809,205,96,0
939,822.0631337496528,417,2,0
939,837.8883913449881,225,59,0
939,938.9222471488793,624,87,0
939,963.9233248877479,376,79,0
939,836.4109980255805,587,72,0
939,1022.043751041063,804,4,0
939,905.4079370418581,993,52,0
939,1035.5601066781114,1366,68,0
939,913.7649740251532,1417,23,0
939,957.2732515580665,97,34,0
939,916.7327681165424,485,65,0
939,974.7285649335853,327,44,0
939,1018.9575602389805,600,13,0
939,1004.6757684093462,1043,26,0
939,1161.1010596205329,576,54,0
939,1078.840877837606,26,23,0
939,982.4662585006021,1054,51,0
939,1170.3834303098283,1000,22,0
939,1158.685992049408,1408,67,0
939,1105.991091463098,282,77,0
940,203.60791467851232,930,68,0
940,219.82031835445665,1429,60,0
940,241.47319555329375,723,50,0
940,258.07721996212433,1434,78,0
940,269.8744757515979,179,18,1
940,289.0471391245854,145,27,0
940,301.2363392842625,929,23,0
940,337.28441901894956,874,17,0
940,317.05074107528935,697,48,0
940,373.16638233188513,903,65,0
940,340.69690958090104,980,95,0
940,394.72683506784824,705,29,0
940,360.90772843975753,360,97,0
940,448.6296548237237,1058,35,0
940,440.1553158522744,1400,82,0
940,422.63522634203696,1059,17,0
940,481.4450178989557,1384,11,0
940,476.3229009847593,1405,3,0
940,520.359907092394,1016,45,0
940,504.8541043740257,1119,54,0
940,474.77967468900584,1204,61,0
940,593.4240929000038,962,3,0
940,549.1008267015214,289,87,0
941,973.5553705707981,779,45,0
941,1134.2701094961437,695,23,0
941,1297.047896746919,1124,78,0
941,1335.910781624728,1254,57,0
941,1539.273423182357,488,6,0
941,1725.7647746779194,158,13,0
941,1912.894829180842,491,61,0
941,2015.334028444107,1370,64,0
942,673.9584400924449,1386,57,0
942,697.6471043186539,817,3,0
942,724.7965978637234,843,6,0
942,762.2461886124087,315,37,0
942,786.9567707182212,737,98,0
942,827.4868979283887,289,90,0
942,874.0657192614524,1128,64,0
942,902.1155705502891,696,22,0
942,913.2343926507475,1395,98,0
942,933.9064003662133,1049,42,0
942,975.0376131027757,714,21,0
942,1046.0971907294777,705,87,0
942,1017.1296619493783,1398,88,0
942,1071.472789681878,499,51,0
942,1129.3712853576537,939,68,0
942,1140.736624415967,1194,16,0
942,1192.9652172152535,697,77,0
942,1241.8397216658013,1396,60,0
942,1280.426151043015,1194,47,0
942,1104.7688746953881,924,61,0
942,1180.5307036913953,1372,68,0
942,1273.1444398188025,1302,21,0
942,1230.5309512785602,705,28,0
942,1248.899883660426,650,84,0
942,1309.6619030535746,1208,75,0
942,1453.5845442311106,528,74,0
942,1281.7911595824385,378,27,0
942,1390.500178820033,1337,46,0
942,1519.5905150208057,1050,43,0
942,1657.555024084132,67,22,0
942,1681.6106601052297,1271,87,0
942,1468.2233838627112,1030,55,0
943,549.6161759105509,1173,28,0
943,560.436606759114,1202,16,0
943,570.7149770872095,978,95,0
943,583.1944383897242,819,22,0
943,591.870729920151,976,96,0
943,610.1809337795817,663,61,0
943,605.9437159071367,807,93,0
943,615.7863870147931,211,66,0
943,626.6775476094945,1222,77,0
943,627.5760393886092,54,76,0
943,646.5392525445253,1272,32,0
943,684.6359888190005,1177,88,0
943,670.8547009558871,386,70,0
943,682.0317363392401,750,25,0
943,717.8409839006854,694,55,0
943,695.8382130360203,1430,98,0
943,734.9486641272186,653,16,0
943,726.8584096498435,105,60,0
943,756.2025999963518,306,83,0
943,750.2108113040342,285,77,1
943,745.3641172991231,107,80,0
943,800.5658749540103,644,9,0
943,757.7398354036553,1427,77,0
943,768.2056442406622,1343,42,0
943,757.4173689697864,352,3,0
943,774.203015719637,143,34,0
943,818.3527757681093,1212,28,0
943,825.335614197146,732,61,0
943,864.9598811549683,1143,12,0
943,826.0474543480303,1285,61,0
943,915.804131100199,1415,68,0
943,870.4590994977611,527,84,0
943,851.9947273683325,946,72,0
943,842.0250846441885,253,10,0
943,915.1273241645174,1381,26,0
943,869.6647202769481,929,2,0
943,863.9867516173335,348,88,0
943,936.6249195434414,1090,32,0
943,955.56073794733,500,44,0
943,894.0511291462958,1151,15,0
943,914.3510466796755,606,30,0
943,1036.8866675339618,1271,81,0
943,978.1502514670628,916,71,0
943,947.4046018811343,448,94,0
943,913.0825746167443,308,55,0
943,1080.5045612410208,401,80,0
943,1112.7803909090821,797,75,0
943,950.9482187680364,1066,11,0
944,767.6101308892842,630,68,0
944,780.4607752854221,1103,74,0
944,789.9687972345353,1215,73,0
944,797.1548549430022,306,59,0
944,810.7522020105796,901,8,0
944,816.86779148766,1051,70,0
944,852.1475586602321,976,51,0
944,847.568271662699,388,24,0
944,880.9304019978832,178,78,0
944,866.9516114944354,939,9,0
944,891.0617752603581,1271,3,0
944,913.6088357034496,1350,12,1
944,923.0493940605955,717,43,0
944,950.8252465376751,434,29,0
944,966.805791176852,645,81,0
944,934.8176314077928,1270,23,0
944,940.3754950343825,970,31,0
944,976.9129688724017,1295,89,0
944,980.8457731711469,1405,87,0
944,979.239318969238,126,96,0
944,1051.6765168405423,581,40,0
944,1063.6498888637616,81,87,0
944,1001.0473601903875,887,46,0
944,1089.8983861253646,827,13,0
944,1037.3069519529934,1290,36,0
944,1033.33144608507,1396,31,0
944,1033.0965835686106,164,78,0
944,1140.6741768061509,1248,23,1
944,1092.6542209942063,307,17,0
944,1177.3020710944074,1015,5,0
944,1087.4911254008202,469,75,0
944,1181.1553922115675,22,45,0
944,1193.2694042077078,626,49,0
944,1227.3831975622152,69,40,0
944,1112.58685569338,728,21,0
944,1131.9854210655315,1029,11,0
944,1226.7341181636973,1147,91,1
944,1273.1098511198709,639,73,0
944,1158.9120953721936,1040,98,0
944,1190.61945201162,484,52,0
944,1212.0811410338474,608,79,0
944,1309.7103615955702,1260,22,0
944,1314.7234767748628,468,74,0
944,1352.834322251853,1141,79,0
944,1214.5348451139726,1112,33,0
944,1262.7130489020842,514,59,0
945,47.08822188715721,1305,83,0
945,49.94718640036001,1222,58,0
945,51.714506098752885,1291,8,0
945,55.4372201053632,278,97,0
945,59.904285176800066,1297,20,0
945,59.75856426450024,837,26,0
945,60.24478161024781,1260,23,0
945,69.25962656793217,987,80,1
945,73.25311284937757,192,25,0
945,70.14833232973349,567,68,1
945,70.34375849877529,121,59,0
945,80.1919837384588,967,37,0
945,78.17888349331768,1137,46,0
945,83.34787835141816,496,75,0
945,87.81422857485892,752,37,0
945,94.46156231115219,156,63,0
945,96.62694336524227,1099,44,0
945,96.16862746558385,267,84,0
945,99.46213929962704,366,100,0
945,93.51190681069846,1440,73,0
945,95.5700667566783,1079,37,0
945,94.05874380138256,210,10,0
945,98.51609337127175,232,64,0
946,880.0542841881979,408,6,0
946,908.9126785118906,871,64,0
946,932.7103687273,63,72,0
946,944.5016023645846,476,20,0
946,976.2596719787441,36,19,0
946,999.1799287652103,152,98,0
946,1019.2644105319556,1395,49,0
946,1033.3900696335872,211,87,0
946,1061.6978872091631,1295,50,0
946,1139.5875173610143,811,12,0
946,1099.5888727439976,188,16,0
946,1149.134563990796,544,5,0
946,1231.5198795141514,1346,5,0
946,1190.3137104062266,252,12,0
946,1206.1871457485759,92,36,0
946,1281.7355638708834,1334,66,0
946,1267.6086237406332,1245,29,0
946,1354.1918801261925,978,65,0
946,1360.4388290943416,328,89,0
946,1442.263934820115,822,65,0
946,1485.0307274531483,949,55,0
946,1463.5300153148708,925,65,0
946,1580.4295620584007,1427,90,0
946,1368.8070919529478,672,52,0
946,1576.1342633808513,529,32,1
946,1514.7876464017581,818,76,0
946,1525.9507023349106,243,86,0
946,1542.4885437146365,812,96,0
946,1764.40040521406,1381,94,0
946,1682.274639803744,861,18,0
946,1535.5572534333637,512,41,0
946,1861.8715496084687,1171,63,0
946,1826.6474875109752,284,55,0
946,1704.706859256544,1169,79,0
946,1749.8070565868393,1269,81,0
946,1806.765847827361,911,45,0
946,2001.8804054647064,784,99,0
946,1862.4988550174621,519,90,0
946,1718.3666492228558,1198,74,0
946,2014.3651642661005,995,22,0
947,754.1139037010872,1087,76,1
947,1039.9668341213946,746,51,0
947,1435.779718955564,588,49,0
947,1568.8652879211345,1190,77,0
947,2000.6621928802479,900,35,0
948,650.5824663895403,996,69,0
948,803.3383701245193,517,79,0
948,1006.1444412798087,13,86,0
948,1180.4720506928443,1179,17,0
948,1188.1624988556216,554,10,0
948,1551.6994964424257,685,19,0
949,962.7516987760633,1105,97,0
949,982.570819000046,227,32,0
949,1007.5262639371787,1091,86,0
949,1028.3541139881636,761,4,0
949,1026.2639455036601,20,91,0
949,1077.2585541560293,105,10,0
949,1061.844431533179,983,22,0
949,1073.7729583220614,205,99,0
949,1099.1750068353026,1047,85,0
949,1163.020262621637,1277,89,0
949,1125.7594081206664,138,85,0
949,1174.5747558527414,918,90,0
949,1185.7459128649798,724,52,0
949,1228.6813028503084,407,11,0
949,1272.3180124851644,1151,21,0
949,1243.2105218974637,268,49,0
949,1327.1084414293757,17,77,0
949,1223.80979781095,129,32,0
949,1355.8024872774422,654,89,0
949,1321.479476917133,467,35,0
949,1337.1978877441206,1313,76,0
949,1337.6895304688624,473,62,0
949,1386.5463250056118,606,51,0
949,1482.4929419270507,1065,70,0
949,1364.6427669293653,981,16,0
949,1368.9800963265207,940,3,0
949,1529.0196660180372,962,31,0
949,1395.4078736714805,406,21,0
949,1564.2950402710917,450,73,0
949,1504.0371265075005,1062,91,1
949,1444.6970120535514,60,11,0
949,1672.052232413569,489,99,0
949,1582.4302442010282,365,87,0
949,1495.8262577789958,1269,70,0
949,1533.5998247689804,409,5,0
949,1654.4970921461882,1142,45,0
949,1611.9229135257185,251,24,0
949,1534.1018156768182,604,19,0
949,1630.945312090567,721,56,0
949,1825.0307347283638,390,82,0
949,1747.7469120998767,1102,17,0
949,1691.607115413989,86,19,0
949,1832.680549983466,535,25,0
949,1678.1275555008465,750,38,0
949,1656.628281069552,17,42,1
949,1981.7859388990537,463,25,0
949,1805.6974629668737,418,98,0
949,1782.5441588540411,825,27,0
949,1909.5953130662103,981,59,0
950,255.68682516317674,889,41,0
950,259.8623387856442,1002,62,0
950,263.1481327805563,158,12,0
950,267.38582009339694,25,95,0
950,275.38852406487075,1244,31,0
950,280.70563132686067,1145,19,0
950,282.0890300279758,803,52,0
950,287.48788080644897,976,48,0
950,291.58346902878685,275,25,0
950,296.0318071300587,705,46,0
950,299.4211273807724,1272,84,0
950,298.00572366786247,539,7,0
950,299.3169702267063,74,86,0
950,317.18725896094156,924,38,1
950,314.03975322433706,951,51,0
950,316.45265143242113,541,90,0
950,320.7292979618154,1114,34,0
950,339.7628796372651,326,77,0
950,341.5986834919515,407,5,0
950,340.59109397515215,589,65,0
950,331.5490909223188,99,42,0
950,331.36516058443954,200,100,0
950,351.46032032706165,1256,88,0
950,370.36376449672633,1258,9,0
950,365.2137289592623,330,23,0
950,357.02306009742216,1317,3,0
950,347.1741849294723,1393,45,0
950,351.1849787118697,1014,9,0
950,380.8389770423488,626,94,0
950,377.9544978172154,1001,92,1
950,378.86250954381165,356,4,1
950,399.7457835041181,310,74,0
950,394.11198517927403,518,8,0
950,394.4602625923752,226,53,0
950,420.0252229900911,1057,10,0
950,373.80329140993365,1268,16,0
950,420.2329781053511,882,89,0
950,437.00971029128226,232,25,0
950,445.6705216710202,768,12,0
950,430.6564432692732,724,79,0
950,422.5239259545904,1415,88,0
950,454.2986505029412,246,72,0
950,450.0860232411904,580,76,0
951,752.8674158757203,418,20,0
951,848.2225348647779,533,10,0
951,931.5167185886785,132,32,0
951,947.2027770785187,874,89,0
951,1110.192492997282,1122,16,0
951,1184.5714263583525,1173,53,0
951,1264.0587563767392,171,52,0
951,1421.0756080628066,962,90,0
951,1470.8318349584154,536,79,0
951,1439.6986464299448,1175,45,0
951,1643.7510284289563,608,13,0
951,1683.375926484183,855,98,0
951,1567.5408989574535,473,10,0
951,1611.2447810549493,313,17,0
951,1820.1037958665304,1118,20,0
951,2191.113197525987,384,98,1
951,1974.7632966159597,651,79,0
951,2032.1842988083513,89,70,0
952,779.6644972060147,1080,94,0
952,820.2075475574891,1112,29,0
952,841.2944329616205,1078,65,0
952,874.8391333211737,965,6,0
952,948.1537194853292,734,70,0
952,952.559906704547,566,60,1
952,987.8885166838295,1274,69,0
952,1035.9666540140001,1087,38,0
952,1120.1550594298656,411,50,0
952,1087.6011873548732,1101,76,0
952,1082.5376120639232,378,73,0
952,1102.183739506071,341,41,0
952,1201.9408275909486,743,60,0
952,1213.3800486473863,658,46,0
952,1255.0255178976904,330,7,0
952,1326.8878228442527,814,71,0
952,1331.171072029947,659,63,0
952,1336.0457702061094,455,69,0
952,1506.2259982508251,1263,58,0
952,1376.423303066913,737,35,0
952,1417.845236697095,30,36,1
952,1475.1092665318401,463,59,0
952,1704.021953369925,955,41,0
952,1659.4389018007514,1173,96,0
952,1790.9687701783598,940,9,0
952,1493.5466497695293,12,34,0
952,1854.8794999079278,386,34,0
952,1760.8875737280948,138,93,0
952,1897.3700878712839,900,98,0
952,1697.4908970490076,138,87,0
952,1724.9810195252064,1115,47,0
952,1898.5986307559197,37,59,0
952,2094.719769404483,1008,18,0
953,237.42506130056694,907,96,0
953,256.21168411502504,721,73,0
953,270.5806829808398,939,12,0
953,293.32290624972495,815,25,0
953,296.1938137868215,143,6,0
953,314.612618013746,95,52,0
953,346.26241434289693,1248,21,0
953,351.2316590684295,1350,75,0
953,379.14441198960054,1149,41,0
953,390.95189048649075,835,57,0
953,444.8366684945659,68,35,0
953,442.70473081371273,743,100,0
953,482.89517544954515,1242,52,0
953,480.11490342397843,971,47,0
953,489.8218945480182,663,40,0
953,504.2286693189114,504,25,0
953,544.2027425287007,753,61,0
953,528.3733841405315,77,34,0
953,534.9361805048324,1065,34,0
953,515.5808533697018,225,10,0
953,602.5421885449729,546,50,0
953,602.130958591074,142,31,0
953,697.7099072399651,499,14,0
954,178.84651791667147,1087,55,0
954,183.89111934466538,861,22,0
954,192.04612588298446,790,77,0
954,193.84608156936739,1191,53,0
954,206.92128676501642,1150,98,0
954,214.061352191735,101,85,0
954,214.79534762064412,516,94,0
954,220.10809709648535,320,62,0
954,234.90784974448053,1080,45,0
954,245.88869400556106,284,54,0
954,240.3099526003788,732,73,1
954,234.39587473415781,343,100,0
954,241.3615719202735,1356,39,1
954,255.8638773856444,79,29,0
954,268.96453874897645,586,72,0
954,277.66018957254516,561,73,0
954,270.7606164055989,7,59,0
954,300.9351967773284,6,16,0
954,273.8088006465518,1112,54,0
954,308.5165403602249,740,17,0
954,304.280200721724,1219,41,0
954,321.11155933649593,1416,97,0
954,295.7239428076613,1290,47,0
954,338.5866430318712,891,55,0
954,337.68978725463046,376,67,0
954,307.6182209522832,1377,53,0
954,366.31845622690184,1375,22,0
954,349.07527964751614,690,6,0
954,321.61354410617037,1049,35,0
954,372.71543570870455,1295,84,0
954,393.5682342584116,496,89,0
954,345.6398832990763,991,86,0
954,370.31102510317004,1412,95,0
954,352.8211539790225,631,42,0
954,349.105880488789,189,68,0
954,365.0458017649271,882,32,0
954,391.01602075223707,247,35,0
954,371.445130616288,879,3,0
954,378.17571118757076,128,96,0
954,405.55982439694105,778,34,0
954,415.9177086355727,176,25,0
954,430.9397595566563,1301,52,0
954,393.8061666039401,1338,57,0
954,472.4635369081913,1186,75,0
954,497.83998886784696,1097,86,0
954,440.85030040767714,1268,74,0
955,15.796154564026349,356,13,0
955,16.04374395741346,736,69,0
955,16.26136957318287,1428,95,0
955,16.417830695281367,1085,38,0
955,16.56382593947165,1182,46,0
955,17.11012445502551,1170,74,1
955,16.926808394118616,1173,43,0
955,17.312891876032193,910,98,1
955,17.316784352005648,898,31,0
955,18.122501721793714,358,55,0
955,17.633647108145517,1153,72,0
955,17.847260257178625,895,63,0
955,18.963781342895956,639,53,0
955,18.531477382555217,989,23,0
955,19.32851753183449,1430,78,0
955,18.89650550178976,15,62,0
955,19.166295795764928,307,24,0
955,19.308721329523852,474,51,0
955,19.36884044873386,440,40,1
955,19.60909535378444,791,47,1
955,20.013722046221414,430,17,0
955,20.073238850666023,75,9,0
955,21.54741151612253,471,97,0
955,21.38355167580619,682,38,0
955,20.517820508465704,639,76,0
955,22.363198090749847,459,51,0
955,21.72629361902446,384,44,0
955,22.7702241706534,850,86,0
955,22.1714550023946,394,50,0
955,21.407286620459555,1315,30,0
955,22.218211454419272,1401,80,0
955,22.071131378121116,252,41,0
955,23.94700585673489,223,52,0
955,21.80101215595873,631,12,0
955,23.817807649498423,115,30,0
955,24.879015463167676,243,65,0
955,22.718709229453495,281,10,0
955,24.358123046090334,347,58,0
955,23.357068170115934,818,96,0
955,25.04202836349638,1137,79,0
955,23.46001645589096,1270,16,0
955,24.709605039208355,782,50,0
955,24.54163466571822,356,6,0
955,26.517760886801188,1076,96,0
955,23.783101633645707,1418,53,0
955,24.053808166685396,817,96,0
955,26.204646319546754,759,47,0
956,638.0765124373696,1365,61,1
956,665.3583519908332,1000,86,0
956,696.9196956246208,1099,8,0
956,707.3553583491249,1184,12,0
956,751.5576041930854,911,100,0
956,741.9720876754816,1350,100,0
956,805.7449511447991,1353,83,0
956,816.2243410491885,288,41,0
956,815.6714692536364,798,14,0
956,850.5463649491069,1073,27,0
956,936.6831107262107,1311,46,0
956,929.5347243662468,1079,49,0
956,932.7545074461117,958,70,0
956,967.2714138514455,988,43,0
956,1001.4894005147352,1404,73,0
956,1025.9278408799382,740,39,0
956,1094.7491492411655,1322,16,0
956,1010.0228175724852,562,56,0
956,1122.0725870013775,452,99,0
956,1053.0562135456998,504,42,0
956,1138.0764168427058,723,58,0
956,1102.3637288635841,403,16,0
957,102.06993665084184,869,77,0
957,118.8762039560705,831,22,0
957,141.62651632735762,55,100,0
957,161.98941679941075,1103,15,0
957,179.0837720258503,393,46,0
957,186.32944489219977,728,9,1
957,243.8699628208904,846,51,0
957,225.5484465407115,1380,44,0
957,284.18326719738366,1294,17,0
958,117.41315082331461,962,55,0
958,119.77557191089643,1232,81,0
958,122.13543141897121,8,86,0
958,123.99159776025114,1278,42,0
958,126.0264666327572,840,80,1
958,128.81470633114654,165,97,1
958,127.947438037872,466,82,0
958,129.3092571585863,715,81,0
958,133.65923857449343,1035,13,0
958,137.61622432665706,1257,90,0
958,134.11946738486057,1120,53,0
958,143.74180559882157,274,71,0
958,139.40750850171054,637,68,0
958,147.16456405797186,1269,48,0
958,141.7666615927945,1410,17,0
958,144.37460892413526,837,38,0
958,145.6496631820557,920,8,0
958,148.00162998166587,600,96,0
958,158.85241897813322,852,73,0
958,151.32523197521738,1055,58,0
958,164.45576069054715,1424,2,0
958,165.7149373637191,549,49,0
958,154.42373226153833,1197,59,0
958,159.58057449583032,1347,51,0
958,167.6503912791958,244,63,0
958,174.96427770132036,1026,81,0
958,172.43726842445625,317,8,0
958,174.11203530467256,1326,1,0
958,179.0206158438275,315,7,1
958,182.2189145283785,354,41,0
958,177.86834898775157,469,22,0
958,172.62896613245465,614,66,0
958,178.883354121816,697,6,0
959,265.8808427028016,1217,6,0
959,272.12714837231357,620,90,0
959,275.0506719880183,1226,74,0
959,283.98012914663025,554,57,0
959,290.93754582007284,963,59,0
959,289.20369045145895,132,90,0
959,299.50357194677315,475,8,0
959,299.2064372470055,1328,30,0
959,315.47095156670036,960,15,0
959,322.0517584699916,967,52,0
959,327.9042703707977,983,13,0
959,334.5088215660109,405,5,1
959,325.11011051992557,407,95,0
959,345.01814661731856,773,62,0
959,330.9312152512724,332,80,0
959,355.3942580008835,231,43,0
959,349.92355941283506,906,98,0
959,357.460871927666,1425,89,0
959,361.4703461355835,415,59,0
959,347.55495168541086,588,62,0
959,371.9956579453448,809,87,0
959,362.1977579366152,859,100,0
959,400.4791334317397,1120,62,0
959,408.8234175881602,595,91,0
959,407.9513785687133,1098,53,0
959,394.51104095854225,1025,49,1
959,387.63266324504804,1328,51,0
959,395.6979187085743,346,80,0
959,425.5022213385695,1219,81,0
959,429.03962479549807,348,75,0
959,402.3529246507182,927,88,0
959,437.65148593690327,475,14,0
959,435.62993597182475,746,46,0
959,432.7365450117435,1035,72,0
959,441.8178215131194,1086,21,0
959,489.82049699434987,1358,57,0
959,475.6149900919528,450,10,0
960,288.652691374305,452,85,0
960,311.4511206346394,1414,39,0
960,329.4536853044378,31,59,0
960,350.09592321889136,33,65,0
960,375.8996816845233,511,52,0
960,388.1413622175363,347,94,0
960,424.70050467463193,1109,45,0
960,432.35796899424724,849,94,0
960,452.2761816924289,746,19,1
960,478.9116053717452,924,55,1
960,478.13289966864966,1067,63,0
960,542.1743057566222,724,57,0
960,493.96459143547213,469,39,0
960,553.2487027497693,446,70,0
960,597.2868832346459,1047,85,0
960,565.8309807755579,1435,73,0
960,610.4035825002093,298,70,0
960,567.6124288767994,669,5,0
960,604.2370993091855,874,1,0
960,615.6630514377977,1258,68,0
960,712.2601185307096,546,25,0
960,730.4237490747632,918,77,0
960,736.6080006089983,1122,43,0
960,693.0495663459715,1319,7,0
960,707.3752449110598,1413,32,0
960,809.0130498066285,1088,23,0
961,987.0563586612667,563,36,0
961,1008.6186823796622,94,69,0
961,1041.128462885198,308,98,0
961,1063.47639686758,730,8,0
961,1089.4169764512137,840,30,0
961,1137.9760560482664,1161,31,0
961,1140.9415833310754,481,10,0
961,1187.2932944113577,1356,92,0
961,1216.0984111632883,840,6,0
961,1255.8690366493965,233,64,0
961,1254.9440863931961,1187,55,0
961,1217.7441460024015,1270,71,0
961,1335.7848370149297,833,46,0
961,1319.7485404044178,771,36,0
961,1407.1954182137374,1072,20,0
961,1412.9991113929773,1158,19,0
961,1315.2525546195725,832,90,0
961,1487.8488291367694,565,50,0
961,1425.1789269985798,87,91,0
961,1537.8539496388864,1108,75,0
961,1424.101628159087,300,41,0
961,1535.297938663654,1388,43,0
961,1566.4511434092012,1160,34,0
961,1583.4722877934123,1433,92,0
961,1586.6906660181294,699,87,0
961,1520.9364867824902,1279,37,0
961,1683.4906581136397,844,83,0
961,1758.5177693766152,749,75,0
961,1749.5131340342925,15,29,0
961,1799.2646325060093,1029,56,0
961,1722.8613498737573,504,84,0
961,1910.9757832026587,665,97,0
961,1696.176357523621,321,8,0
961,1893.1892899145123,882,65,0
961,1923.4823691304598,662,31,0
961,1708.0629427421864,1198,28,0
961,2000.3298010826757,1348,39,0
961,1954.9185217040008,1087,53,0
961,2067.0555982716724,732,9,0
961,2139.6390644706116,694,74,0
961,2136.7643349767177,357,33,0
961,1981.8977436733903,1435,49,0
961,2169.6960485652007,994,40,0
961,1946.9586946612344,720,86,0
961,2089.930408536079,971,29,0
961,1991.9905298317688,906,40,0
961,2054.3114499479734,1400,84,0
962,129.81350579557417,1286,29,0
962,136.17198542436736,49,74,0
962,145.18819305657715,119,61,0
962,153.34754111292926,18,3,0
962,165.00184489342834,846,43,0
962,167.20874136852348,237,9,0
962,171.27347799516937,135,44,0
962,179.13367526398483,993,22,0
962,187.73069422792005,979,26,0
963,640.6280013440152,1392,46,0
963,772.2018873013367,739,46,0
963,989.8804738015684,9,31,0
963,1143.0372464174784,692,21,0
963,1168.3197929257149,477,51,0
964,903.4903567127092,565,30,0
964,913.2346552310802,601,99,0
964,923.595420936913,1392,77,0
964,934.8000758583571,55,51,0
964,961.1183121519571,444,23,0
964,972.0512272170014,500,7,0
964,974.376864836682,307,75,0
964,981.7145358800244,652,13,0
964,1016.5369044649838,604,85,0
964,994.3405328994718,725,98,0
964,1045.1330580282595,832,61,1
964,1013.1365688433885,1415,1,0
964,1062.248400128979,851,81,0
964,1031.8348532453747,786,40,0
964,1079.119876111614,881,66,1
964,1108.7293958184957,353,42,0
964,1097.1309925501314,518,90,0
964,1144.835717049889,1309,3,0
964,1107.676535926614,1245,64,0
964,1161.1770755250836,1359,69,0
964,1175.5078407309156,605,6,0
964,1179.462290089035,1151,49,0
964,1118.8013616604171,899,92,0
964,1132.2355252102334,772,55,0
964,1148.4381345866993,57,81,0
964,1266.2397534861007,925,47,1
964,1213.9511048831735,922,7,0
964,1265.2138864060196,267,98,0
964,1288.2997234169409,777,1,0
964,1319.1843839043363,1389,53,0
964,1269.526427588058,752,93,0
964,1219.0226019198396,548,20,0
964,1309.5667008023788,856,62,0
964,1316.734010134586,1000,41,0
964,1235.5794809406873,230,78,0
964,1279.5980365335856,1215,83,0
964,1419.3676299689826,865,97,0
964,1327.3850609164992,175,89,0
964,1329.6968898042248,400,67,0
964,1456.0009570825405,593,17,0
964,1292.9281378631258,489,54,0
964,1395.0514992325639,1277,20,0
964,1359.441458236381,131,41,0
964,1407.949310486332,1004,19,1
964,1361.154799345223,278,23,0
964,1556.3538308446703,286,30,0
965,25.702591324068948,860,19,0
965,29.47139576956442,1258,17,1
965,34.32430250739134,1154,5,0
965,36.31161211804253,482,9,0
965,42.69390584837965,754,84,0
966,362.05391181569723,262,69,0
966,404.03096614964494,1264,26,1
966,447.8222053308347,575,11,0
966,467.5983572081825,253,37,0
966,506.5981923744417,888,2,0
966,577.893669889016,1093,93,1
966,552.5165765800069,1246,17,0
966,633.6196791654738,792,55,0
966,623.6364816325943,966,87,0
966,716.8937683132646,1341,26,0
966,782.2547678338441,547,23,0
966,801.8297822754689,325,72,0
967,189.25991328932722,1129,7,0
967,195.81442603486255,584,93,0
967,199.16049334743644,342,16,0
967,206.20984455699855,289,49,0
967,211.62453784209927,721,95,0
967,217.22257315218758,835,10,0
967,229.34751601280425,178,79,0
967,235.06523977939887,1111,23,0
967,227.23509785566054,870,47,0
967,241.19113155977587,822,2,0
967,242.49342634465307,1096,24,0
967,248.2014999756617,78,21,0
967,248.80965001572216,534,33,0
967,257.0336941395534,589,94,0
967,255.03615067188912,525,46,0
967,257.922643575127,327,26,0
967,286.34387251143175,1354,58,1
967,297.2560387064624,404,12,0
967,273.7040944234313,1394,95,0
967,307.1992440238565,309,30,0
967,321.58415156056367,787,40,0
967,306.65089157132957,323,91,0
967,305.6569410826601,84,70,0
967,314.0612115647589,220,80,0
967,304.821940212084,1287,23,0
967,313.8835172640424,1006,18,0
967,320.9997190526176,836,51,0
967,349.1084026331548,1257,34,0
967,347.3065354377402,576,74,0
967,322.3725165381769,726,72,0
967,374.1395608104134,832,86,0
967,341.62840209418664,104,35,0
967,367.21097775890325,110,55,0
968,826.1125113581647,578,95,0
968,842.0449831166172,805,63,0
968,863.3741759037785,1132,19,0
968,891.2842744280687,736,59,0
968,918.1711141179874,202,15,0
968,919.7773497136275,359,40,0
968,937.5045014175663,1245,95,0
968,936.2065797764587,174,61,0
968,957.6552413366593,871,46,0
968,1014.5514443482733,608,37,0
968,1025.2384831211339,1067,90,0
968,1027.510592162876,1392,52,0
968,1042.5142906676256,507,16,0
968,1040.501864196145,851,100,0
968,1128.1691177109792,259,46,0
968,1108.0219724112105,837,59,0
968,1113.1188313319485,1413,83,0
968,1113.0428616476124,346,35,0
968,1231.8073323695075,289,1,0
968,1219.1499953330072,1119,58,0
968,1156.7535846194633,79,82,0
968,1242.8633881091785,445,92,0
968,1279.0823246397085,986,62,0
969,898.7197058811096,1116,74,0
969,939.5880057300498,1363,83,0
969,976.0003641754815,652,32,0
969,1017.9519198891028,421,4,1
969,1057.9506465941656,561,74,0
969,1128.0704476474048,329,28,0
969,1146.2609419322448,270,92,0
969,1141.4628270754213,1343,44,0
969,1215.0581626499245,721,83,0
969,1305.3564803744773,333,39,0
969,1320.0254209750892,302,78,0
969,1277.7519737853574,698,35,0
969,1375.9929534021096,1311,37,0
969,1428.130491648011,826,48,0
969,1437.2847681631306,949,62,0
969,1422.1762228529578,460,75,0
969,1480.9867820047566,76,79,0
969,1481.2919579175857,983,30,0
969,1627.793322916652,979,55,0
969,1621.043743040113,1315,91,0
969,1754.4682426407023,623,51,0
969,1824.714365366562,487,50,0
969,1752.892918941618,1027,8,0
969,1720.7295655933572,210,36,0
969,1911.4416220756234,24,10,0
969,2034.5758575748991,98,79,0
969,1877.9328253110928,973,52,0
969,2060.432555662239,770,46,0
969,1902.5571662577445,38,55,0
969,1998.01191456374,447,20,0
969,2040.1904484691484,1390,32,0
969,2188.953114424683,1400,20,0
970,491.565401522398,765,31,0
970,643.8702200576871,101,56,0
970,778.5280527370699,861,47,1
970,891.5879709823649,1310,67,0
970,1061.123566990328,1401,35,0
971,948.1501012427217,554,75,0
971,1004.8562662053272,1400,99,0
971,1103.3076701632538,515,65,0
971,1196.591184216223,1036,90,0
971,1267.710998176418,335,98,0
971,1307.3837480935567,1002,97,0
971,1426.0671234708677,353,33,0
971,1355.7509814171967,1272,46,0
971,1400.7051278338524,1096,24,0
971,1631.762271331052,1198,35,0
971,1698.508257316977,1358,42,0
971,1843.0102892844127,111,7,0
971,1664.9448400424405,1209,43,0
971,1973.9413602458253,804,18,0
971,2028.152152800038,412,49,0
971,2092.1606044603977,487,64,0
971,1892.1566925228794,891,52,0
971,2056.656964652758,159,65,0
971,2230.3779032414695,677,65,0
971,2296.4684999664414,387,50,0
971,2218.696631537421,639,76,0
971,2204.5995695868537,706,14,0
971,2208.7272519476082,572,44,0
972,303.8554358378468,110,91,0
972,338.7455064167815,329,43,0
972,369.44766026718025,1117,23,0
972,413.79697956600313,1395,87,0
972,469.92600743280934,1390,4,0
972,510.8210472911428,1430,14,0
972,514.6635236348147,567,18,1
972,503.31679348540456,116,94,0
973,770.7606182625874,1393,36,0
973,845.531363626948,1162,10,0
973,898.2080534510012,1041,3,0
973,959.6221912374558,210,94,0
973,1001.1939532236539,675,14,0
973,1134.6127980843462,546,15,0
973,1188.033006011201,857,91,0
973,1207.8269309601487,796,79,0
973,1244.4120684450013,164,31,0
973,1324.3713119247786,482,40,0
973,1368.759604421868,1153,81,0
974,972.9070114144124,302,54,0
974,996.6522509420572,545,44,0
974,1031.8649989229173,344,57,0
974,1055.6485920959926,406,67,0
974,1085.9584348024493,826,33,0
974,1088.9433594513175,1172,51,0
974,1130.4151499289164,627,31,0
974,1155.9000557116506,163,75,1
974,1199.0030813525964,617,3,0
974,1170.2466781271073,705,96,0
974,1259.8922294695972,271,90,0
974,1192.7349957090375,556,36,0
974,1224.789850619874,699,66,1
974,1301.4952357492657,762,75,0
974,1338.2201026221496,734,92,0
974,1286.0760586049623,975,76,0
974,1317.0557503945838,1055,57,0
974,1375.6783082185932,14,74,0
974,1397.4241843307132,1065,30,0
974,1445.1294650234586,1433,13,0
974,1468.3474786851955,712,77,0
974,1501.9181496794208,191,11,0
974,1582.8009866227708,639,69,0
974,1635.566487867295,1083,90,0
974,1528.345385893217,527,73,0
974,1622.604187526536,1323,5,0
974,1551.9235276168884,478,75,0
974,1532.3997106761203,719,87,0
974,1580.766767314949,977,92,0
974,1714.214249546053,597,53,0
974,1831.7783641812794,991,76,0
974,1743.015745751479,572,64,0
974,1726.134537998256,47,43,0
974,1699.6230007468162,1433,74,0
974,1901.3039010052676,762,46,0
974,1917.8908961622924,1162,87,0
974,2035.432159511276,324,56,0
975,269.7779334810062,475,96,0
975,278.6269832042378,765,37,0
975,284.2037280267046,1033,25,0
975,297.1063362774671,418,8,0
975,303.943727434436,148,32,0
975,305.64211942999196,504,68,0
975,318.0173584830584,1166,82,0
975,326.3151625770864,35,46,0
975,338.951523791474,421,45,0
975,330.12163434972575,378,99,0
975,336.391841156563,158,14,0
975,360.0439391069439,950,8,0
975,363.3895209983068,733,60,0
975,388.9899919394188,104,40,0
975,375.2999463526671,647,91,0
975,415.47723679532066,390,78,0
975,383.9083428244191,103,7,0
975,387.45566404538766,675,33,0
975,398.50702629108866,1043,51,0
975,406.2302205096719,216,66,0
975,429.30819352464164,1017,26,0
975,446.6212706144488,689,100,0
975,427.35082740602087,658,8,0
975,464.4123158632613,1037,52,0
975,431.93639707121656,613,70,0
975,482.9944012835847,547,49,0
975,490.1316967284549,497,29,0
975,474.3975321972495,704,44,0
975,482.0160460209128,1087,48,0
975,549.1288846292391,801,67,0
975,483.34909063692663,104,71,0
975,474.2156169315161,6,26,0
975,581.8104651166873,167,23,0
975,549.1351997558982,1434,13,0
975,497.4280609414329,1281,15,0
975,581.7851211678199,815,20,0
975,534.554666588811,1392,94,0
975,559.3085811605456,1440,50,0
976,758.4707100623398,1083,22,0
976,852.5182943603766,960,9,0
976,931.6029125383366,1027,48,0
976,997.8120765419997,61,56,0
976,1156.2758214053347,854,56,0
976,1240.361961586353,262,48,1
976,1338.634254723874,78,63,0
976,1446.7296586944117,686,25,0
976,1324.2469275457215,657,17,0
976,1512.6777871446557,634,44,0
976,1482.353695861575,463,92,0
976,1566.9208300723817,45,25,0
976,1819.015542586119,1162,15,0
976,1841.3987168248022,785,83,0
976,1717.3519438362719,33,58,0
977,223.3384609055398,600,20,0
977,237.93334022464614,280,53,0
977,249.55812002929747,795,8,0
977,261.62078806453343,445,36,0
977,273.08486654862776,89,67,0
977,300.7662372193836,27,77,0
977,317.24380721938974,634,75,0
977,297.4651066115439,982,84,0
977,315.52432226046767,1205,78,0
977,345.45071080795816,1170,10,0
977,339.1524775267463,979,84,0
977,392.43285003192284,162,65,0
977,358.6013966559607,431,8,0
977,365.5244157912514,1350,14,0
977,433.4658031723619,39,19,0
977,391.46510822385176,533,26,0
977,447.0017205953157,938,82,0
978,305.4256477883233,58,21,0
978,325.3210111631554,1187,39,0
978,345.4290592506012,481,44,0
978,361.06209894201794,823,51,0
978,367.1338799953249,1148,89,0
978,374.33383592087404,646,100,0
978,421.39713334650475,597,69,0
978,422.538919838821,1379,37,0
978,459.35776529123586,755,41,0
978,472.39772001493986,889,35,0
978,463.94199798455713,369,60,0
978,487.24725942555807,1257,56,0
978,501.00573033486864,1186,47,0
978,501.0533216586912,463,24,0
978,560.1956406360925,1068,90,0
978,539.8839480657095,77,23,0
978,525.1222653820626,957,88,0
978,547.3963981363416,1242,85,0
978,582.2113043898703,1169,27,0
978,634.8585817229273,258,64,0
978,699.6377921304888,1075,90,0
978,601.8282862257686,1228,35,0
978,603.7895812867644,417,93,0
978,661.4066886533062,977,54,0
978,706.9130138052184,1247,60,0
978,648.9275087744459,1186,71,0
979,26.403427959448575,1218,74,0
979,26.85947824464341,574,3,0
979,27.619244656407925,244,71,0
979,28.10981821233453,442,46,0
979,28.664661912469057,1321,78,0
979,29.522325288790398,1429,5,0
979,29.408271478563183,459,3,0
979,30.733945688562052,962,70,0
979,30.529986267470072,976,89,0
979,30.84479530968813,1063,44,0
979,31.777848106122338,268,39,0
979,31.477255447975764,1083,41,0
979,33.005922021572204,592,81,0
979,34.139621052729034,362,8,0
979,33.17504717996268,632,94,0
979,33.08490894538635,739,85,0
979,35.808506545858855,1183,37,0
979,35.605977911659174,1199,66,1
979,33.95317153056457,316,33,0
979,34.723182445262026,1196,20,0
979,36.08912696139738,1282,34,0
979,38.45851769081264,868,86,0
979,39.81257808218176,188,98,1
979,38.39167311520665,1008,88,0
979,40.777499643803424,178,47,0
979,38.203939244157525,881,72,0
979,42.20037584876785,533,24,0
980,154.87373007900973,1305,27,0
980,178.06853282251038,500,48,0
980,208.51623993895458,1036,67,0
980,220.53990747228008,1210,59,0
980,277.59560844884186,523,86,0
980,312.5793114702259,236,39,0
980,307.72610048071454,871,56,0
980,318.9033736959611,451,15,0
980,395.76504324958637,903,58,0
980,442.7313535855509,1429,51,0
981,818.3176189491176,433,57,1
981,916.3991798274476,1426,86,0
981,1013.4034847214693,340,54,0
981,1105.9217311347484,748,19,0
981,1259.9670145644359,1156,71,0
981,1386.6685787335623,225,86,0
982,539.6152848375509,754,85,0
982,591.3539595795189,585,48,0
982,621.8832488025114,1286,52,0
982,672.8518891444642,1055,82,0
982,757.051605894778,762,60,0
982,748.3102919874827,877,23,0
982,831.1651036467382,835,90,0
982,886.2631838308627,597,94,0
982,902.6723940966672,613,47,0
982,977.9736119209366,1207,74,0
982,957.943469570504,1257,97,0
982,1018.9640271813706,109,94,0
982,1017.8136062128174,1372,36,0
982,1132.6120803539484,42,12,0
982,1062.875358544646,988,100,0
982,1200.4650744660516,440,80,0
983,593.7621797005085,1081,80,0
983,610.4420465481419,391,79,0
983,628.3608817674407,350,82,0
983,645.8871218142295,567,1,0
983,662.9494696284671,487,89,0
983,687.2223844586431,858,75,0
983,692.7738229515109,804,82,0
983,692.235669203698,881,84,0
983,752.2473904858986,1165,12,0
983,730.9252907374803,263,88,0
983,735.2135274502995,112,49,0
983,779.9029483473369,1007,4,0
983,768.9943392750131,417,1,0
983,810.5514669669711,1302,98,0
983,813.9501609142767,1233,59,0
983,816.3247602313922,1333,97,0
983,891.6106235142755,381,35,0
983,928.4371159445088,1197,35,0
983,891.8296855796623,384,44,0
983,950.9186261014904,874,26,0
983,908.3367995804214,357,74,0
983,915.096645389998,871,67,0
983,981.0195427235927,1317,57,0
983,944.2420124569477,1066,18,0
983,947.5320502192346,109,14,0
983,993.2487630436231,1418,14,0
983,1113.0032069731167,1204,32,0
983,1000.8621056069863,465,90,0
983,1122.294819141423,148,50,0
983,1182.2226440943773,164,21,0
983,1061.0235218198002,628,45,0
983,1176.1112299247684,671,92,0
983,1233.943706046623,269,15,0
983,1053.7061313158301,491,94,0
983,1175.636043804835,643,87,0
983,1127.0260155200565,393,44,0
983,1103.6217296069021,788,79,0
983,1111.823031000221,1291,21,0
983,1220.248810622089,1384,49,0
983,1381.43485681957,1409,61,0
983,1238.172221876064,304,99,0
983,1392.9272265384757,707,59,0
983,1196.513313498349,596,24,0
983,1294.4413476435325,1425,19,0
983,1431.2614657166782,194,38,0
984,345.4262667315157,1194,6,0
984,360.81327155458774,1320,50,0
984,373.4783734909739,641,97,0
984,389.82153883172293,669,54,0
984,395.1501419548683,867,98,0
984,403.6552973632083,1170,25,0
984,440.14543212196975,900,93,0
984,428.3875229787127,693,94,0
984,465.3533710722179,1030,45,0
984,489.7388564375742,1326,71,0
984,496.8985373827311,1125,31,0
984,524.7592016472242,409,80,0
984,529.7076664475461,239,88,0
984,556.2735118571359,1007,52,0
984,575.6979268010372,1216,99,0
984,525.3884105773142,23,24,0
984,605.3469473484772,540,79,0
985,885.7259277697395,948,45,0
985,905.4952889105992,120,61,0
985,924.7325332718276,252,9,0
985,945.8067089543348,454,11,0
985,962.7025907595674,93,93,0
985,987.6976278028246,903,55,0
985,999.5303100962666,577,96,0
985,1010.3874300852433,1368,51,0
985,1022.5948995021593,171,32,0
985,1063.195269745685,1304,66,0
985,1077.4492230602284,819,90,0
985,1133.191210613083,604,15,0
985,1111.1255354401076,580,8,0
985,1091.9286925106467,529,8,0
985,1114.2424100994874,1046,41,0
985,1144.7113344463642,977,84,0
985,1152.5229250161503,984,59,0
985,1209.3236898823252,698,89,0
985,1157.0231211195346,1291,75,0
985,1171.9183612311185,123,34,0
985,1189.7228450655416,1299,96,0
985,1274.026173530988,1295,69,0
985,1377.4069297540466,282,68,0
985,1387.1792651222333,883,13,0
985,1400.5404638784203,1170,55,0
985,1297.0076150288035,61,40,0
985,1382.4219916819593,638,50,0
985,1435.5736166477855,616,18,0
985,1313.2982556571328,259,76,0
985,1527.2792044481043,1115,55,0
985,1522.4774530151117,21,90,0
986,160.483949720932,1194,96,0
986,163.67073577978465,189,56,0
986,167.28686035723393,1405,91,0
986,172.82267692715655,1097,25,0
986,174.9653949155186,1134,70,0
986,179.3234746144583,337,58,0
986,178.64699218361397,1328,80,0
986,180.2383022651176,662,13,0
986,192.4382283417465,434,1,0
986,195.70375573293626,787,35,0
986,201.80945782742015,75,99,0
986,190.89097435081013,562,36,0
986,204.56899984585317,1190,5,0
986,212.8985825130296,849,34,0
986,199.64338617688222,1426,85,0
986,217.22474640566475,292,57,0
986,214.05389779836315,327,33,0
986,229.78128387079016,530,11,0
986,212.55707900442715,202,69,0
986,226.75933775477418,224,74,0
986,226.02798300317244,1104,48,0
986,241.85298889717586,556,85,0
986,235.96769013944055,1250,53,0
986,251.502037613234,1165,43,0
986,246.9946053946541,140,77,0
986,244.06325426326822,1306,1,0
986,260.51500698564143,1344,9,0
986,249.34370016382593,766,81,0
987,576.8547232820641,784,25,0
987,592.4366468017502,1317,32,0
987,600.3812787652574,468,21,0
987,622.2368016071181,804,51,0
987,640.0487705914243,598,41,0
987,650.4119881244463,1347,83,0
987,672.3347150624008,393,59,0
987,669.9104394224372,1364,54,0
987,670.2685996580097,824,35,0
987,725.9387608678403,541,43,0
987,717.7667931894041,910,10,0
987,721.5293722071858,1404,69,0
987,761.9635478917265,1027,72,0
987,779.1446992597135,470,7,0
987,773.7351192010844,1062,15,0
987,829.352577781956,654,90,0
987,764.1131437631315,129,42,0
987,807.1662829956819,1198,93,1
987,863.203409087868,916,7,0
987,824.9444573162644,1322,25,0
987,918.4659309814913,1247,38,0
987,858.6754683476624,638,73,0
987,833.3595062540237,776,11,0
987,847.6526110967322,871,51,0
987,886.4838364625616,879,22,0
987,961.0185749234322,1351,16,0
987,992.6221519549649,145,42,0
987,943.8689466935416,792,29,0
987,909.4616335646419,69,96,0
987,1026.8456936779269,1041,45,0
987,926.4267808332288,2,45,0
987,1076.0570749309368,640,68,0
987,1084.8539047644404,1315,5,0
987,1145.034875299025,945,59,0
987,1082.7325378076416,1357,98,0
987,1159.385572691259,709,94,1
987,1086.7278507447247,983,53,0
987,1105.3803654826274,249,55,0
987,1131.7249590953122,1382,6,0
987,1211.3549172592366,534,38,0
987,1234.3623195062967,1236,29,0
987,1222.9682406196323,860,41,0
987,1119.5584695374632,1125,38,0
987,1090.971285625651,563,19,0
987,1284.7195544520823,634,90,0
988,209.76508628761715,246,34,0
988,225.04900432807446,1096,51,0
988,237.21417263435285,698,99,0
988,249.5349615766294,1024,10,0
988,259.9180513277427,148,39,0
988,284.99425227155393,774,65,0
988,299.1102634831844,452,17,0
988,284.0032444963456,774,30,0
988,310.2757689768253,1254,56,0
988,342.3929171917596,325,54,0
988,348.88887378407776,307,78,0
988,326.0103049156292,40,37,0
988,391.6329943476908,236,67,0
988,404.2092268581032,1073,92,0
988,356.67741216563843,1395,60,0
988,366.7219857408814,1073,44,0
988,377.5747396070532,410,77,0
988,426.09437011207706,804,47,0
988,408.85285721563014,41,71,0
988,480.310206624073,214,16,0
988,477.1181360552547,169,22,0
988,425.9003633026882,604,16,0
988,530.3262761422308,1144,77,0
988,495.5307852591785,65,4,0
988,559.3253466845013,1022,47,0
988,556.288068487386,19,8,0
989,94.02567967084285,59,62,0
989,96.3787593034281,559,59,0
989,98.16313525752643,175,79,0
989,100.63309496506125,249,40,0
989,102.32609152496413,132,58,0
989,104.84350898940646,1090,97,0
989,107.18527521490434,1374,61,0
989,111.20275640896347,1256,32,0
989,112.5585424849693,1323,49,1
989,115.399815769398,607,48,0
989,117.80889261512772,539,3,0
989,114.67552327462062,1150,11,0
989,115.6857231847286,470,90,0
989,117.09660501772215,1427,87,0
989,123.9516783112243,311,40,0
989,120.64564932514119,146,16,0
989,128.43669059880176,185,80,0
989,134.20224848265156,503,85,1
989,126.84294694465038,75,99,0
989,129.93060492095123,311,10,0
989,136.28405681759497,174,56,0
989,138.77042749874818,870,21,0
989,146.7904330109515,128,44,0
989,134.47593849264035,221,81,0
989,138.72353786121414,1095,10,0
989,145.73738451188575,1063,23,1
989,140.1501364886949,279,52,0
989,142.57541170050484,330,50,0
989,142.45580910391146,837,53,0
989,161.04252260111758,137,99,0
989,148.003181466968,1419,32,1
989,157.59341718122232,868,12,0
989,149.8165211960504,705,97,0
989,157.34052490253245,770,27,0
989,174.6623867082742,1001,76,0
989,176.95552810920515,156,74,0
989,157.15456137089473,47,9,0
989,159.917817147589,629,55,0
989,166.74880225014783,379,41,1
989,190.26467153807997,529,13,0
990,687.0495568180714,24,23,0
990,711.7494448492052,390,43,0
990,724.5308227538354,1032,14,0
990,761.6173545820957,1286,54,0
990,781.0535627751108,616,40,0
990,799.4674337701472,813,23,0
990,835.6840927955113,939,46,0
990,822.6549652761203,229,63,0
990,881.5945733969872,466,32,1
990,844.4434484953604,129,6,0
990,874.1196869591392,1229,1,0
990,881.2979510351149,368,77,0
990,916.3434042575648,1119,1,0
990,981.1387615429599,1141,59,0
990,1011.6145087630011,754,85,0
990,943.8124759701668,923,30,1
990,1049.7406830727707,518,52,0
990,1068.6690368672496,281,8,0
990,1070.1058703153974,191,7,0
990,1120.233196217921,1244,27,0
990,1019.1169746331007,1206,2,0
990,1101.331508568123,1371,82,0
990,1199.8893442615235,6,85,0
990,1115.5355975182372,603,88,0
990,1111.7946165743874,842,13,0
990,1133.6926591636684,717,46,0
990,1146.5554311255146,1420,44,0
990,1194.6163183326314,814,14,0
990,1296.5153865114926,696,91,0
991,521.7620547984768,27,1,0
991,538.4700734552728,896,85,0
991,556.7231171208731,1310,99,0
991,588.1036089646508,70,92,0
991,595.3476337879225,708,48,0
991,614.8168106738939,398,5,0
991,620.6881004205597,683,89,0
991,650.3522901549504,733,2,0
991,675.9690280935422,509,21,0
991,666.3557788198727,1433,15,0
991,741.4462552785376,1367,70,0
991,760.2634093581521,631,42,0
991,763.1396562894736,1174,8,0
991,826.9282185861452,1316,16,0
991,834.5662229039053,1343,2,0
991,774.2509588844065,1138,97,0
991,865.2582679222955,70,10,0
991,850.7239836090075,1083,92,0
991,932.7877677174642,802,77,0
991,849.743648719281,440,14,0
991,927.34642236215,476,98,0
991,858.6839121762836,1320,11,0
991,904.2069386375972,779,41,0
991,966.7392231883438,1371,70,0
991,930.7628723734626,963,22,1
991,1078.4005151963866,1365,52,0
991,1048.330687822485,703,37,0
991,1126.277930188443,793,50,0
991,1022.1142788090272,739,92,0
991,1149.6543540974785,1420,12,0
991,1058.487026071521,1341,66,0
991,1009.8143547736436,1348,73,0
991,1024.370468853006,992,40,0
991,1059.2495518277176,551,19,0
991,1129.594425969909,1170,15,0
991,1313.7158473064055,1154,94,0
991,1243.8181528508371,39,60,0
991,1290.6423749257215,202,79,0
991,1120.4955910022368,1416,72,0
991,1280.4829093721553,101,3,0
991,1382.9631659131742,611,89,0
991,1320.3867368435358,1142,4,0
992,204.58046461178128,735,79,0
992,211.35449422310387,73,73,1
992,222.90886250612724,263,82,0
992,225.84074194884485,1146,23,0
992,234.29933653597672,793,5,0
992,246.743883302078,1344,89,0
992,244.11970020785094,96,20,0
992,251.06703042138474,1172,96,0
992,265.39739903848863,1394,88,0
992,290.08824151038755,415,2,0
992,286.5669566378788,1362,31,0
992,288.31979709892784,563,46,0
992,319.7598959437471,25,29,0
992,306.0877387511394,278,15,0
992,320.03670657419934,1140,70,0
992,345.27662431113845,501,57,0
992,334.67315444820383,391,36,0
992,345.9876047242858,248,41,0
992,352.48816464742004,115,90,1
992,372.99045088994137,474,30,0
992,360.67268881478265,161,44,0
992,385.7266935885523,761,84,0
992,365.504166153786,152,81,0
992,376.61001351558843,1123,19,0
992,366.1602850058726,814,9,1
992,392.14626840863855,639,25,0
992,404.88392727251414,1134,99,0
992,382.06927947096676,1133,73,0
992,447.5536830932736,1350,19,0
992,394.7178874318282,915,93,0
992,483.11340431673614,469,6,0
992,414.28118821946146,918,31,0
992,423.8276184205631,1347,93,0
992,457.5984369436802,1107,40,0
992,437.45849743941335,289,43,0
992,500.28130965193066,741,35,0
992,444.8035128359746,245,13,0
993,58.20207898213136,268,42,0
993,60.20040570296362,1293,89,0
993,63.28460612731019,1423,51,0
993,65.72843125732852,1375,58,0
993,68.42195307360625,1123,8,0
993,71.21817945869036,196,14,0
993,72.56594943402362,742,90,0
993,71.970062805194,974,97,0
993,75.23468786424675,546,14,0
993,80.95416303665445,127,6,0
993,83.59561546498031,454,43,0
993,79.7561952550206,932,14,0
993,88.4678737871039,1109,66,0
993,87.85251725293062,1031,8,0
993,87.10515028635383,70,21,0
993,91.74738799160002,394,5,0
993,88.9071146466907,1347,5,0
993,93.63415911589212,592,6,1
993,91.4334422893403,678,93,0
993,94.35427921295296,702,96,0
993,105.83194216586104,379,26,0
993,104.50392125155231,89,95,0
993,105.07127280288337,654,39,0
993,109.02402297295794,520,42,0
993,114.94109236279897,839,56,0
993,120.22027043628319,13,35,0
993,106.3011274559716,745,29,0
993,106.81084934407238,615,21,0
993,113.83863031109513,1203,19,0
993,127.52578724409713,1151,71,1
993,113.42332850232243,188,9,0
993,132.84600221439382,196,79,0
993,114.57148484138334,398,32,0
994,148.4771335362883,1086,66,0
994,151.55648746510857,794,20,0
994,155.79745827338374,655,20,0
994,158.87334110245948,509,73,0
994,159.60300004552255,1245,96,0
994,162.7338190060542,455,25,0
994,169.76789750601824,190,53,0
994,168.3899742676969,1238,50,0
994,177.35213767652644,132,14,0
994,182.9561036093603,1040,98,0
994,176.14506114121522,875,7,0
994,190.95790184524208,1287,94,0
994,191.93488867829433,100,20,0
994,194.6131270710679,845,11,0
994,195.538226425659,1436,46,0
994,207.27790103809582,512,63,0
994,204.88001263468223,79,94,0
994,213.5450241238587,619,91,0
994,213.6590264398872,978,86,0
994,203.5528484945784,1225,39,0
994,209.10405630770936,17,3,0
994,222.80577914674814,375,21,0
994,226.15413863168772,676,98,0
994,225.88797695221444,468,59,0
994,227.77373214422363,432,12,0
994,232.50356826738061,536,29,1
994,249.4196914017663,1081,3,0
994,251.2126360332284,681,97,1
994,235.47414481527198,473,37,0
994,228.82620490872137,636,43,0
994,249.10257012982223,653,67,0
994,242.7254757721069,552,82,0
994,250.2199168902457,570,35,0
994,235.39203109049157,459,20,0
994,280.08135994177667,866,40,0
994,240.9314440416112,590,19,1
994,271.59256576363407,477,72,0
995,105.17916427549409,1365,70,0
995,109.62883972397545,414,69,0
995,115.48492074767844,1092,70,0
995,118.76383303467298,934,76,0
995,119.96401034152969,21,47,0
995,124.82343439267925,994,94,0
995,135.5553439698182,927,26,0
995,141.50846906568137,1072,55,0
995,146.11334435944715,415,95,0
995,144.41414578040178,437,59,0
995,145.17673816214264,670,22,0
995,148.40332068709495,69,88,0
995,156.50359730698128,112,67,0
995,172.87256003523396,1176,59,0
995,171.51839106007162,461,61,0
995,166.54465667729582,31,24,0
995,174.46786763571686,955,34,0
995,171.60588835952558,471,85,0
995,186.80097092443884,597,20,0
995,187.2372701480328,415,88,0
995,199.8163974667334,1369,85,0
995,185.69771357841466,641,29,0
995,196.84670616177266,234,100,0
995,204.76981633347512,1348,83,0
995,197.06672834918356,521,48,0
995,212.2536816442999,934,54,0
995,222.07603385118304,493,13,0
995,243.87596740698453,545,47,0
995,211.22941051565203,773,46,0
996,593.290348234172,705,19,0
996,637.2637264494359,488,50,0
996,664.3125778203092,35,42,0
996,688.6114670351635,690,80,0
996,736.6934924404377,113,74,0
996,809.5557947146654,246,58,0
996,829.8566893387119,1370,39,0
996,869.9202078997885,569,48,0
996,845.6141462203426,1382,81,0
996,991.027454803387,526,69,0
996,905.8065349305963,812,44,0
996,967.5026761318709,316,17,0
996,1049.5073228100478,929,36,0
996,1092.9063190824108,673,68,0
996,1111.4340580074947,274,34,0
996,1191.1269897497693,568,25,0
996,1247.1581523729506,392,67,0
996,1180.281328845848,185,15,0
996,1268.7676531148904,180,54,0
996,1236.3905939364424,1328,20,0
996,1192.1447089842593,451,50,0
996,1274.6922317172964,1300,15,0
996,1316.9664215279568,9,25,0
996,1608.5761551325077,400,5,0
996,1461.2190332677067,17,51,0
996,1551.643171804552,1422,3,0
996,1565.098191356818,780,94,0
996,1400.7077062774622,1398,74,0
996,1602.8953326237975,348,97,0
997,844.199399740131,273,81,0
997,861.1519952806316,1358,42,0
997,880.3670652983851,1180,59,0
997,914.239335046691,169,55,0
997,937.0034619515565,214,89,0
997,932.5957635010493,746,57,0
997,959.3438077649205,128,22,0
997,1003.263280354278,392,2,0
997,986.1435512637192,1089,88,1
997,995.3135210835028,979,10,0
997,1025.2537097706806,1153,75,0
997,1088.2121075176267,836,80,0
997,1112.1875574140226,1225,95,0
997,1146.3214229192342,18,76,0
997,1149.5928076256905,401,88,0
997,1183.495387533474,849,100,0
997,1119.3130627127139,351,39,0
997,1199.2842238659323,327,45,0
997,1163.1326379527786,1120,50,1
997,1279.4253749035465,717,25,0
997,1176.5475533373376,791,41,0
997,1186.6086391788192,173,1,0
997,1289.443599544119,889,68,0
997,1222.4783418921963,1408,30,0
997,1322.5910830211803,1215,90,0
997,1359.8828533396004,577,16,0
997,1284.8424655432686,278,61,0
997,1359.10955507066,287,47,0
997,1361.333852211606,197,57,0
997,1539.9576070450655,372,54,0
997,1371.1576890760218,854,35,0
997,1498.582817745109,1195,86,0
997,1579.5508852209146,1296,16,1
997,1516.1761511686377,1116,29,0
997,1653.8418151756503,1430,75,0
997,1663.4818624183379,411,50,0
997,1652.521349336825,808,31,0
997,1622.5738056497203,336,19,0
997,1541.9857686524078,281,11,0
997,1786.936636242857,524,23,0
997,1672.1965517531671,1351,34,1
997,1635.6537721882246,1020,52,0
997,1542.140325866686,1229,97,0
997,1637.865401366805,724,71,0
997,1820.178028414462,144,49,0
997,1684.320230247497,997,43,0
997,1602.6122585361632,301,27,0
997,1626.4716877568019,276,92,0
998,15.1062293702146,1189,86,0
998,15.399519907068196,993,20,0
998,15.599893456736599,1086,2,0
998,15.968050520473044,1010,60,0
998,16.227820785060562,419,62,1
998,16.5562030021666,1412,50,0
998,16.580227914320332,407,28,0
998,16.709290048884075,258,10,0
998,16.979044946074772,158,49,0
998,17.733167624698055,1304,82,0
998,17.527137837616813,1272,8,1
998,17.513454863696705,682,23,0
998,18.301329428255368,887,8,0
998,18.268833768771515,1431,58,0
998,18.70104129681455,248,7,0
998,18.557050580121803,934,4,0
998,18.97595466509848,879,46,0
998,19.169041253878326,905,6,0
998,19.717594941630736,1185,36,1
998,19.260312092439747,536,93,0
998,19.986243717474544,1062,75,0
998,20.66163133864661,1260,89,0
998,21.359531601710646,1291,10,0
998,19.7243133182327,1217,23,0
998,21.91992378325442,104,89,0
998,20.78791562924462,316,47,0
998,20.964570542839507,831,98,1
998,20.556063604775648,480,6,0
998,22.016435120277606,526,44,0
998,21.62437764642516,166,87,0
998,21.07283307801405,233,12,0
998,23.08284643195344,341,3,0
998,24.255827726971532,1169,12,0
998,24.86671129539053,916,44,0
998,23.765387286425202,1171,78,0
998,25.38371649779419,1381,68,0
998,24.39894008941075,844,80,0
998,24.112528848387463,267,50,0
998,23.551485871248435,432,86,0
998,25.98312463458749,869,88,0
998,25.087091097547358,173,32,0
998,25.420283819435646,1122,38,0
998,25.971781786522072,390,41,0
998,27.57655403203573,1210,26,0
998,27.77156867226676,491,39,0
998,28.232897592128076,483,95,0
999,388.31580857647117,18,14,0
999,399.653161813795,1292,15,0
999,411.16472089261714,231,48,0
999,427.28667104804447,541,31,0
999,440.42699453469476,39,92,0
999,452.1836170198541,508,22,0
999,454.61866097996716,341,41,0
999,454.6661340701231,1310,76,0
999,495.7579263525866,559,96,0
999,500.82358541188705,201,58,0
999,511.67161274144024,1154,32,0
999,535.9078827634459,902,10,0
999,518.1340231638248,269,3,0
999,518.1631119506192,7,70,0
999,541.9226098897321,496,66,0
999,572.6448189378599,542,30,0
999,600.7554386476916,1,95,0
999,567.78119099683,1311,20,0
999,560.4348706615034,459,98,0
999,631.274929060246,579,86,0
999,655.9369992303218,853,59,0
999,642.835335946928,955,52,0
999,609.831937890893,709,11,0
999,661.0213601346413,1364,74,0
999,692.7618308473502,1039,41,0
999,651.38719726997,644,21,0
999,667.6994485299413,1094,95,0
999,710.1776445234818,753,90,0
999,673.7395522472132,382,80,0
999,739.1040370251771,114,20,0
999,792.6839856669487,1110,7,0
999,777.3117798450852,848,70,0
999,773.3636744351385,1062,31,0
999,735.2330988741804,328,75,0
999,780.8470875444006,1420,74,0
999,829.4246110778753,489,77,0
999,842.5289696940001,296,81,1
999,729.0873139709419,1113,34,0
999,826.132867768496,921,48,0
999,896.7947742904522,435,47,0
999,867.0273169741167,429,12,0
999,757.9186821722662,1364,24,0
999,877.2195577238634,1174,67,0
999,917.3149786924394,344,10,0
999,922.1775604011277,16,67,0
999,802.4918207509572,165,65,0
1000,290.4391327214991,689,32,0
1000,303.428660203855,1030,77,0
1000,317.82671980404757,338,14,0
1000,345.5983669780604,1421,84,0
1000,355.27883489278963,865,98,0
1000,370.1854934944613,1000,41,0
1000,395.2452521987594,265,86,0
1000,392.46091216226864,784,73,0
1000,417.2518907785414,606,94,0
1000,428.3273961888949,192,50,0
1000,445.19303677387427,169,76,0
1000,449.60917195683146,548,20,0
1000,443.5826588095932,291,100,0
1000,522.97670841335,701,25,0
1000,547.2963331681226,815,63,0
1000,548.8457718626398,425,77,0
1000,540.3044480808081,717,56,0
1000,559.4827822125912,1399,92,0
1000,604.2326627116536,182,53,0
